﻿<?xml version="1.0" encoding="utf-8"?>
<PARAMDEF XmlVersion="3">
  <ParamType>AI_ANIM_TBL_PARAM</ParamType>
  <DataVersion>1</DataVersion>
  <BigEndian>False</BigEndian>
  <Unicode>True</Unicode>
  <FormatVersion>203</FormatVersion>
  <Fields>
    <Field Def="u16 atk0_EzStateId">
      <DisplayName>攻撃1のEzStateアニメ番号</DisplayName>
      <Description>攻撃1のEzStateアニメ番号</Description>
      <SortID>100</SortID>
    </Field>
    <Field Def="u16 atk1_EzStateId">
      <DisplayName>攻撃2のEzStateアニメ番号</DisplayName>
      <Description>攻撃2のEzStateアニメ番号</Description>
      <SortID>600</SortID>
    </Field>
    <Field Def="u16 atk2_EzStateId">
      <DisplayName>攻撃3のEzStateアニメ番号</DisplayName>
      <Description>攻撃3のEzStateアニメ番号</Description>
      <SortID>1100</SortID>
    </Field>
    <Field Def="u16 atk3_EzStateId">
      <DisplayName>攻撃4のEzStateアニメ番号</DisplayName>
      <Description>攻撃4のEzStateアニメ番号</Description>
      <SortID>1600</SortID>
    </Field>
    <Field Def="u16 atk4_EzStateId">
      <DisplayName>攻撃5のEzStateアニメ番号</DisplayName>
      <Description>攻撃5のEzStateアニメ番号</Description>
      <SortID>2100</SortID>
    </Field>
    <Field Def="u16 atk5_EzStateId">
      <DisplayName>攻撃6のEzStateアニメ番号</DisplayName>
      <Description>攻撃6のEzStateアニメ番号</Description>
      <SortID>2600</SortID>
    </Field>
    <Field Def="u16 atk6_EzStateId">
      <DisplayName>攻撃7のEzStateアニメ番号</DisplayName>
      <Description>攻撃7のEzStateアニメ番号</Description>
      <SortID>3100</SortID>
    </Field>
    <Field Def="u16 atk7_EzStateId">
      <DisplayName>攻撃8のEzStateアニメ番号</DisplayName>
      <Description>攻撃8のEzStateアニメ番号</Description>
      <SortID>3600</SortID>
    </Field>
    <Field Def="u16 atk8_EzStateId">
      <DisplayName>攻撃9のEzStateアニメ番号</DisplayName>
      <Description>攻撃9のEzStateアニメ番号</Description>
      <SortID>4100</SortID>
    </Field>
    <Field Def="u16 atk9_EzStateId">
      <DisplayName>攻撃10のEzStateアニメ番号</DisplayName>
      <Description>攻撃10のEzStateアニメ番号</Description>
      <SortID>4600</SortID>
    </Field>
    <Field Def="u16 atk10_EzStateId">
      <DisplayName>攻撃11のEzStateアニメ番号</DisplayName>
      <Description>攻撃11のEzStateアニメ番号</Description>
      <SortID>5100</SortID>
    </Field>
    <Field Def="u16 atk11_EzStateId">
      <DisplayName>攻撃12のEzStateアニメ番号</DisplayName>
      <Description>攻撃12のEzStateアニメ番号</Description>
      <SortID>5600</SortID>
    </Field>
    <Field Def="u16 atk12_EzStateId">
      <DisplayName>攻撃13のEzStateアニメ番号</DisplayName>
      <Description>攻撃13のEzStateアニメ番号</Description>
      <SortID>6100</SortID>
    </Field>
    <Field Def="u16 atk13_EzStateId">
      <DisplayName>攻撃14のEzStateアニメ番号</DisplayName>
      <Description>攻撃14のEzStateアニメ番号</Description>
      <SortID>6600</SortID>
    </Field>
    <Field Def="u16 atk14_EzStateId">
      <DisplayName>攻撃15のEzStateアニメ番号</DisplayName>
      <Description>攻撃15のEzStateアニメ番号</Description>
      <SortID>7100</SortID>
    </Field>
    <Field Def="u16 atk15_EzStateId">
      <DisplayName>攻撃16のEzStateアニメ番号</DisplayName>
      <Description>攻撃16のEzStateアニメ番号</Description>
      <SortID>7600</SortID>
    </Field>
    <Field Def="u16 atk16_EzStateId">
      <DisplayName>攻撃17のEzStateアニメ番号</DisplayName>
      <Description>攻撃17のEzStateアニメ番号</Description>
      <SortID>8100</SortID>
    </Field>
    <Field Def="u16 atk17_EzStateId">
      <DisplayName>攻撃18のEzStateアニメ番号</DisplayName>
      <Description>攻撃18のEzStateアニメ番号</Description>
      <SortID>8600</SortID>
    </Field>
    <Field Def="u16 atk18_EzStateId">
      <DisplayName>攻撃19のEzStateアニメ番号</DisplayName>
      <Description>攻撃19のEzStateアニメ番号</Description>
      <SortID>9100</SortID>
    </Field>
    <Field Def="u16 atk19_EzStateId">
      <DisplayName>攻撃20のEzStateアニメ番号</DisplayName>
      <Description>攻撃20のEzStateアニメ番号</Description>
      <SortID>9600</SortID>
    </Field>
    <Field Def="u16 atk20_EzStateId">
      <DisplayName>攻撃21のEzStateアニメ番号</DisplayName>
      <Description>攻撃21のEzStateアニメ番号</Description>
      <SortID>10100</SortID>
    </Field>
    <Field Def="u16 atk21_EzStateId">
      <DisplayName>攻撃22のEzStateアニメ番号</DisplayName>
      <Description>攻撃22のEzStateアニメ番号</Description>
      <SortID>10600</SortID>
    </Field>
    <Field Def="u16 atk22_EzStateId">
      <DisplayName>攻撃23のEzStateアニメ番号</DisplayName>
      <Description>攻撃23のEzStateアニメ番号</Description>
      <SortID>11100</SortID>
    </Field>
    <Field Def="u16 atk23_EzStateId">
      <DisplayName>攻撃24のEzStateアニメ番号</DisplayName>
      <Description>攻撃24のEzStateアニメ番号</Description>
      <SortID>11600</SortID>
    </Field>
    <Field Def="u16 atk24_EzStateId">
      <DisplayName>攻撃25のEzStateアニメ番号</DisplayName>
      <Description>攻撃25のEzStateアニメ番号</Description>
      <SortID>12100</SortID>
    </Field>
    <Field Def="u16 atk25_EzStateId">
      <DisplayName>攻撃26のEzStateアニメ番号</DisplayName>
      <Description>攻撃26のEzStateアニメ番号</Description>
      <SortID>12600</SortID>
    </Field>
    <Field Def="u16 atk26_EzStateId">
      <DisplayName>攻撃27のEzStateアニメ番号</DisplayName>
      <Description>攻撃27のEzStateアニメ番号</Description>
      <SortID>13100</SortID>
    </Field>
    <Field Def="u16 atk27_EzStateId">
      <DisplayName>攻撃28のEzStateアニメ番号</DisplayName>
      <Description>攻撃28のEzStateアニメ番号</Description>
      <SortID>13600</SortID>
    </Field>
    <Field Def="u16 atk28_EzStateId">
      <DisplayName>攻撃29のEzStateアニメ番号</DisplayName>
      <Description>攻撃29のEzStateアニメ番号</Description>
      <SortID>14100</SortID>
    </Field>
    <Field Def="u16 atk29_EzStateId">
      <DisplayName>攻撃30のEzStateアニメ番号</DisplayName>
      <Description>攻撃30のEzStateアニメ番号</Description>
      <SortID>14600</SortID>
    </Field>
    <Field Def="u16 atk0_MinDist">
      <DisplayName>攻撃1の最小間合距離[cm]</DisplayName>
      <Description>攻撃1の最小間合距離[cm]</Description>
      <SortID>200</SortID>
    </Field>
    <Field Def="u16 atk1_MinDist">
      <DisplayName>攻撃2の最小間合距離[cm]</DisplayName>
      <Description>攻撃2の最小間合距離[cm]</Description>
      <SortID>700</SortID>
    </Field>
    <Field Def="u16 atk2_MinDist">
      <DisplayName>攻撃3の最小間合距離[cm]</DisplayName>
      <Description>攻撃3の最小間合距離[cm]</Description>
      <SortID>1200</SortID>
    </Field>
    <Field Def="u16 atk3_MinDist">
      <DisplayName>攻撃4の最小間合距離[cm]</DisplayName>
      <Description>攻撃4の最小間合距離[cm]</Description>
      <SortID>1700</SortID>
    </Field>
    <Field Def="u16 atk4_MinDist">
      <DisplayName>攻撃5の最小間合距離[cm]</DisplayName>
      <Description>攻撃5の最小間合距離[cm]</Description>
      <SortID>2200</SortID>
    </Field>
    <Field Def="u16 atk5_MinDist">
      <DisplayName>攻撃6の最小間合距離[cm]</DisplayName>
      <Description>攻撃6の最小間合距離[cm]</Description>
      <SortID>2700</SortID>
    </Field>
    <Field Def="u16 atk6_MinDist">
      <DisplayName>攻撃7の最小間合距離[cm]</DisplayName>
      <Description>攻撃7の最小間合距離[cm]</Description>
      <SortID>3200</SortID>
    </Field>
    <Field Def="u16 atk7_MinDist">
      <DisplayName>攻撃8の最小間合距離[cm]</DisplayName>
      <Description>攻撃8の最小間合距離[cm]</Description>
      <SortID>3700</SortID>
    </Field>
    <Field Def="u16 atk8_MinDist">
      <DisplayName>攻撃9の最小間合距離[cm]</DisplayName>
      <Description>攻撃9の最小間合距離[cm]</Description>
      <SortID>4200</SortID>
    </Field>
    <Field Def="u16 atk9_MinDist">
      <DisplayName>攻撃10の最小間合距離[cm]</DisplayName>
      <Description>攻撃10の最小間合距離[cm]</Description>
      <SortID>4700</SortID>
    </Field>
    <Field Def="u16 atk10_MinDist">
      <DisplayName>攻撃11の最小間合距離[cm]</DisplayName>
      <Description>攻撃11の最小間合距離[cm]</Description>
      <SortID>5200</SortID>
    </Field>
    <Field Def="u16 atk11_MinDist">
      <DisplayName>攻撃12の最小間合距離[cm]</DisplayName>
      <Description>攻撃12の最小間合距離[cm]</Description>
      <SortID>5700</SortID>
    </Field>
    <Field Def="u16 atk12_MinDist">
      <DisplayName>攻撃13の最小間合距離[cm]</DisplayName>
      <Description>攻撃13の最小間合距離[cm]</Description>
      <SortID>6200</SortID>
    </Field>
    <Field Def="u16 atk13_MinDist">
      <DisplayName>攻撃14の最小間合距離[cm]</DisplayName>
      <Description>攻撃14の最小間合距離[cm]</Description>
      <SortID>6700</SortID>
    </Field>
    <Field Def="u16 atk14_MinDist">
      <DisplayName>攻撃15の最小間合距離[cm]</DisplayName>
      <Description>攻撃15の最小間合距離[cm]</Description>
      <SortID>7200</SortID>
    </Field>
    <Field Def="u16 atk15_MinDist">
      <DisplayName>攻撃16の最小間合距離[cm]</DisplayName>
      <Description>攻撃16の最小間合距離[cm]</Description>
      <SortID>7700</SortID>
    </Field>
    <Field Def="u16 atk16_MinDist">
      <DisplayName>攻撃17の最小間合距離[cm]</DisplayName>
      <Description>攻撃17の最小間合距離[cm]</Description>
      <SortID>8200</SortID>
    </Field>
    <Field Def="u16 atk17_MinDist">
      <DisplayName>攻撃18の最小間合距離[cm]</DisplayName>
      <Description>攻撃18の最小間合距離[cm]</Description>
      <SortID>8700</SortID>
    </Field>
    <Field Def="u16 atk18_MinDist">
      <DisplayName>攻撃19の最小間合距離[cm]</DisplayName>
      <Description>攻撃19の最小間合距離[cm]</Description>
      <SortID>9200</SortID>
    </Field>
    <Field Def="u16 atk19_MinDist">
      <DisplayName>攻撃20の最小間合距離[cm]</DisplayName>
      <Description>攻撃20の最小間合距離[cm]</Description>
      <SortID>9700</SortID>
    </Field>
    <Field Def="u16 atk20_MinDist">
      <DisplayName>攻撃21の最小間合距離[cm]</DisplayName>
      <Description>攻撃21の最小間合距離[cm]</Description>
      <SortID>10200</SortID>
    </Field>
    <Field Def="u16 atk21_MinDist">
      <DisplayName>攻撃22の最小間合距離[cm]</DisplayName>
      <Description>攻撃22の最小間合距離[cm]</Description>
      <SortID>10700</SortID>
    </Field>
    <Field Def="u16 atk22_MinDist">
      <DisplayName>攻撃23の最小間合距離[cm]</DisplayName>
      <Description>攻撃23の最小間合距離[cm]</Description>
      <SortID>11200</SortID>
    </Field>
    <Field Def="u16 atk23_MinDist">
      <DisplayName>攻撃24の最小間合距離[cm]</DisplayName>
      <Description>攻撃24の最小間合距離[cm]</Description>
      <SortID>11700</SortID>
    </Field>
    <Field Def="u16 atk24_MinDist">
      <DisplayName>攻撃25の最小間合距離[cm]</DisplayName>
      <Description>攻撃25の最小間合距離[cm]</Description>
      <SortID>12200</SortID>
    </Field>
    <Field Def="u16 atk25_MinDist">
      <DisplayName>攻撃26の最小間合距離[cm]</DisplayName>
      <Description>攻撃26の最小間合距離[cm]</Description>
      <SortID>12700</SortID>
    </Field>
    <Field Def="u16 atk26_MinDist">
      <DisplayName>攻撃27の最小間合距離[cm]</DisplayName>
      <Description>攻撃27の最小間合距離[cm]</Description>
      <SortID>13200</SortID>
    </Field>
    <Field Def="u16 atk27_MinDist">
      <DisplayName>攻撃28の最小間合距離[cm]</DisplayName>
      <Description>攻撃28の最小間合距離[cm]</Description>
      <SortID>13700</SortID>
    </Field>
    <Field Def="u16 atk28_MinDist">
      <DisplayName>攻撃29の最小間合距離[cm]</DisplayName>
      <Description>攻撃29の最小間合距離[cm]</Description>
      <SortID>14200</SortID>
    </Field>
    <Field Def="u16 atk29_MinDist">
      <DisplayName>攻撃30の最小間合距離[cm]</DisplayName>
      <Description>攻撃30の最小間合距離[cm]</Description>
      <SortID>14700</SortID>
    </Field>
    <Field Def="u16 atk0_MaxDist">
      <DisplayName>攻撃1の最大間合い距離[cm]</DisplayName>
      <Description>攻撃1の最大間合い距離[cm]</Description>
      <SortID>300</SortID>
    </Field>
    <Field Def="u16 atk1_MaxDist">
      <DisplayName>攻撃2の最大間合距離[cm]</DisplayName>
      <Description>攻撃2の最大間合距離[cm]</Description>
      <SortID>800</SortID>
    </Field>
    <Field Def="u16 atk2_MaxDist">
      <DisplayName>攻撃3の最大間合距離[cm]</DisplayName>
      <Description>攻撃3の最大間合距離[cm]</Description>
      <SortID>1300</SortID>
    </Field>
    <Field Def="u16 atk3_MaxDist">
      <DisplayName>攻撃4の最大間合距離[cm]</DisplayName>
      <Description>攻撃4の最大間合距離[cm]</Description>
      <SortID>1800</SortID>
    </Field>
    <Field Def="u16 atk4_MaxDist">
      <DisplayName>攻撃5の最大間合距離[cm]</DisplayName>
      <Description>攻撃5の最大間合距離[cm]</Description>
      <SortID>2300</SortID>
    </Field>
    <Field Def="u16 atk5_MaxDist">
      <DisplayName>攻撃6の最大間合距離[cm]</DisplayName>
      <Description>攻撃6の最大間合距離[cm]</Description>
      <SortID>2800</SortID>
    </Field>
    <Field Def="u16 atk6_MaxDist">
      <DisplayName>攻撃7の最大間合距離[cm]</DisplayName>
      <Description>攻撃7の最大間合距離[cm]</Description>
      <SortID>3300</SortID>
    </Field>
    <Field Def="u16 atk7_MaxDist">
      <DisplayName>攻撃8の最大間合距離[cm]</DisplayName>
      <Description>攻撃8の最大間合距離[cm]</Description>
      <SortID>3800</SortID>
    </Field>
    <Field Def="u16 atk8_MaxDist">
      <DisplayName>攻撃9の最大間合距離[cm]</DisplayName>
      <Description>攻撃9の最大間合距離[cm]</Description>
      <SortID>4300</SortID>
    </Field>
    <Field Def="u16 atk9_MaxDist">
      <DisplayName>攻撃10の最大間合距離[cm]</DisplayName>
      <Description>攻撃10の最大間合距離[cm]</Description>
      <SortID>4800</SortID>
    </Field>
    <Field Def="u16 atk10_MaxDist">
      <DisplayName>攻撃11の最大間合距離[cm]</DisplayName>
      <Description>攻撃11の最大間合距離[cm]</Description>
      <SortID>5300</SortID>
    </Field>
    <Field Def="u16 atk11_MaxDist">
      <DisplayName>攻撃12の最大間合距離[cm]</DisplayName>
      <Description>攻撃12の最大間合距離[cm]</Description>
      <SortID>5800</SortID>
    </Field>
    <Field Def="u16 atk12_MaxDist">
      <DisplayName>攻撃13の最大間合距離[cm]</DisplayName>
      <Description>攻撃13の最大間合距離[cm]</Description>
      <SortID>6300</SortID>
    </Field>
    <Field Def="u16 atk13_MaxDist">
      <DisplayName>攻撃14の最大間合距離[cm]</DisplayName>
      <Description>攻撃14の最大間合距離[cm]</Description>
      <SortID>6800</SortID>
    </Field>
    <Field Def="u16 atk14_MaxDist">
      <DisplayName>攻撃15の最大間合距離[cm]</DisplayName>
      <Description>攻撃15の最大間合距離[cm]</Description>
      <SortID>7300</SortID>
    </Field>
    <Field Def="u16 atk15_MaxDist">
      <DisplayName>攻撃16の最大間合距離[cm]</DisplayName>
      <Description>攻撃16の最大間合距離[cm]</Description>
      <SortID>7800</SortID>
    </Field>
    <Field Def="u16 atk16_MaxDist">
      <DisplayName>攻撃17の最大間合距離[cm]</DisplayName>
      <Description>攻撃17の最大間合距離[cm]</Description>
      <SortID>8300</SortID>
    </Field>
    <Field Def="u16 atk17_MaxDist">
      <DisplayName>攻撃18の最大間合距離[cm]</DisplayName>
      <Description>攻撃18の最大間合距離[cm]</Description>
      <SortID>8800</SortID>
    </Field>
    <Field Def="u16 atk18_MaxDist">
      <DisplayName>攻撃19の最大間合距離[cm]</DisplayName>
      <Description>攻撃19の最大間合距離[cm]</Description>
      <SortID>9300</SortID>
    </Field>
    <Field Def="u16 atk19_MaxDist">
      <DisplayName>攻撃20の最大間合距離[cm]</DisplayName>
      <Description>攻撃20の最大間合距離[cm]</Description>
      <SortID>9800</SortID>
    </Field>
    <Field Def="u16 atk20_MaxDist">
      <DisplayName>攻撃21の最大間合距離[cm]</DisplayName>
      <Description>攻撃21の最大間合距離[cm]</Description>
      <SortID>10300</SortID>
    </Field>
    <Field Def="u16 atk21_MaxDist">
      <DisplayName>攻撃22の最大間合距離[cm]</DisplayName>
      <Description>攻撃22の最大間合距離[cm]</Description>
      <SortID>10800</SortID>
    </Field>
    <Field Def="u16 atk22_MaxDist">
      <DisplayName>攻撃23の最大間合距離[cm]</DisplayName>
      <Description>攻撃23の最大間合距離[cm]</Description>
      <SortID>11300</SortID>
    </Field>
    <Field Def="u16 atk23_MaxDist">
      <DisplayName>攻撃24の最大間合距離[cm]</DisplayName>
      <Description>攻撃24の最大間合距離[cm]</Description>
      <SortID>11800</SortID>
    </Field>
    <Field Def="u16 atk24_MaxDist">
      <DisplayName>攻撃25の最大間合距離[cm]</DisplayName>
      <Description>攻撃25の最大間合距離[cm]</Description>
      <SortID>12300</SortID>
    </Field>
    <Field Def="u16 atk25_MaxDist">
      <DisplayName>攻撃26の最大間合距離[cm]</DisplayName>
      <Description>攻撃26の最大間合距離[cm]</Description>
      <SortID>12800</SortID>
    </Field>
    <Field Def="u16 atk26_MaxDist">
      <DisplayName>攻撃27の最大間合距離[cm]</DisplayName>
      <Description>攻撃27の最大間合距離[cm]</Description>
      <SortID>13300</SortID>
    </Field>
    <Field Def="u16 atk27_MaxDist">
      <DisplayName>攻撃28の最大間合距離[cm]</DisplayName>
      <Description>攻撃28の最大間合距離[cm]</Description>
      <SortID>13800</SortID>
    </Field>
    <Field Def="u16 atk28_MaxDist">
      <DisplayName>攻撃29の最大間合距離[cm]</DisplayName>
      <Description>攻撃29の最大間合距離[cm]</Description>
      <SortID>14300</SortID>
    </Field>
    <Field Def="u16 atk29_MaxDist">
      <DisplayName>攻撃30の最大間合距離[cm]</DisplayName>
      <Description>攻撃30の最大間合距離[cm]</Description>
      <SortID>14800</SortID>
    </Field>
    <Field Def="u8 atk0_AtkDistType:4">
      <DisplayName>攻撃1の攻撃成功距離タイプ</DisplayName>
      <Enum>AI_ATK_DIST_TYPE</Enum>
      <Description>攻撃1の攻撃成功距離タイプ</Description>
      <Maximum>4</Maximum>
      <SortID>400</SortID>
    </Field>
    <Field Def="u8 atk1_AtkDistType:4">
      <DisplayName>攻撃2の攻撃成功距離タイプ</DisplayName>
      <Enum>AI_ATK_DIST_TYPE</Enum>
      <Description>攻撃2の攻撃成功距離タイプ</Description>
      <Maximum>4</Maximum>
      <SortID>900</SortID>
    </Field>
    <Field Def="u8 atk2_AtkDistType:4">
      <DisplayName>攻撃3の攻撃成功距離タイプ</DisplayName>
      <Enum>AI_ATK_DIST_TYPE</Enum>
      <Description>攻撃3の攻撃成功距離タイプ</Description>
      <Maximum>4</Maximum>
      <SortID>1400</SortID>
    </Field>
    <Field Def="u8 atk3_AtkDistType:4">
      <DisplayName>攻撃4の攻撃成功距離タイプ</DisplayName>
      <Enum>AI_ATK_DIST_TYPE</Enum>
      <Description>攻撃4の攻撃成功距離タイプ</Description>
      <Maximum>4</Maximum>
      <SortID>1900</SortID>
    </Field>
    <Field Def="u8 atk4_AtkDistType:4">
      <DisplayName>攻撃5の攻撃成功距離タイプ</DisplayName>
      <Enum>AI_ATK_DIST_TYPE</Enum>
      <Description>攻撃5の攻撃成功距離タイプ</Description>
      <Maximum>4</Maximum>
      <SortID>2400</SortID>
    </Field>
    <Field Def="u8 atk5_AtkDistType:4">
      <DisplayName>攻撃6の攻撃成功距離タイプ</DisplayName>
      <Enum>AI_ATK_DIST_TYPE</Enum>
      <Description>攻撃6の攻撃成功距離タイプ</Description>
      <Maximum>4</Maximum>
      <SortID>2900</SortID>
    </Field>
    <Field Def="u8 atk6_AtkDistType:4">
      <DisplayName>攻撃7の攻撃成功距離タイプ</DisplayName>
      <Enum>AI_ATK_DIST_TYPE</Enum>
      <Description>攻撃7の攻撃成功距離タイプ</Description>
      <Maximum>4</Maximum>
      <SortID>3400</SortID>
    </Field>
    <Field Def="u8 atk7_AtkDistType:4">
      <DisplayName>攻撃8の攻撃成功距離タイプ</DisplayName>
      <Enum>AI_ATK_DIST_TYPE</Enum>
      <Description>攻撃8の攻撃成功距離タイプ</Description>
      <Maximum>4</Maximum>
      <SortID>3900</SortID>
    </Field>
    <Field Def="u8 atk8_AtkDistType:4">
      <DisplayName>攻撃9の攻撃成功距離タイプ</DisplayName>
      <Enum>AI_ATK_DIST_TYPE</Enum>
      <Description>攻撃9の攻撃成功距離タイプ</Description>
      <Maximum>4</Maximum>
      <SortID>4400</SortID>
    </Field>
    <Field Def="u8 atk9_AtkDistType:4">
      <DisplayName>攻撃10の攻撃成功距離タイプ</DisplayName>
      <Enum>AI_ATK_DIST_TYPE</Enum>
      <Description>攻撃10の攻撃成功距離タイプ</Description>
      <Maximum>4</Maximum>
      <SortID>4900</SortID>
    </Field>
    <Field Def="u8 atk10_AtkDistType:4">
      <DisplayName>攻撃11の攻撃成功距離タイプ</DisplayName>
      <Enum>AI_ATK_DIST_TYPE</Enum>
      <Description>攻撃11の攻撃成功距離タイプ</Description>
      <Maximum>4</Maximum>
      <SortID>5400</SortID>
    </Field>
    <Field Def="u8 atk11_AtkDistType:4">
      <DisplayName>攻撃12の攻撃成功距離タイプ</DisplayName>
      <Enum>AI_ATK_DIST_TYPE</Enum>
      <Description>攻撃12の攻撃成功距離タイプ</Description>
      <Maximum>4</Maximum>
      <SortID>5900</SortID>
    </Field>
    <Field Def="u8 atk12_AtkDistType:4">
      <DisplayName>攻撃13の攻撃成功距離タイプ</DisplayName>
      <Enum>AI_ATK_DIST_TYPE</Enum>
      <Description>攻撃13の攻撃成功距離タイプ</Description>
      <Maximum>4</Maximum>
      <SortID>6400</SortID>
    </Field>
    <Field Def="u8 atk13_AtkDistType:4">
      <DisplayName>攻撃14の攻撃成功距離タイプ</DisplayName>
      <Enum>AI_ATK_DIST_TYPE</Enum>
      <Description>攻撃14の攻撃成功距離タイプ</Description>
      <Maximum>4</Maximum>
      <SortID>6900</SortID>
    </Field>
    <Field Def="u8 atk14_AtkDistType:4">
      <DisplayName>攻撃15の攻撃成功距離タイプ</DisplayName>
      <Enum>AI_ATK_DIST_TYPE</Enum>
      <Description>攻撃15の攻撃成功距離タイプ</Description>
      <Maximum>4</Maximum>
      <SortID>7400</SortID>
    </Field>
    <Field Def="u8 atk15_AtkDistType:4">
      <DisplayName>攻撃16の攻撃成功距離タイプ</DisplayName>
      <Enum>AI_ATK_DIST_TYPE</Enum>
      <Description>攻撃16の攻撃成功距離タイプ</Description>
      <Maximum>4</Maximum>
      <SortID>7900</SortID>
    </Field>
    <Field Def="u8 atk16_AtkDistType:4">
      <DisplayName>攻撃17の攻撃成功距離タイプ</DisplayName>
      <Enum>AI_ATK_DIST_TYPE</Enum>
      <Description>攻撃17の攻撃成功距離タイプ</Description>
      <Maximum>4</Maximum>
      <SortID>8400</SortID>
    </Field>
    <Field Def="u8 atk17_AtkDistType:4">
      <DisplayName>攻撃18の攻撃成功距離タイプ</DisplayName>
      <Enum>AI_ATK_DIST_TYPE</Enum>
      <Description>攻撃18の攻撃成功距離タイプ</Description>
      <Maximum>4</Maximum>
      <SortID>8900</SortID>
    </Field>
    <Field Def="u8 atk18_AtkDistType:4">
      <DisplayName>攻撃19の攻撃成功距離タイプ</DisplayName>
      <Enum>AI_ATK_DIST_TYPE</Enum>
      <Description>攻撃19の攻撃成功距離タイプ</Description>
      <Maximum>4</Maximum>
      <SortID>9400</SortID>
    </Field>
    <Field Def="u8 atk19_AtkDistType:4">
      <DisplayName>攻撃20の攻撃成功距離タイプ</DisplayName>
      <Enum>AI_ATK_DIST_TYPE</Enum>
      <Description>攻撃20の攻撃成功距離タイプ</Description>
      <Maximum>4</Maximum>
      <SortID>9900</SortID>
    </Field>
    <Field Def="u8 atk20_AtkDistType:4">
      <DisplayName>攻撃21の攻撃成功距離タイプ</DisplayName>
      <Enum>AI_ATK_DIST_TYPE</Enum>
      <Description>攻撃21の攻撃成功距離タイプ</Description>
      <Maximum>4</Maximum>
      <SortID>10400</SortID>
    </Field>
    <Field Def="u8 atk21_AtkDistType:4">
      <DisplayName>攻撃22の攻撃成功距離タイプ</DisplayName>
      <Enum>AI_ATK_DIST_TYPE</Enum>
      <Description>攻撃22の攻撃成功距離タイプ</Description>
      <Maximum>4</Maximum>
      <SortID>10900</SortID>
    </Field>
    <Field Def="u8 atk22_AtkDistType:4">
      <DisplayName>攻撃23の攻撃成功距離タイプ</DisplayName>
      <Enum>AI_ATK_DIST_TYPE</Enum>
      <Description>攻撃23の攻撃成功距離タイプ</Description>
      <Maximum>4</Maximum>
      <SortID>11400</SortID>
    </Field>
    <Field Def="u8 atk23_AtkDistType:4">
      <DisplayName>攻撃24の攻撃成功距離タイプ</DisplayName>
      <Enum>AI_ATK_DIST_TYPE</Enum>
      <Description>攻撃24の攻撃成功距離タイプ</Description>
      <Maximum>4</Maximum>
      <SortID>11900</SortID>
    </Field>
    <Field Def="u8 atk24_AtkDistType:4">
      <DisplayName>攻撃25の攻撃成功距離タイプ</DisplayName>
      <Enum>AI_ATK_DIST_TYPE</Enum>
      <Description>攻撃25の攻撃成功距離タイプ</Description>
      <Maximum>4</Maximum>
      <SortID>12400</SortID>
    </Field>
    <Field Def="u8 atk25_AtkDistType:4">
      <DisplayName>攻撃26の攻撃成功距離タイプ</DisplayName>
      <Enum>AI_ATK_DIST_TYPE</Enum>
      <Description>攻撃26の攻撃成功距離タイプ</Description>
      <Maximum>4</Maximum>
      <SortID>12900</SortID>
    </Field>
    <Field Def="u8 atk26_AtkDistType:4">
      <DisplayName>攻撃27の攻撃成功距離タイプ</DisplayName>
      <Enum>AI_ATK_DIST_TYPE</Enum>
      <Description>攻撃27の攻撃成功距離タイプ</Description>
      <Maximum>4</Maximum>
      <SortID>13400</SortID>
    </Field>
    <Field Def="u8 atk27_AtkDistType:4">
      <DisplayName>攻撃28の攻撃成功距離タイプ</DisplayName>
      <Enum>AI_ATK_DIST_TYPE</Enum>
      <Description>攻撃28の攻撃成功距離タイプ</Description>
      <Maximum>4</Maximum>
      <SortID>13900</SortID>
    </Field>
    <Field Def="u8 atk28_AtkDistType:4">
      <DisplayName>攻撃29の攻撃成功距離タイプ</DisplayName>
      <Enum>AI_ATK_DIST_TYPE</Enum>
      <Description>攻撃29の攻撃成功距離タイプ</Description>
      <Maximum>4</Maximum>
      <SortID>14400</SortID>
    </Field>
    <Field Def="u8 atk29_AtkDistType:4">
      <DisplayName>攻撃30の攻撃成功距離タイプ</DisplayName>
      <Enum>AI_ATK_DIST_TYPE</Enum>
      <Description>攻撃30の攻撃成功距離タイプ</Description>
      <Maximum>4</Maximum>
      <SortID>14900</SortID>
    </Field>
    <Field Def="dummy8 pad0[13]">
      <DisplayName>pad</DisplayName>
      <Description>pad</Description>
      <SortID>14901</SortID>
    </Field>
  </Fields>
</PARAMDEF>