﻿<?xml version="1.0" encoding="utf-8"?>
<PARAMDEF XmlVersion="3">
  <ParamType>AI_SOUND_PARAM_ST</ParamType>
  <DataVersion>1</DataVersion>
  <BigEndian>False</BigEndian>
  <Unicode>True</Unicode>
  <FormatVersion>203</FormatVersion>
  <Fields>
    <Field Def="f32 radius">
      <DisplayName>音半径[m]</DisplayName>
      <Description>AI音の半径</Description>
      <Minimum>0</Minimum>
      <Maximum>65536</Maximum>
      <Increment>0.1</Increment>
      <SortID>200</SortID>
    </Field>
    <Field Def="f32 lifeFrame">
      <DisplayName>消滅時間[秒]</DisplayName>
      <Description>AI音が残る時間</Description>
      <Minimum>0</Minimum>
      <Maximum>9999</Maximum>
      <Increment>0.1</Increment>
      <SortID>300</SortID>
    </Field>
    <Field Def="u8 bSpEffectEnable">
      <DisplayName>特殊効果からの影響を受けるか</DisplayName>
      <Enum>ON_OFF</Enum>
      <Description>特殊効果の”音半径倍率”の影響を受けるかどうか</Description>
      <Maximum>1</Maximum>
      <SortID>400</SortID>
    </Field>
    <Field Def="u8 type">
      <DisplayName>種別</DisplayName>
      <Enum>AI_SOUND_RATE_TYPE</Enum>
      <Description>AI音の種別</Description>
      <SortID>100</SortID>
    </Field>
    <Field Def="u8 opposeTarget:1 = 1">
      <DisplayName>対象：●敵対</DisplayName>
      <Enum>AI_SOUND_BOOL</Enum>
      <Description>対象：●敵対</Description>
      <Maximum>1</Maximum>
      <SortID>500</SortID>
    </Field>
    <Field Def="u8 friendlyTarget:1">
      <DisplayName>対象：○味方</DisplayName>
      <Enum>AI_SOUND_BOOL</Enum>
      <Description>対象：○味方</Description>
      <Maximum>1</Maximum>
      <SortID>600</SortID>
    </Field>
    <Field Def="u8 selfTarget:1">
      <DisplayName>対象：自分</DisplayName>
      <Enum>AI_SOUND_BOOL</Enum>
      <Description>対象：自分</Description>
      <Maximum>1</Maximum>
      <SortID>700</SortID>
    </Field>
    <Field Def="u8 doSetSearchTarget:1">
      <DisplayName>索敵ターゲットを設定するか</DisplayName>
      <Enum>AI_SOUND_BOOL</Enum>
      <Description>索敵ターゲットを設定するか</Description>
      <Maximum>1</Maximum>
      <SortID>1000</SortID>
    </Field>
    <Field Def="dummy8 pad:4">
      <SortID>5002</SortID>
    </Field>
    <Field Def="u8 rank">
      <DisplayName>キャラの振る舞い</DisplayName>
      <Enum>AI_SOUND_RANK</Enum>
      <Description>キャラの振る舞い</Description>
      <Maximum>7</Maximum>
      <SortID>800</SortID>
    </Field>
    <Field Def="f32 forgetTime = 5">
      <DisplayName>音ターゲット忘れる時間[sec]</DisplayName>
      <Description>音ターゲット忘れる時間[sec]</Description>
      <Minimum>0</Minimum>
      <Maximum>999999</Maximum>
      <Increment>0.1</Increment>
      <SortID>350</SortID>
    </Field>
    <Field Def="s32 priority = 100">
      <DisplayName>AI音優先度</DisplayName>
      <Description>AI音優先度</Description>
      <Minimum>0</Minimum>
      <Maximum>999999</Maximum>
      <SortID>750</SortID>
    </Field>
    <Field Def="s32 soundBehaviorId = -1">
      <DisplayName>振る舞いID</DisplayName>
      <Description>振る舞いID</Description>
      <Minimum>-1</Minimum>
      <Maximum>999999</Maximum>
      <SortID>900</SortID>
    </Field>
    <Field Def="f32 searchPoint">
      <DisplayName>索敵度増加量[point]</DisplayName>
      <Description>AI音の可聴範囲内にいるキャラの索敵度増加量</Description>
      <DisplayFormat>%.1f</DisplayFormat>
      <Minimum>0</Minimum>
      <Maximum>100</Maximum>
      <Increment>0.1</Increment>
      <SortID>5000</SortID>
    </Field>
    <Field Def="f32 combatPoint">
      <DisplayName>交戦度増加量[point]</DisplayName>
      <Description>AI音の可聴範囲内にいるキャラの交戦度増加量</Description>
      <DisplayFormat>%.1f</DisplayFormat>
      <Minimum>0</Minimum>
      <Maximum>100</Maximum>
      <Increment>0.1</Increment>
      <SortID>5001</SortID>
    </Field>
  </Fields>
</PARAMDEF>