﻿<?xml version="1.0" encoding="utf-8"?>
<PARAMDEF XmlVersion="3">
  <ParamType>ARENA_PARAM_ST</ParamType>
  <DataVersion>1</DataVersion>
  <BigEndian>False</BigEndian>
  <Unicode>True</Unicode>
  <FormatVersion>203</FormatVersion>
  <Fields>
    <Field Def="s32 missionParamID">
      <DisplayName>ミッションパラ</DisplayName>
      <Description>ミッションパラのID</Description>
      <EditFlags>None</EditFlags>
      <Minimum>0</Minimum>
      <Maximum>999999999</Maximum>
      <SortID>3</SortID>
      <UnkC8>マップ</UnkC8>
    </Field>
    <Field Def="s8 category">
      <DisplayName>所属</DisplayName>
      <Enum>NPC_ARENA_CATEGORY</Enum>
      <Description>表示タブ</Description>
      <EditFlags>None</EditFlags>
      <Minimum>0</Minimum>
      <SortID>1</SortID>
      <UnkC8>メニュー</UnkC8>
    </Field>
    <Field Def="dummy8 reserved[3]">
      <DisplayName>予約</DisplayName>
      <Description>-----</Description>
      <DisplayFormat>%d</DisplayFormat>
      <SortID>202</SortID>
    </Field>
    <Field Def="u32 rewardTokenID">
      <DisplayName>パーツトークン</DisplayName>
      <Enum>PARTS_TOKEN_ID</Enum>
      <Description>報酬パーツトークンのID</Description>
      <EditFlags>None</EditFlags>
      <Maximum>999999999</Maximum>
      <SortID>199</SortID>
      <UnkC8>初回報酬</UnkC8>
    </Field>
    <Field Def="s32 rankTextID">
      <DisplayName>ランク</DisplayName>
      <Description>ランク表示用メニューテキストID</Description>
      <EditFlags>None</EditFlags>
      <Minimum>0</Minimum>
      <Maximum>999999999</Maximum>
      <SortID>2</SortID>
      <UnkC8>メニュー</UnkC8>
    </Field>
    <Field Def="s32 ranker_accountParamID">
      <DisplayName>アカウントパラ</DisplayName>
      <Enum>ACCOUNT_PARAM_ID</Enum>
      <Description>アカウントパラのID</Description>
      <EditFlags>None</EditFlags>
      <Minimum>0</Minimum>
      <Maximum>999999999</Maximum>
      <SortID>4</SortID>
      <UnkB8>ranker</UnkB8>
      <UnkC0>RANKER</UnkC0>
      <UnkC8>ランカー</UnkC8>
    </Field>
    <Field Def="s32 ranker_chrInitParamID">
      <DisplayName>アーキタイプパラ</DisplayName>
      <Description>アーキタイプパラのID</Description>
      <EditFlags>None</EditFlags>
      <Minimum>0</Minimum>
      <Maximum>999999999</Maximum>
      <SortID>5</SortID>
      <UnkB8>ranker</UnkB8>
      <UnkC0>RANKER</UnkC0>
      <UnkC8>ランカー</UnkC8>
    </Field>
    <Field Def="s32 ranker_npcParamID">
      <DisplayName>NPCパラ</DisplayName>
      <Description>NPCパラのID</Description>
      <EditFlags>None</EditFlags>
      <Minimum>0</Minimum>
      <Maximum>999999999</Maximum>
      <SortID>6</SortID>
      <UnkB8>ranker</UnkB8>
      <UnkC0>RANKER</UnkC0>
      <UnkC8>ランカー</UnkC8>
    </Field>
    <Field Def="s32 ranker_thinkParamID">
      <DisplayName>NPC思考パラ</DisplayName>
      <Description>NPC思考パラのID</Description>
      <EditFlags>None</EditFlags>
      <Minimum>0</Minimum>
      <Maximum>999999999</Maximum>
      <SortID>7</SortID>
      <UnkB8>ranker</UnkB8>
      <UnkC0>RANKER</UnkC0>
      <UnkC8>ランカー</UnkC8>
    </Field>
    <Field Def="u32 firstReward_cash">
      <DisplayName>報酬額</DisplayName>
      <Description>報酬金額</Description>
      <EditFlags>None</EditFlags>
      <Maximum>999999999</Maximum>
      <SortID>100</SortID>
      <UnkB8>firstReward</UnkB8>
      <UnkC0>REWARD</UnkC0>
      <UnkC8>初回報酬</UnkC8>
    </Field>
    <Field Def="u32 firstReward_osExp">
      <DisplayName>経験値</DisplayName>
      <Description>経験値</Description>
      <EditFlags>None</EditFlags>
      <Maximum>999999999</Maximum>
      <SortID>101</SortID>
      <UnkB8>firstReward</UnkB8>
      <UnkC0>REWARD</UnkC0>
      <UnkC8>初回報酬</UnkC8>
    </Field>
    <Field Def="dummy8 firstReward_reserved[8]">
      <DisplayName>予約</DisplayName>
      <Description>-----</Description>
      <DisplayFormat>%d</DisplayFormat>
      <SortID>203</SortID>
      <UnkB8>firstReward</UnkB8>
      <UnkC0>REWARD</UnkC0>
    </Field>
    <Field Def="u32 rematchReward_cash">
      <DisplayName>報酬額</DisplayName>
      <Description>報酬金額</Description>
      <EditFlags>None</EditFlags>
      <Maximum>999999999</Maximum>
      <SortID>200</SortID>
      <UnkB8>rematchReward</UnkB8>
      <UnkC0>REWARD</UnkC0>
      <UnkC8>再戦報酬</UnkC8>
    </Field>
    <Field Def="u32 rematchReward_osExp">
      <DisplayName>経験値</DisplayName>
      <Description>経験値</Description>
      <EditFlags>None</EditFlags>
      <Maximum>999999999</Maximum>
      <SortID>201</SortID>
      <UnkB8>rematchReward</UnkB8>
      <UnkC0>REWARD</UnkC0>
      <UnkC8>再戦報酬</UnkC8>
    </Field>
    <Field Def="dummy8 rematchReward_reserved[8]">
      <DisplayName>予約</DisplayName>
      <Description>-----</Description>
      <DisplayFormat>%d</DisplayFormat>
      <SortID>204</SortID>
      <UnkB8>rematchReward</UnkB8>
      <UnkC0>REWARD</UnkC0>
    </Field>
    <Field Def="s32 startCutsceneId = -1">
      <DisplayName>登場時カットシーンID</DisplayName>
      <Description>登場時カットシーンID</Description>
      <EditFlags>None</EditFlags>
      <Minimum>-1</Minimum>
      <Maximum>1999999999</Maximum>
      <SortID>150</SortID>
    </Field>
    <Field Def="s32 bgmId = -1">
      <DisplayName>BGMID</DisplayName>
      <Description>BGMID</Description>
      <EditFlags>None</EditFlags>
      <Minimum>-1</Minimum>
      <Maximum>1999999999</Maximum>
      <SortID>160</SortID>
    </Field>
    <Field Def="s32 rankIconID">
      <DisplayName>ランク</DisplayName>
      <Description>ランク表示用アイコンID</Description>
      <EditFlags>None</EditFlags>
      <Minimum>0</Minimum>
      <Maximum>999999999</Maximum>
      <SortID>8</SortID>
      <UnkC8>メニュー</UnkC8>
    </Field>
    <Field Def="s32 endCutsceneId = -1">
      <DisplayName>終了時カットシーンID</DisplayName>
      <Description>登場時カットシーンID</Description>
      <EditFlags>None</EditFlags>
      <Minimum>-1</Minimum>
      <Maximum>1999999999</Maximum>
      <SortID>151</SortID>
    </Field>
    <Field Def="dummy8 endPad[16]">
      <DisplayName>予約</DisplayName>
      <Description>-----</Description>
      <DisplayFormat>%d</DisplayFormat>
      <SortID>205</SortID>
    </Field>
  </Fields>
</PARAMDEF>