﻿<?xml version="1.0" encoding="utf-8"?>
<PARAMDEF XmlVersion="3">
  <ParamType>ATK_NPC_OPERATION_PARTS_PARAM_ST</ParamType>
  <DataVersion>1</DataVersion>
  <BigEndian>False</BigEndian>
  <Unicode>True</Unicode>
  <FormatVersion>203</FormatVersion>
  <Fields>
    <Field Def="u8 parts0">
      <DisplayName>武器0</DisplayName>
      <Enum>ATK_OPERATION_PARTS_PARAM_ENABLE_TYPE</Enum>
      <DisplayFormat>%f</DisplayFormat>
      <Maximum>0</Maximum>
      <SortID>1</SortID>
    </Field>
    <Field Def="u8 parts1">
      <DisplayName>武器1</DisplayName>
      <Enum>ATK_OPERATION_PARTS_PARAM_ENABLE_TYPE</Enum>
      <DisplayFormat>%f</DisplayFormat>
      <Maximum>0</Maximum>
      <SortID>2</SortID>
    </Field>
    <Field Def="u8 parts2">
      <DisplayName>武器2</DisplayName>
      <Enum>ATK_OPERATION_PARTS_PARAM_ENABLE_TYPE</Enum>
      <DisplayFormat>%f</DisplayFormat>
      <Maximum>0</Maximum>
      <SortID>3</SortID>
    </Field>
    <Field Def="u8 parts3">
      <DisplayName>武器3</DisplayName>
      <Enum>ATK_OPERATION_PARTS_PARAM_ENABLE_TYPE</Enum>
      <DisplayFormat>%f</DisplayFormat>
      <Maximum>0</Maximum>
      <SortID>4</SortID>
    </Field>
    <Field Def="u8 parts4">
      <DisplayName>武器4</DisplayName>
      <Enum>ATK_OPERATION_PARTS_PARAM_ENABLE_TYPE</Enum>
      <DisplayFormat>%f</DisplayFormat>
      <Maximum>0</Maximum>
      <SortID>5</SortID>
    </Field>
    <Field Def="u8 parts5">
      <DisplayName>武器5</DisplayName>
      <Enum>ATK_OPERATION_PARTS_PARAM_ENABLE_TYPE</Enum>
      <DisplayFormat>%f</DisplayFormat>
      <Maximum>0</Maximum>
      <SortID>6</SortID>
    </Field>
    <Field Def="u8 parts6">
      <DisplayName>武器6</DisplayName>
      <Enum>ATK_OPERATION_PARTS_PARAM_ENABLE_TYPE</Enum>
      <DisplayFormat>%f</DisplayFormat>
      <Maximum>0</Maximum>
      <SortID>7</SortID>
    </Field>
    <Field Def="u8 parts7">
      <DisplayName>武器7</DisplayName>
      <Enum>ATK_OPERATION_PARTS_PARAM_ENABLE_TYPE</Enum>
      <DisplayFormat>%f</DisplayFormat>
      <Maximum>0</Maximum>
      <SortID>8</SortID>
    </Field>
    <Field Def="u8 parts8">
      <DisplayName>武器8</DisplayName>
      <Enum>ATK_OPERATION_PARTS_PARAM_ENABLE_TYPE</Enum>
      <DisplayFormat>%f</DisplayFormat>
      <Maximum>0</Maximum>
      <SortID>9</SortID>
    </Field>
    <Field Def="u8 parts9">
      <DisplayName>武器9</DisplayName>
      <Enum>ATK_OPERATION_PARTS_PARAM_ENABLE_TYPE</Enum>
      <DisplayFormat>%f</DisplayFormat>
      <Maximum>0</Maximum>
      <SortID>10</SortID>
    </Field>
    <Field Def="u8 parts10">
      <DisplayName>武器10</DisplayName>
      <Enum>ATK_OPERATION_PARTS_PARAM_ENABLE_TYPE</Enum>
      <DisplayFormat>%f</DisplayFormat>
      <Maximum>0</Maximum>
      <SortID>11</SortID>
    </Field>
    <Field Def="u8 parts11">
      <DisplayName>武器11</DisplayName>
      <Enum>ATK_OPERATION_PARTS_PARAM_ENABLE_TYPE</Enum>
      <DisplayFormat>%f</DisplayFormat>
      <Maximum>0</Maximum>
      <SortID>12</SortID>
    </Field>
    <Field Def="u8 parts12">
      <DisplayName>武器12</DisplayName>
      <Enum>ATK_OPERATION_PARTS_PARAM_ENABLE_TYPE</Enum>
      <DisplayFormat>%f</DisplayFormat>
      <Maximum>0</Maximum>
      <SortID>13</SortID>
    </Field>
    <Field Def="u8 parts13">
      <DisplayName>武器13</DisplayName>
      <Enum>ATK_OPERATION_PARTS_PARAM_ENABLE_TYPE</Enum>
      <DisplayFormat>%f</DisplayFormat>
      <Maximum>0</Maximum>
      <SortID>14</SortID>
    </Field>
    <Field Def="u8 parts14">
      <DisplayName>武器14</DisplayName>
      <Enum>ATK_OPERATION_PARTS_PARAM_ENABLE_TYPE</Enum>
      <DisplayFormat>%f</DisplayFormat>
      <Maximum>0</Maximum>
      <SortID>15</SortID>
    </Field>
    <Field Def="u8 parts15">
      <DisplayName>武器15</DisplayName>
      <Enum>ATK_OPERATION_PARTS_PARAM_ENABLE_TYPE</Enum>
      <DisplayFormat>%f</DisplayFormat>
      <Maximum>0</Maximum>
      <SortID>16</SortID>
    </Field>
    <Field Def="u8 parts16">
      <DisplayName>武器16</DisplayName>
      <Enum>ATK_OPERATION_PARTS_PARAM_ENABLE_TYPE</Enum>
      <DisplayFormat>%f</DisplayFormat>
      <Maximum>0</Maximum>
      <SortID>17</SortID>
    </Field>
    <Field Def="u8 parts17">
      <DisplayName>武器17</DisplayName>
      <Enum>ATK_OPERATION_PARTS_PARAM_ENABLE_TYPE</Enum>
      <DisplayFormat>%f</DisplayFormat>
      <Maximum>0</Maximum>
      <SortID>18</SortID>
    </Field>
    <Field Def="u8 parts18">
      <DisplayName>武器18</DisplayName>
      <Enum>ATK_OPERATION_PARTS_PARAM_ENABLE_TYPE</Enum>
      <DisplayFormat>%f</DisplayFormat>
      <Maximum>0</Maximum>
      <SortID>19</SortID>
    </Field>
    <Field Def="u8 parts19">
      <DisplayName>武器19</DisplayName>
      <Enum>ATK_OPERATION_PARTS_PARAM_ENABLE_TYPE</Enum>
      <DisplayFormat>%f</DisplayFormat>
      <Maximum>0</Maximum>
      <SortID>20</SortID>
    </Field>
    <Field Def="u8 parts20">
      <DisplayName>武器20</DisplayName>
      <Enum>ATK_OPERATION_PARTS_PARAM_ENABLE_TYPE</Enum>
      <DisplayFormat>%f</DisplayFormat>
      <Maximum>0</Maximum>
      <SortID>21</SortID>
    </Field>
    <Field Def="u8 parts21">
      <DisplayName>武器21</DisplayName>
      <Enum>ATK_OPERATION_PARTS_PARAM_ENABLE_TYPE</Enum>
      <DisplayFormat>%f</DisplayFormat>
      <Maximum>0</Maximum>
      <SortID>22</SortID>
    </Field>
    <Field Def="u8 parts22">
      <DisplayName>武器22</DisplayName>
      <Enum>ATK_OPERATION_PARTS_PARAM_ENABLE_TYPE</Enum>
      <DisplayFormat>%f</DisplayFormat>
      <Maximum>0</Maximum>
      <SortID>23</SortID>
    </Field>
    <Field Def="u8 parts23">
      <DisplayName>武器23</DisplayName>
      <Enum>ATK_OPERATION_PARTS_PARAM_ENABLE_TYPE</Enum>
      <DisplayFormat>%f</DisplayFormat>
      <Maximum>0</Maximum>
      <SortID>24</SortID>
    </Field>
    <Field Def="u8 parts24">
      <DisplayName>武器24</DisplayName>
      <Enum>ATK_OPERATION_PARTS_PARAM_ENABLE_TYPE</Enum>
      <DisplayFormat>%f</DisplayFormat>
      <Maximum>0</Maximum>
      <SortID>25</SortID>
    </Field>
    <Field Def="u8 parts25">
      <DisplayName>武器25</DisplayName>
      <Enum>ATK_OPERATION_PARTS_PARAM_ENABLE_TYPE</Enum>
      <DisplayFormat>%f</DisplayFormat>
      <Maximum>0</Maximum>
      <SortID>26</SortID>
    </Field>
    <Field Def="u8 parts26">
      <DisplayName>武器26</DisplayName>
      <Enum>ATK_OPERATION_PARTS_PARAM_ENABLE_TYPE</Enum>
      <DisplayFormat>%f</DisplayFormat>
      <Maximum>0</Maximum>
      <SortID>27</SortID>
    </Field>
    <Field Def="u8 parts27">
      <DisplayName>武器27</DisplayName>
      <Enum>ATK_OPERATION_PARTS_PARAM_ENABLE_TYPE</Enum>
      <DisplayFormat>%f</DisplayFormat>
      <Maximum>0</Maximum>
      <SortID>28</SortID>
    </Field>
    <Field Def="u8 parts28">
      <DisplayName>武器28</DisplayName>
      <Enum>ATK_OPERATION_PARTS_PARAM_ENABLE_TYPE</Enum>
      <DisplayFormat>%f</DisplayFormat>
      <Maximum>0</Maximum>
      <SortID>29</SortID>
    </Field>
    <Field Def="u8 parts29">
      <DisplayName>武器29</DisplayName>
      <Enum>ATK_OPERATION_PARTS_PARAM_ENABLE_TYPE</Enum>
      <DisplayFormat>%f</DisplayFormat>
      <Maximum>0</Maximum>
      <SortID>30</SortID>
    </Field>
    <Field Def="u8 parts30">
      <DisplayName>武器30</DisplayName>
      <Enum>ATK_OPERATION_PARTS_PARAM_ENABLE_TYPE</Enum>
      <DisplayFormat>%f</DisplayFormat>
      <Maximum>0</Maximum>
      <SortID>31</SortID>
    </Field>
    <Field Def="u8 parts31">
      <DisplayName>武器31</DisplayName>
      <Enum>ATK_OPERATION_PARTS_PARAM_ENABLE_TYPE</Enum>
      <DisplayFormat>%f</DisplayFormat>
      <Maximum>0</Maximum>
      <SortID>32</SortID>
    </Field>
  </Fields>
</PARAMDEF>