﻿<?xml version="1.0" encoding="utf-8"?>
<PARAMDEF XmlVersion="3">
  <ParamType>BEHAVIOR_CHANGE_STATE_MATRIX_PARAM_ST</ParamType>
  <DataVersion>1</DataVersion>
  <BigEndian>False</BigEndian>
  <Unicode>True</Unicode>
  <FormatVersion>203</FormatVersion>
  <Fields>
    <Field Def="u8 state00">
      <DisplayName>地上</DisplayName>
      <Enum>BOOL_CIRCLECROSS_TYPE</Enum>
      <DisplayFormat>%f</DisplayFormat>
      <Maximum>0</Maximum>
      <SortID>100</SortID>
    </Field>
    <Field Def="u8 state01">
      <DisplayName>ダッシュ</DisplayName>
      <Enum>BOOL_CIRCLECROSS_TYPE</Enum>
      <DisplayFormat>%f</DisplayFormat>
      <Maximum>0</Maximum>
      <SortID>101</SortID>
    </Field>
    <Field Def="u8 state02">
      <DisplayName>しゃがみ</DisplayName>
      <Enum>BOOL_CIRCLECROSS_TYPE</Enum>
      <DisplayFormat>%f</DisplayFormat>
      <Maximum>0</Maximum>
      <SortID>102</SortID>
    </Field>
    <Field Def="u8 state03">
      <DisplayName>カバー</DisplayName>
      <Enum>BOOL_CIRCLECROSS_TYPE</Enum>
      <DisplayFormat>%f</DisplayFormat>
      <Maximum>0</Maximum>
      <SortID>103</SortID>
    </Field>
    <Field Def="u8 state04">
      <DisplayName>落下</DisplayName>
      <Enum>BOOL_CIRCLECROSS_TYPE</Enum>
      <DisplayFormat>%f</DisplayFormat>
      <Maximum>0</Maximum>
      <SortID>104</SortID>
    </Field>
    <Field Def="u8 state05">
      <DisplayName>空中ダッシュ</DisplayName>
      <Enum>BOOL_CIRCLECROSS_TYPE</Enum>
      <DisplayFormat>%f</DisplayFormat>
      <Maximum>0</Maximum>
      <SortID>105</SortID>
    </Field>
    <Field Def="u8 state06">
      <DisplayName>クイックブースト</DisplayName>
      <Enum>BOOL_CIRCLECROSS_TYPE</Enum>
      <DisplayFormat>%f</DisplayFormat>
      <Maximum>0</Maximum>
      <SortID>106</SortID>
    </Field>
    <Field Def="u8 state07">
      <DisplayName>斜面滑り</DisplayName>
      <Enum>BOOL_CIRCLECROSS_TYPE</Enum>
      <DisplayFormat>%f</DisplayFormat>
      <Maximum>0</Maximum>
      <SortID>107</SortID>
    </Field>
    <Field Def="u8 state08">
      <DisplayName>乗車中</DisplayName>
      <Enum>BOOL_CIRCLECROSS_TYPE</Enum>
      <DisplayFormat>%f</DisplayFormat>
      <Maximum>0</Maximum>
      <SortID>108</SortID>
    </Field>
    <Field Def="u8 state09">
      <DisplayName>浮遊</DisplayName>
      <Enum>BOOL_CIRCLECROSS_TYPE</Enum>
      <DisplayFormat>%f</DisplayFormat>
      <Maximum>0</Maximum>
      <SortID>109</SortID>
    </Field>
    <Field Def="u8 state10">
      <DisplayName>カバー乗り出し</DisplayName>
      <Enum>BOOL_CIRCLECROSS_TYPE</Enum>
      <DisplayFormat>%f</DisplayFormat>
      <Maximum>0</Maximum>
      <SortID>110</SortID>
    </Field>
    <Field Def="u8 state11">
      <DisplayName>タンク地上</DisplayName>
      <Enum>BOOL_CIRCLECROSS_TYPE</Enum>
      <DisplayFormat>%f</DisplayFormat>
      <Maximum>0</Maximum>
      <SortID>111</SortID>
    </Field>
    <Field Def="u8 state12">
      <DisplayName>タンク落下</DisplayName>
      <Enum>BOOL_CIRCLECROSS_TYPE</Enum>
      <DisplayFormat>%f</DisplayFormat>
      <Maximum>0</Maximum>
      <SortID>112</SortID>
    </Field>
    <Field Def="u8 state13">
      <DisplayName>VOB</DisplayName>
      <Enum>BOOL_CIRCLECROSS_TYPE</Enum>
      <DisplayFormat>%f</DisplayFormat>
      <Maximum>0</Maximum>
      <SortID>113</SortID>
    </Field>
    <Field Def="u8 state14">
      <DisplayName>地上死亡</DisplayName>
      <Enum>BOOL_CIRCLECROSS_TYPE</Enum>
      <DisplayFormat>%f</DisplayFormat>
      <Maximum>0</Maximum>
      <SortID>114</SortID>
    </Field>
    <Field Def="u8 state15">
      <DisplayName>空中死亡</DisplayName>
      <Enum>BOOL_CIRCLECROSS_TYPE</Enum>
      <DisplayFormat>%f</DisplayFormat>
      <Maximum>0</Maximum>
      <SortID>115</SortID>
    </Field>
    <Field Def="u8 state16">
      <DisplayName>状態16</DisplayName>
      <Enum>BOOL_CIRCLECROSS_TYPE</Enum>
      <DisplayFormat>%f</DisplayFormat>
      <Maximum>0</Maximum>
      <SortID>116</SortID>
    </Field>
    <Field Def="u8 state17">
      <DisplayName>状態17</DisplayName>
      <Enum>BOOL_CIRCLECROSS_TYPE</Enum>
      <DisplayFormat>%f</DisplayFormat>
      <Maximum>0</Maximum>
      <SortID>117</SortID>
    </Field>
    <Field Def="u8 state18">
      <DisplayName>状態18</DisplayName>
      <Enum>BOOL_CIRCLECROSS_TYPE</Enum>
      <DisplayFormat>%f</DisplayFormat>
      <Maximum>0</Maximum>
      <SortID>118</SortID>
    </Field>
    <Field Def="u8 state19">
      <DisplayName>状態19</DisplayName>
      <Enum>BOOL_CIRCLECROSS_TYPE</Enum>
      <DisplayFormat>%f</DisplayFormat>
      <Maximum>0</Maximum>
      <SortID>119</SortID>
    </Field>
    <Field Def="u8 TransitionActionAiType">
      <DisplayName>遷移Ai行動タイプ</DisplayName>
      <Enum>ACTION_AI_TYPE_ENUM</Enum>
      <SortID>122</SortID>
    </Field>
    <Field Def="dummy8 dummy0[3]">
      <DisplayName>※パディング0</DisplayName>
      <DisplayFormat>%f</DisplayFormat>
      <EditFlags>Wrap</EditFlags>
      <SortID>123</SortID>
    </Field>
    <Field Def="dummy8 dummy1[4]">
      <DisplayName>※パディング1</DisplayName>
      <DisplayFormat>%f</DisplayFormat>
      <EditFlags>Wrap</EditFlags>
      <SortID>124</SortID>
    </Field>
    <Field Def="s32 NoticeStateID = -1">
      <DisplayName>AI通知遷移ID</DisplayName>
      <Minimum>-1</Minimum>
      <Maximum>999999</Maximum>
      <SortID>121</SortID>
    </Field>
  </Fields>
</PARAMDEF>