﻿<?xml version="1.0" encoding="utf-8"?>
<PARAMDEF XmlVersion="3">
  <ParamType>BLADE_HOMING_PARAM_ST</ParamType>
  <DataVersion>1</DataVersion>
  <BigEndian>False</BigEndian>
  <Unicode>True</Unicode>
  <FormatVersion>203</FormatVersion>
  <Fields>
    <Field Def="f32 maxSpeedKMPH">
      <DisplayName>最高速度[km/h]</DisplayName>
      <Description>最高速度[km/h]</Description>
      <Minimum>0</Minimum>
      <Maximum>999999</Maximum>
      <Increment>1</Increment>
      <SortID>1</SortID>
    </Field>
    <Field Def="f32 accelMPSS">
      <DisplayName>加速度[m/s^2]</DisplayName>
      <Description>加速度[m/s^2]</Description>
      <Minimum>0</Minimum>
      <Maximum>999999</Maximum>
      <Increment>1</Increment>
      <SortID>2</SortID>
    </Field>
    <Field Def="f32 endBrakeMPSS">
      <DisplayName>終了時ブレーキ[m/s^2]</DisplayName>
      <Description>終了時ブレーキ[m/s^2]</Description>
      <Minimum>0</Minimum>
      <Maximum>999999</Maximum>
      <Increment>1</Increment>
      <SortID>3</SortID>
    </Field>
    <Field Def="f32 accelTime">
      <DisplayName>加速時間[sec]</DisplayName>
      <Description>加速時間[sec]</Description>
      <Minimum>0</Minimum>
      <Maximum>9999</Maximum>
      <SortID>4</SortID>
    </Field>
    <Field Def="f32 endLength">
      <DisplayName>終了距離[m]</DisplayName>
      <Description>終了距離[m]</Description>
      <Minimum>0</Minimum>
      <Maximum>999999</Maximum>
      <Increment>1</Increment>
      <SortID>5</SortID>
    </Field>
    <Field Def="f32 maxAngLR">
      <DisplayName>限界角度　左右[deg]</DisplayName>
      <Description>限界角度　左右[deg]</Description>
      <Minimum>0</Minimum>
      <Maximum>180</Maximum>
      <Increment>1</Increment>
      <SortID>6</SortID>
    </Field>
    <Field Def="f32 maxAngUD">
      <DisplayName>限界角度　上下[deg]</DisplayName>
      <Description>限界角度　上下[deg]</Description>
      <Minimum>0</Minimum>
      <Maximum>180</Maximum>
      <Increment>1</Increment>
      <SortID>7</SortID>
    </Field>
    <Field Def="f32 maxSpeedKeepTime">
      <DisplayName>最高速度維持時間[sec]</DisplayName>
      <Description>最高速度維持時間[sec]</Description>
      <Minimum>0</Minimum>
      <Maximum>9999</Maximum>
      <SortID>8</SortID>
    </Field>
    <Field Def="dummy8 reserved[32]">
      <DisplayName>予備</DisplayName>
      <DisplayFormat>%f</DisplayFormat>
      <EditFlags>Wrap</EditFlags>
      <SortID>10</SortID>
    </Field>
  </Fields>
</PARAMDEF>