﻿<?xml version="1.0" encoding="utf-8"?>
<PARAMDEF XmlVersion="3">
  <ParamType>BONFIRE_WARP_PARAM_ST</ParamType>
  <DataVersion>1</DataVersion>
  <BigEndian>False</BigEndian>
  <Unicode>True</Unicode>
  <FormatVersion>203</FormatVersion>
  <Fields>
    <Field Def="u32 eventflagId">
      <DisplayName>イベントフラグID</DisplayName>
      <Description>解除条件イベントフラグID</Description>
      <DisplayFormat>%u</DisplayFormat>
      <Maximum>-294967297</Maximum>
      <SortID>100</SortID>
    </Field>
    <Field Def="u32 bonfireEntityId">
      <DisplayName>篝火エンティティID</DisplayName>
      <Description>篝火エンティティID</Description>
      <DisplayFormat>%u</DisplayFormat>
      <Maximum>-294967297</Maximum>
      <SortID>200</SortID>
    </Field>
    <Field Def="s32 msgId = -1">
      <DisplayName>メッセージID</DisplayName>
      <Description>表示メッセージID</Description>
      <Minimum>-1</Minimum>
      <Maximum>99999999</Maximum>
      <SortID>300</SortID>
    </Field>
    <Field Def="s32 menuTextId = -1">
      <DisplayName>メニューテキストID</DisplayName>
      <Description>ワープメニューの説明テキストID</Description>
      <Minimum>-1</Minimum>
      <Maximum>99999999</Maximum>
      <SortID>500</SortID>
    </Field>
    <Field Def="s32 menuImageId = -1">
      <DisplayName>メニューサムネール画像ID</DisplayName>
      <Description>ワープメニューのサムネール画像ID</Description>
      <Minimum>-1</Minimum>
      <Maximum>99999999</Maximum>
      <SortID>600</SortID>
    </Field>
    <Field Def="u8 menuPageNo">
      <DisplayName>メニューページ番号</DisplayName>
      <Description>ワープメニューのページ番号（タブ番号）</Description>
      <DisplayFormat>%u</DisplayFormat>
      <SortID>400</SortID>
    </Field>
    <Field Def="u8 isHome">
      <DisplayName>拠点篝火か</DisplayName>
      <Description>拠点篝火か</Description>
      <DisplayFormat>%u</DisplayFormat>
      <Maximum>1</Maximum>
      <SortID>800</SortID>
    </Field>
    <Field Def="s16 blockCultId = -1">
      <DisplayName>儀式ID(下4桁)</DisplayName>
      <Description>儀式IDの下4桁。-1以外の値の場合、ワープ時に乗っていたマップブロックの儀式IDを変更する(旧CeremonyId)</Description>
      <Minimum>-1</Minimum>
      <Maximum>9999</Maximum>
      <SortID>700</SortID>
    </Field>
    <Field Def="dummy8 pad1[8]">
      <DisplayName>パッド</DisplayName>
      <Description>pad</Description>
      <SortID>801</SortID>
    </Field>
  </Fields>
</PARAMDEF>