﻿<?xml version="1.0" encoding="utf-8"?>
<PARAMDEF XmlVersion="3">
  <ParamType>BULLET_SHOTGUN_PARAM_ST</ParamType>
  <DataVersion>2</DataVersion>
  <BigEndian>False</BigEndian>
  <Unicode>True</Unicode>
  <FormatVersion>203</FormatVersion>
  <Fields>
    <Field Def="u8 disableParam_NT:1">
      <DisplayName>NT版出力から外すか</DisplayName>
      <Enum>NPC_BOOL</Enum>
      <Description>NT版から除外するか、除外するものに○をつける</Description>
      <Maximum>1</Maximum>
      <SortID>990000</SortID>
    </Field>
    <Field Def="u8 disableParam_Product:1">
      <DisplayName>製品版出力から外すか</DisplayName>
      <Enum>NPC_BOOL</Enum>
      <Description>製品版から除外するか、除外するものに○をつける</Description>
      <Maximum>1</Maximum>
      <SortID>990010</SortID>
    </Field>
    <Field Def="dummy8 disableParamReserve1:6">
      <DisplayName>パッケージ出力用リザーブ1</DisplayName>
      <Description>パッケージ出力用リザーブ1</Description>
      <SortID>990011</SortID>
    </Field>
    <Field Def="dummy8 disableParamReserve2[3]">
      <DisplayName>パッケージ出力用リザーブ2</DisplayName>
      <Description>パッケージ出力用リザーブ2</Description>
      <SortID>990012</SortID>
    </Field>
    <Field Def="u8 coordErrorType">
      <DisplayName>座標誤差方向</DisplayName>
      <Enum>BULLET_SHOTGUN_COORD_ERROR_TYPE</Enum>
      <SortID>5</SortID>
    </Field>
    <Field Def="dummy8 reserve[3]">
      <DisplayName>リザーブ</DisplayName>
      <SortID>990013</SortID>
    </Field>
    <Field Def="f32 coordErrorDist">
      <DisplayName>座標誤差量(m)</DisplayName>
      <DisplayFormat>%.1f</DisplayFormat>
      <EditFlags>None</EditFlags>
      <Minimum>0</Minimum>
      <Maximum>999</Maximum>
      <Increment>0.1</Increment>
      <SortID>10</SortID>
    </Field>
    <Field Def="f32 pos0_bulletPosX">
      <DisplayName>座標X(m)</DisplayName>
      <DisplayFormat>%.1f</DisplayFormat>
      <EditFlags>None</EditFlags>
      <Minimum>-999</Minimum>
      <Maximum>999</Maximum>
      <Increment>0.1</Increment>
      <SortID>100</SortID>
      <UnkB8>pos0</UnkB8>
      <UnkC0>BulletPos</UnkC0>
      <UnkC8>弾丸1</UnkC8>
    </Field>
    <Field Def="f32 pos0_bulletPosY">
      <DisplayName>座標Y(m)</DisplayName>
      <DisplayFormat>%.1f</DisplayFormat>
      <EditFlags>None</EditFlags>
      <Minimum>-999</Minimum>
      <Maximum>999</Maximum>
      <Increment>0.1</Increment>
      <SortID>110</SortID>
      <UnkB8>pos0</UnkB8>
      <UnkC0>BulletPos</UnkC0>
      <UnkC8>弾丸1</UnkC8>
    </Field>
    <Field Def="f32 pos0_bulletPosZ">
      <DisplayName>座標Z(m)</DisplayName>
      <DisplayFormat>%.1f</DisplayFormat>
      <EditFlags>None</EditFlags>
      <Minimum>-999</Minimum>
      <Maximum>999</Maximum>
      <Increment>0.1</Increment>
      <SortID>120</SortID>
      <UnkB8>pos0</UnkB8>
      <UnkC0>BulletPos</UnkC0>
      <UnkC8>弾丸1</UnkC8>
    </Field>
    <Field Def="f32 pos1_bulletPosX">
      <DisplayName>座標X(m)</DisplayName>
      <DisplayFormat>%.1f</DisplayFormat>
      <EditFlags>None</EditFlags>
      <Minimum>-999</Minimum>
      <Maximum>999</Maximum>
      <Increment>0.1</Increment>
      <SortID>130</SortID>
      <UnkB8>pos1</UnkB8>
      <UnkC0>BulletPos</UnkC0>
      <UnkC8>弾丸2</UnkC8>
    </Field>
    <Field Def="f32 pos1_bulletPosY">
      <DisplayName>座標Y(m)</DisplayName>
      <DisplayFormat>%.1f</DisplayFormat>
      <EditFlags>None</EditFlags>
      <Minimum>-999</Minimum>
      <Maximum>999</Maximum>
      <Increment>0.1</Increment>
      <SortID>140</SortID>
      <UnkB8>pos1</UnkB8>
      <UnkC0>BulletPos</UnkC0>
      <UnkC8>弾丸2</UnkC8>
    </Field>
    <Field Def="f32 pos1_bulletPosZ">
      <DisplayName>座標Z(m)</DisplayName>
      <DisplayFormat>%.1f</DisplayFormat>
      <EditFlags>None</EditFlags>
      <Minimum>-999</Minimum>
      <Maximum>999</Maximum>
      <Increment>0.1</Increment>
      <SortID>150</SortID>
      <UnkB8>pos1</UnkB8>
      <UnkC0>BulletPos</UnkC0>
      <UnkC8>弾丸2</UnkC8>
    </Field>
    <Field Def="f32 pos2_bulletPosX">
      <DisplayName>座標X(m)</DisplayName>
      <DisplayFormat>%.1f</DisplayFormat>
      <EditFlags>None</EditFlags>
      <Minimum>-999</Minimum>
      <Maximum>999</Maximum>
      <Increment>0.1</Increment>
      <SortID>160</SortID>
      <UnkB8>pos2</UnkB8>
      <UnkC0>BulletPos</UnkC0>
      <UnkC8>弾丸3</UnkC8>
    </Field>
    <Field Def="f32 pos2_bulletPosY">
      <DisplayName>座標Y(m)</DisplayName>
      <DisplayFormat>%.1f</DisplayFormat>
      <EditFlags>None</EditFlags>
      <Minimum>-999</Minimum>
      <Maximum>999</Maximum>
      <Increment>0.1</Increment>
      <SortID>170</SortID>
      <UnkB8>pos2</UnkB8>
      <UnkC0>BulletPos</UnkC0>
      <UnkC8>弾丸3</UnkC8>
    </Field>
    <Field Def="f32 pos2_bulletPosZ">
      <DisplayName>座標Z(m)</DisplayName>
      <DisplayFormat>%.1f</DisplayFormat>
      <EditFlags>None</EditFlags>
      <Minimum>-999</Minimum>
      <Maximum>999</Maximum>
      <Increment>0.1</Increment>
      <SortID>180</SortID>
      <UnkB8>pos2</UnkB8>
      <UnkC0>BulletPos</UnkC0>
      <UnkC8>弾丸3</UnkC8>
    </Field>
    <Field Def="f32 pos3_bulletPosX">
      <DisplayName>座標X(m)</DisplayName>
      <DisplayFormat>%.1f</DisplayFormat>
      <EditFlags>None</EditFlags>
      <Minimum>-999</Minimum>
      <Maximum>999</Maximum>
      <Increment>0.1</Increment>
      <SortID>190</SortID>
      <UnkB8>pos3</UnkB8>
      <UnkC0>BulletPos</UnkC0>
      <UnkC8>弾丸4</UnkC8>
    </Field>
    <Field Def="f32 pos3_bulletPosY">
      <DisplayName>座標Y(m)</DisplayName>
      <DisplayFormat>%.1f</DisplayFormat>
      <EditFlags>None</EditFlags>
      <Minimum>-999</Minimum>
      <Maximum>999</Maximum>
      <Increment>0.1</Increment>
      <SortID>200</SortID>
      <UnkB8>pos3</UnkB8>
      <UnkC0>BulletPos</UnkC0>
      <UnkC8>弾丸4</UnkC8>
    </Field>
    <Field Def="f32 pos3_bulletPosZ">
      <DisplayName>座標Z(m)</DisplayName>
      <DisplayFormat>%.1f</DisplayFormat>
      <EditFlags>None</EditFlags>
      <Minimum>-999</Minimum>
      <Maximum>999</Maximum>
      <Increment>0.1</Increment>
      <SortID>210</SortID>
      <UnkB8>pos3</UnkB8>
      <UnkC0>BulletPos</UnkC0>
      <UnkC8>弾丸4</UnkC8>
    </Field>
    <Field Def="f32 pos4_bulletPosX">
      <DisplayName>座標X(m)</DisplayName>
      <DisplayFormat>%.1f</DisplayFormat>
      <EditFlags>None</EditFlags>
      <Minimum>-999</Minimum>
      <Maximum>999</Maximum>
      <Increment>0.1</Increment>
      <SortID>220</SortID>
      <UnkB8>pos4</UnkB8>
      <UnkC0>BulletPos</UnkC0>
      <UnkC8>弾丸5</UnkC8>
    </Field>
    <Field Def="f32 pos4_bulletPosY">
      <DisplayName>座標Y(m)</DisplayName>
      <DisplayFormat>%.1f</DisplayFormat>
      <EditFlags>None</EditFlags>
      <Minimum>-999</Minimum>
      <Maximum>999</Maximum>
      <Increment>0.1</Increment>
      <SortID>230</SortID>
      <UnkB8>pos4</UnkB8>
      <UnkC0>BulletPos</UnkC0>
      <UnkC8>弾丸5</UnkC8>
    </Field>
    <Field Def="f32 pos4_bulletPosZ">
      <DisplayName>座標Z(m)</DisplayName>
      <DisplayFormat>%.1f</DisplayFormat>
      <EditFlags>None</EditFlags>
      <Minimum>-999</Minimum>
      <Maximum>999</Maximum>
      <Increment>0.1</Increment>
      <SortID>240</SortID>
      <UnkB8>pos4</UnkB8>
      <UnkC0>BulletPos</UnkC0>
      <UnkC8>弾丸5</UnkC8>
    </Field>
    <Field Def="f32 pos5_bulletPosX">
      <DisplayName>座標X(m)</DisplayName>
      <DisplayFormat>%.1f</DisplayFormat>
      <EditFlags>None</EditFlags>
      <Minimum>-999</Minimum>
      <Maximum>999</Maximum>
      <Increment>0.1</Increment>
      <SortID>250</SortID>
      <UnkB8>pos5</UnkB8>
      <UnkC0>BulletPos</UnkC0>
      <UnkC8>弾丸6</UnkC8>
    </Field>
    <Field Def="f32 pos5_bulletPosY">
      <DisplayName>座標Y(m)</DisplayName>
      <DisplayFormat>%.1f</DisplayFormat>
      <EditFlags>None</EditFlags>
      <Minimum>-999</Minimum>
      <Maximum>999</Maximum>
      <Increment>0.1</Increment>
      <SortID>260</SortID>
      <UnkB8>pos5</UnkB8>
      <UnkC0>BulletPos</UnkC0>
      <UnkC8>弾丸6</UnkC8>
    </Field>
    <Field Def="f32 pos5_bulletPosZ">
      <DisplayName>座標Z(m)</DisplayName>
      <DisplayFormat>%.1f</DisplayFormat>
      <EditFlags>None</EditFlags>
      <Minimum>-999</Minimum>
      <Maximum>999</Maximum>
      <Increment>0.1</Increment>
      <SortID>270</SortID>
      <UnkB8>pos5</UnkB8>
      <UnkC0>BulletPos</UnkC0>
      <UnkC8>弾丸6</UnkC8>
    </Field>
    <Field Def="f32 pos6_bulletPosX">
      <DisplayName>座標X(m)</DisplayName>
      <DisplayFormat>%.1f</DisplayFormat>
      <EditFlags>None</EditFlags>
      <Minimum>-999</Minimum>
      <Maximum>999</Maximum>
      <Increment>0.1</Increment>
      <SortID>280</SortID>
      <UnkB8>pos6</UnkB8>
      <UnkC0>BulletPos</UnkC0>
      <UnkC8>弾丸7</UnkC8>
    </Field>
    <Field Def="f32 pos6_bulletPosY">
      <DisplayName>座標Y(m)</DisplayName>
      <DisplayFormat>%.1f</DisplayFormat>
      <EditFlags>None</EditFlags>
      <Minimum>-999</Minimum>
      <Maximum>999</Maximum>
      <Increment>0.1</Increment>
      <SortID>290</SortID>
      <UnkB8>pos6</UnkB8>
      <UnkC0>BulletPos</UnkC0>
      <UnkC8>弾丸7</UnkC8>
    </Field>
    <Field Def="f32 pos6_bulletPosZ">
      <DisplayName>座標Z(m)</DisplayName>
      <DisplayFormat>%.1f</DisplayFormat>
      <EditFlags>None</EditFlags>
      <Minimum>-999</Minimum>
      <Maximum>999</Maximum>
      <Increment>0.1</Increment>
      <SortID>300</SortID>
      <UnkB8>pos6</UnkB8>
      <UnkC0>BulletPos</UnkC0>
      <UnkC8>弾丸7</UnkC8>
    </Field>
    <Field Def="f32 pos7_bulletPosX">
      <DisplayName>座標X(m)</DisplayName>
      <DisplayFormat>%.1f</DisplayFormat>
      <EditFlags>None</EditFlags>
      <Minimum>-999</Minimum>
      <Maximum>999</Maximum>
      <Increment>0.1</Increment>
      <SortID>310</SortID>
      <UnkB8>pos7</UnkB8>
      <UnkC0>BulletPos</UnkC0>
      <UnkC8>弾丸8</UnkC8>
    </Field>
    <Field Def="f32 pos7_bulletPosY">
      <DisplayName>座標Y(m)</DisplayName>
      <DisplayFormat>%.1f</DisplayFormat>
      <EditFlags>None</EditFlags>
      <Minimum>-999</Minimum>
      <Maximum>999</Maximum>
      <Increment>0.1</Increment>
      <SortID>320</SortID>
      <UnkB8>pos7</UnkB8>
      <UnkC0>BulletPos</UnkC0>
      <UnkC8>弾丸8</UnkC8>
    </Field>
    <Field Def="f32 pos7_bulletPosZ">
      <DisplayName>座標Z(m)</DisplayName>
      <DisplayFormat>%.1f</DisplayFormat>
      <EditFlags>None</EditFlags>
      <Minimum>-999</Minimum>
      <Maximum>999</Maximum>
      <Increment>0.1</Increment>
      <SortID>330</SortID>
      <UnkB8>pos7</UnkB8>
      <UnkC0>BulletPos</UnkC0>
      <UnkC8>弾丸8</UnkC8>
    </Field>
    <Field Def="f32 pos8_bulletPosX">
      <DisplayName>座標X(m)</DisplayName>
      <DisplayFormat>%.1f</DisplayFormat>
      <EditFlags>None</EditFlags>
      <Minimum>-999</Minimum>
      <Maximum>999</Maximum>
      <Increment>0.1</Increment>
      <SortID>340</SortID>
      <UnkB8>pos8</UnkB8>
      <UnkC0>BulletPos</UnkC0>
      <UnkC8>弾丸9</UnkC8>
    </Field>
    <Field Def="f32 pos8_bulletPosY">
      <DisplayName>座標Y(m)</DisplayName>
      <DisplayFormat>%.1f</DisplayFormat>
      <EditFlags>None</EditFlags>
      <Minimum>-999</Minimum>
      <Maximum>999</Maximum>
      <Increment>0.1</Increment>
      <SortID>350</SortID>
      <UnkB8>pos8</UnkB8>
      <UnkC0>BulletPos</UnkC0>
      <UnkC8>弾丸9</UnkC8>
    </Field>
    <Field Def="f32 pos8_bulletPosZ">
      <DisplayName>座標Z(m)</DisplayName>
      <DisplayFormat>%.1f</DisplayFormat>
      <EditFlags>None</EditFlags>
      <Minimum>-999</Minimum>
      <Maximum>999</Maximum>
      <Increment>0.1</Increment>
      <SortID>360</SortID>
      <UnkB8>pos8</UnkB8>
      <UnkC0>BulletPos</UnkC0>
      <UnkC8>弾丸9</UnkC8>
    </Field>
    <Field Def="f32 pos9_bulletPosX">
      <DisplayName>座標X(m)</DisplayName>
      <DisplayFormat>%.1f</DisplayFormat>
      <EditFlags>None</EditFlags>
      <Minimum>-999</Minimum>
      <Maximum>999</Maximum>
      <Increment>0.1</Increment>
      <SortID>370</SortID>
      <UnkB8>pos9</UnkB8>
      <UnkC0>BulletPos</UnkC0>
      <UnkC8>弾丸10</UnkC8>
    </Field>
    <Field Def="f32 pos9_bulletPosY">
      <DisplayName>座標Y(m)</DisplayName>
      <DisplayFormat>%.1f</DisplayFormat>
      <EditFlags>None</EditFlags>
      <Minimum>-999</Minimum>
      <Maximum>999</Maximum>
      <Increment>0.1</Increment>
      <SortID>380</SortID>
      <UnkB8>pos9</UnkB8>
      <UnkC0>BulletPos</UnkC0>
      <UnkC8>弾丸10</UnkC8>
    </Field>
    <Field Def="f32 pos9_bulletPosZ">
      <DisplayName>座標Z(m)</DisplayName>
      <DisplayFormat>%.1f</DisplayFormat>
      <EditFlags>None</EditFlags>
      <Minimum>-999</Minimum>
      <Maximum>999</Maximum>
      <Increment>0.1</Increment>
      <SortID>390</SortID>
      <UnkB8>pos9</UnkB8>
      <UnkC0>BulletPos</UnkC0>
      <UnkC8>弾丸10</UnkC8>
    </Field>
    <Field Def="f32 pos10_bulletPosX">
      <DisplayName>座標X(m)</DisplayName>
      <DisplayFormat>%.1f</DisplayFormat>
      <EditFlags>None</EditFlags>
      <Minimum>-999</Minimum>
      <Maximum>999</Maximum>
      <Increment>0.1</Increment>
      <SortID>400</SortID>
      <UnkB8>pos10</UnkB8>
      <UnkC0>BulletPos</UnkC0>
      <UnkC8>弾丸11</UnkC8>
    </Field>
    <Field Def="f32 pos10_bulletPosY">
      <DisplayName>座標Y(m)</DisplayName>
      <DisplayFormat>%.1f</DisplayFormat>
      <EditFlags>None</EditFlags>
      <Minimum>-999</Minimum>
      <Maximum>999</Maximum>
      <Increment>0.1</Increment>
      <SortID>410</SortID>
      <UnkB8>pos10</UnkB8>
      <UnkC0>BulletPos</UnkC0>
      <UnkC8>弾丸11</UnkC8>
    </Field>
    <Field Def="f32 pos10_bulletPosZ">
      <DisplayName>座標Z(m)</DisplayName>
      <DisplayFormat>%.1f</DisplayFormat>
      <EditFlags>None</EditFlags>
      <Minimum>-999</Minimum>
      <Maximum>999</Maximum>
      <Increment>0.1</Increment>
      <SortID>420</SortID>
      <UnkB8>pos10</UnkB8>
      <UnkC0>BulletPos</UnkC0>
      <UnkC8>弾丸11</UnkC8>
    </Field>
    <Field Def="f32 pos11_bulletPosX">
      <DisplayName>座標X(m)</DisplayName>
      <DisplayFormat>%.1f</DisplayFormat>
      <EditFlags>None</EditFlags>
      <Minimum>-999</Minimum>
      <Maximum>999</Maximum>
      <Increment>0.1</Increment>
      <SortID>430</SortID>
      <UnkB8>pos11</UnkB8>
      <UnkC0>BulletPos</UnkC0>
      <UnkC8>弾丸12</UnkC8>
    </Field>
    <Field Def="f32 pos11_bulletPosY">
      <DisplayName>座標Y(m)</DisplayName>
      <DisplayFormat>%.1f</DisplayFormat>
      <EditFlags>None</EditFlags>
      <Minimum>-999</Minimum>
      <Maximum>999</Maximum>
      <Increment>0.1</Increment>
      <SortID>440</SortID>
      <UnkB8>pos11</UnkB8>
      <UnkC0>BulletPos</UnkC0>
      <UnkC8>弾丸12</UnkC8>
    </Field>
    <Field Def="f32 pos11_bulletPosZ">
      <DisplayName>座標Z(m)</DisplayName>
      <DisplayFormat>%.1f</DisplayFormat>
      <EditFlags>None</EditFlags>
      <Minimum>-999</Minimum>
      <Maximum>999</Maximum>
      <Increment>0.1</Increment>
      <SortID>450</SortID>
      <UnkB8>pos11</UnkB8>
      <UnkC0>BulletPos</UnkC0>
      <UnkC8>弾丸12</UnkC8>
    </Field>
    <Field Def="f32 pos12_bulletPosX">
      <DisplayName>座標X(m)</DisplayName>
      <DisplayFormat>%.1f</DisplayFormat>
      <EditFlags>None</EditFlags>
      <Minimum>-999</Minimum>
      <Maximum>999</Maximum>
      <Increment>0.1</Increment>
      <SortID>460</SortID>
      <UnkB8>pos12</UnkB8>
      <UnkC0>BulletPos</UnkC0>
      <UnkC8>弾丸13</UnkC8>
    </Field>
    <Field Def="f32 pos12_bulletPosY">
      <DisplayName>座標Y(m)</DisplayName>
      <DisplayFormat>%.1f</DisplayFormat>
      <EditFlags>None</EditFlags>
      <Minimum>-999</Minimum>
      <Maximum>999</Maximum>
      <Increment>0.1</Increment>
      <SortID>470</SortID>
      <UnkB8>pos12</UnkB8>
      <UnkC0>BulletPos</UnkC0>
      <UnkC8>弾丸13</UnkC8>
    </Field>
    <Field Def="f32 pos12_bulletPosZ">
      <DisplayName>座標Z(m)</DisplayName>
      <DisplayFormat>%.1f</DisplayFormat>
      <EditFlags>None</EditFlags>
      <Minimum>-999</Minimum>
      <Maximum>999</Maximum>
      <Increment>0.1</Increment>
      <SortID>480</SortID>
      <UnkB8>pos12</UnkB8>
      <UnkC0>BulletPos</UnkC0>
      <UnkC8>弾丸13</UnkC8>
    </Field>
    <Field Def="f32 pos13_bulletPosX">
      <DisplayName>座標X(m)</DisplayName>
      <DisplayFormat>%.1f</DisplayFormat>
      <EditFlags>None</EditFlags>
      <Minimum>-999</Minimum>
      <Maximum>999</Maximum>
      <Increment>0.1</Increment>
      <SortID>490</SortID>
      <UnkB8>pos13</UnkB8>
      <UnkC0>BulletPos</UnkC0>
      <UnkC8>弾丸14</UnkC8>
    </Field>
    <Field Def="f32 pos13_bulletPosY">
      <DisplayName>座標Y(m)</DisplayName>
      <DisplayFormat>%.1f</DisplayFormat>
      <EditFlags>None</EditFlags>
      <Minimum>-999</Minimum>
      <Maximum>999</Maximum>
      <Increment>0.1</Increment>
      <SortID>500</SortID>
      <UnkB8>pos13</UnkB8>
      <UnkC0>BulletPos</UnkC0>
      <UnkC8>弾丸14</UnkC8>
    </Field>
    <Field Def="f32 pos13_bulletPosZ">
      <DisplayName>座標Z(m)</DisplayName>
      <DisplayFormat>%.1f</DisplayFormat>
      <EditFlags>None</EditFlags>
      <Minimum>-999</Minimum>
      <Maximum>999</Maximum>
      <Increment>0.1</Increment>
      <SortID>510</SortID>
      <UnkB8>pos13</UnkB8>
      <UnkC0>BulletPos</UnkC0>
      <UnkC8>弾丸14</UnkC8>
    </Field>
    <Field Def="f32 pos14_bulletPosX">
      <DisplayName>座標X(m)</DisplayName>
      <DisplayFormat>%.1f</DisplayFormat>
      <EditFlags>None</EditFlags>
      <Minimum>-999</Minimum>
      <Maximum>999</Maximum>
      <Increment>0.1</Increment>
      <SortID>520</SortID>
      <UnkB8>pos14</UnkB8>
      <UnkC0>BulletPos</UnkC0>
      <UnkC8>弾丸15</UnkC8>
    </Field>
    <Field Def="f32 pos14_bulletPosY">
      <DisplayName>座標Y(m)</DisplayName>
      <DisplayFormat>%.1f</DisplayFormat>
      <EditFlags>None</EditFlags>
      <Minimum>-999</Minimum>
      <Maximum>999</Maximum>
      <Increment>0.1</Increment>
      <SortID>530</SortID>
      <UnkB8>pos14</UnkB8>
      <UnkC0>BulletPos</UnkC0>
      <UnkC8>弾丸15</UnkC8>
    </Field>
    <Field Def="f32 pos14_bulletPosZ">
      <DisplayName>座標Z(m)</DisplayName>
      <DisplayFormat>%.1f</DisplayFormat>
      <EditFlags>None</EditFlags>
      <Minimum>-999</Minimum>
      <Maximum>999</Maximum>
      <Increment>0.1</Increment>
      <SortID>540</SortID>
      <UnkB8>pos14</UnkB8>
      <UnkC0>BulletPos</UnkC0>
      <UnkC8>弾丸15</UnkC8>
    </Field>
    <Field Def="f32 pos15_bulletPosX">
      <DisplayName>座標X(m)</DisplayName>
      <DisplayFormat>%.1f</DisplayFormat>
      <EditFlags>None</EditFlags>
      <Minimum>-999</Minimum>
      <Maximum>999</Maximum>
      <Increment>0.1</Increment>
      <SortID>550</SortID>
      <UnkB8>pos15</UnkB8>
      <UnkC0>BulletPos</UnkC0>
      <UnkC8>弾丸16</UnkC8>
    </Field>
    <Field Def="f32 pos15_bulletPosY">
      <DisplayName>座標Y(m)</DisplayName>
      <DisplayFormat>%.1f</DisplayFormat>
      <EditFlags>None</EditFlags>
      <Minimum>-999</Minimum>
      <Maximum>999</Maximum>
      <Increment>0.1</Increment>
      <SortID>560</SortID>
      <UnkB8>pos15</UnkB8>
      <UnkC0>BulletPos</UnkC0>
      <UnkC8>弾丸16</UnkC8>
    </Field>
    <Field Def="f32 pos15_bulletPosZ">
      <DisplayName>座標Z(m)</DisplayName>
      <DisplayFormat>%.1f</DisplayFormat>
      <EditFlags>None</EditFlags>
      <Minimum>-999</Minimum>
      <Maximum>999</Maximum>
      <Increment>0.1</Increment>
      <SortID>570</SortID>
      <UnkB8>pos15</UnkB8>
      <UnkC0>BulletPos</UnkC0>
      <UnkC8>弾丸16</UnkC8>
    </Field>
    <Field Def="f32 pos16_bulletPosX">
      <DisplayName>座標X(m)</DisplayName>
      <DisplayFormat>%.1f</DisplayFormat>
      <EditFlags>None</EditFlags>
      <Minimum>-999</Minimum>
      <Maximum>999</Maximum>
      <Increment>0.1</Increment>
      <SortID>580</SortID>
      <UnkB8>pos16</UnkB8>
      <UnkC0>BulletPos</UnkC0>
      <UnkC8>弾丸17</UnkC8>
    </Field>
    <Field Def="f32 pos16_bulletPosY">
      <DisplayName>座標Y(m)</DisplayName>
      <DisplayFormat>%.1f</DisplayFormat>
      <EditFlags>None</EditFlags>
      <Minimum>-999</Minimum>
      <Maximum>999</Maximum>
      <Increment>0.1</Increment>
      <SortID>590</SortID>
      <UnkB8>pos16</UnkB8>
      <UnkC0>BulletPos</UnkC0>
      <UnkC8>弾丸17</UnkC8>
    </Field>
    <Field Def="f32 pos16_bulletPosZ">
      <DisplayName>座標Z(m)</DisplayName>
      <DisplayFormat>%.1f</DisplayFormat>
      <EditFlags>None</EditFlags>
      <Minimum>-999</Minimum>
      <Maximum>999</Maximum>
      <Increment>0.1</Increment>
      <SortID>600</SortID>
      <UnkB8>pos16</UnkB8>
      <UnkC0>BulletPos</UnkC0>
      <UnkC8>弾丸17</UnkC8>
    </Field>
    <Field Def="f32 pos17_bulletPosX">
      <DisplayName>座標X(m)</DisplayName>
      <DisplayFormat>%.1f</DisplayFormat>
      <EditFlags>None</EditFlags>
      <Minimum>-999</Minimum>
      <Maximum>999</Maximum>
      <Increment>0.1</Increment>
      <SortID>610</SortID>
      <UnkB8>pos17</UnkB8>
      <UnkC0>BulletPos</UnkC0>
      <UnkC8>弾丸18</UnkC8>
    </Field>
    <Field Def="f32 pos17_bulletPosY">
      <DisplayName>座標Y(m)</DisplayName>
      <DisplayFormat>%.1f</DisplayFormat>
      <EditFlags>None</EditFlags>
      <Minimum>-999</Minimum>
      <Maximum>999</Maximum>
      <Increment>0.1</Increment>
      <SortID>620</SortID>
      <UnkB8>pos17</UnkB8>
      <UnkC0>BulletPos</UnkC0>
      <UnkC8>弾丸18</UnkC8>
    </Field>
    <Field Def="f32 pos17_bulletPosZ">
      <DisplayName>座標Z(m)</DisplayName>
      <DisplayFormat>%.1f</DisplayFormat>
      <EditFlags>None</EditFlags>
      <Minimum>-999</Minimum>
      <Maximum>999</Maximum>
      <Increment>0.1</Increment>
      <SortID>630</SortID>
      <UnkB8>pos17</UnkB8>
      <UnkC0>BulletPos</UnkC0>
      <UnkC8>弾丸18</UnkC8>
    </Field>
    <Field Def="f32 pos18_bulletPosX">
      <DisplayName>座標X(m)</DisplayName>
      <DisplayFormat>%.1f</DisplayFormat>
      <EditFlags>None</EditFlags>
      <Minimum>-999</Minimum>
      <Maximum>999</Maximum>
      <Increment>0.1</Increment>
      <SortID>640</SortID>
      <UnkB8>pos18</UnkB8>
      <UnkC0>BulletPos</UnkC0>
      <UnkC8>弾丸19</UnkC8>
    </Field>
    <Field Def="f32 pos18_bulletPosY">
      <DisplayName>座標Y(m)</DisplayName>
      <DisplayFormat>%.1f</DisplayFormat>
      <EditFlags>None</EditFlags>
      <Minimum>-999</Minimum>
      <Maximum>999</Maximum>
      <Increment>0.1</Increment>
      <SortID>650</SortID>
      <UnkB8>pos18</UnkB8>
      <UnkC0>BulletPos</UnkC0>
      <UnkC8>弾丸19</UnkC8>
    </Field>
    <Field Def="f32 pos18_bulletPosZ">
      <DisplayName>座標Z(m)</DisplayName>
      <DisplayFormat>%.1f</DisplayFormat>
      <EditFlags>None</EditFlags>
      <Minimum>-999</Minimum>
      <Maximum>999</Maximum>
      <Increment>0.1</Increment>
      <SortID>660</SortID>
      <UnkB8>pos18</UnkB8>
      <UnkC0>BulletPos</UnkC0>
      <UnkC8>弾丸19</UnkC8>
    </Field>
    <Field Def="f32 pos19_bulletPosX">
      <DisplayName>座標X(m)</DisplayName>
      <DisplayFormat>%.1f</DisplayFormat>
      <EditFlags>None</EditFlags>
      <Minimum>-999</Minimum>
      <Maximum>999</Maximum>
      <Increment>0.1</Increment>
      <SortID>670</SortID>
      <UnkB8>pos19</UnkB8>
      <UnkC0>BulletPos</UnkC0>
      <UnkC8>弾丸20</UnkC8>
    </Field>
    <Field Def="f32 pos19_bulletPosY">
      <DisplayName>座標Y(m)</DisplayName>
      <DisplayFormat>%.1f</DisplayFormat>
      <EditFlags>None</EditFlags>
      <Minimum>-999</Minimum>
      <Maximum>999</Maximum>
      <Increment>0.1</Increment>
      <SortID>680</SortID>
      <UnkB8>pos19</UnkB8>
      <UnkC0>BulletPos</UnkC0>
      <UnkC8>弾丸20</UnkC8>
    </Field>
    <Field Def="f32 pos19_bulletPosZ">
      <DisplayName>座標Z(m)</DisplayName>
      <DisplayFormat>%.1f</DisplayFormat>
      <EditFlags>None</EditFlags>
      <Minimum>-999</Minimum>
      <Maximum>999</Maximum>
      <Increment>0.1</Increment>
      <SortID>690</SortID>
      <UnkB8>pos19</UnkB8>
      <UnkC0>BulletPos</UnkC0>
      <UnkC8>弾丸20</UnkC8>
    </Field>
    <Field Def="f32 pos20_bulletPosX">
      <DisplayName>座標X(m)</DisplayName>
      <DisplayFormat>%.1f</DisplayFormat>
      <EditFlags>None</EditFlags>
      <Minimum>-999</Minimum>
      <Maximum>999</Maximum>
      <Increment>0.1</Increment>
      <SortID>700</SortID>
      <UnkB8>pos20</UnkB8>
      <UnkC0>BulletPos</UnkC0>
      <UnkC8>弾丸21</UnkC8>
    </Field>
    <Field Def="f32 pos20_bulletPosY">
      <DisplayName>座標Y(m)</DisplayName>
      <DisplayFormat>%.1f</DisplayFormat>
      <EditFlags>None</EditFlags>
      <Minimum>-999</Minimum>
      <Maximum>999</Maximum>
      <Increment>0.1</Increment>
      <SortID>710</SortID>
      <UnkB8>pos20</UnkB8>
      <UnkC0>BulletPos</UnkC0>
      <UnkC8>弾丸21</UnkC8>
    </Field>
    <Field Def="f32 pos20_bulletPosZ">
      <DisplayName>座標Z(m)</DisplayName>
      <DisplayFormat>%.1f</DisplayFormat>
      <EditFlags>None</EditFlags>
      <Minimum>-999</Minimum>
      <Maximum>999</Maximum>
      <Increment>0.1</Increment>
      <SortID>720</SortID>
      <UnkB8>pos20</UnkB8>
      <UnkC0>BulletPos</UnkC0>
      <UnkC8>弾丸21</UnkC8>
    </Field>
    <Field Def="f32 pos21_bulletPosX">
      <DisplayName>座標X(m)</DisplayName>
      <DisplayFormat>%.1f</DisplayFormat>
      <EditFlags>None</EditFlags>
      <Minimum>-999</Minimum>
      <Maximum>999</Maximum>
      <Increment>0.1</Increment>
      <SortID>730</SortID>
      <UnkB8>pos21</UnkB8>
      <UnkC0>BulletPos</UnkC0>
      <UnkC8>弾丸22</UnkC8>
    </Field>
    <Field Def="f32 pos21_bulletPosY">
      <DisplayName>座標Y(m)</DisplayName>
      <DisplayFormat>%.1f</DisplayFormat>
      <EditFlags>None</EditFlags>
      <Minimum>-999</Minimum>
      <Maximum>999</Maximum>
      <Increment>0.1</Increment>
      <SortID>740</SortID>
      <UnkB8>pos21</UnkB8>
      <UnkC0>BulletPos</UnkC0>
      <UnkC8>弾丸22</UnkC8>
    </Field>
    <Field Def="f32 pos21_bulletPosZ">
      <DisplayName>座標Z(m)</DisplayName>
      <DisplayFormat>%.1f</DisplayFormat>
      <EditFlags>None</EditFlags>
      <Minimum>-999</Minimum>
      <Maximum>999</Maximum>
      <Increment>0.1</Increment>
      <SortID>750</SortID>
      <UnkB8>pos21</UnkB8>
      <UnkC0>BulletPos</UnkC0>
      <UnkC8>弾丸22</UnkC8>
    </Field>
    <Field Def="f32 pos22_bulletPosX">
      <DisplayName>座標X(m)</DisplayName>
      <DisplayFormat>%.1f</DisplayFormat>
      <EditFlags>None</EditFlags>
      <Minimum>-999</Minimum>
      <Maximum>999</Maximum>
      <Increment>0.1</Increment>
      <SortID>760</SortID>
      <UnkB8>pos22</UnkB8>
      <UnkC0>BulletPos</UnkC0>
      <UnkC8>弾丸23</UnkC8>
    </Field>
    <Field Def="f32 pos22_bulletPosY">
      <DisplayName>座標Y(m)</DisplayName>
      <DisplayFormat>%.1f</DisplayFormat>
      <EditFlags>None</EditFlags>
      <Minimum>-999</Minimum>
      <Maximum>999</Maximum>
      <Increment>0.1</Increment>
      <SortID>770</SortID>
      <UnkB8>pos22</UnkB8>
      <UnkC0>BulletPos</UnkC0>
      <UnkC8>弾丸23</UnkC8>
    </Field>
    <Field Def="f32 pos22_bulletPosZ">
      <DisplayName>座標Z(m)</DisplayName>
      <DisplayFormat>%.1f</DisplayFormat>
      <EditFlags>None</EditFlags>
      <Minimum>-999</Minimum>
      <Maximum>999</Maximum>
      <Increment>0.1</Increment>
      <SortID>780</SortID>
      <UnkB8>pos22</UnkB8>
      <UnkC0>BulletPos</UnkC0>
      <UnkC8>弾丸23</UnkC8>
    </Field>
    <Field Def="f32 pos23_bulletPosX">
      <DisplayName>座標X(m)</DisplayName>
      <DisplayFormat>%.1f</DisplayFormat>
      <EditFlags>None</EditFlags>
      <Minimum>-999</Minimum>
      <Maximum>999</Maximum>
      <Increment>0.1</Increment>
      <SortID>790</SortID>
      <UnkB8>pos23</UnkB8>
      <UnkC0>BulletPos</UnkC0>
      <UnkC8>弾丸24</UnkC8>
    </Field>
    <Field Def="f32 pos23_bulletPosY">
      <DisplayName>座標Y(m)</DisplayName>
      <DisplayFormat>%.1f</DisplayFormat>
      <EditFlags>None</EditFlags>
      <Minimum>-999</Minimum>
      <Maximum>999</Maximum>
      <Increment>0.1</Increment>
      <SortID>800</SortID>
      <UnkB8>pos23</UnkB8>
      <UnkC0>BulletPos</UnkC0>
      <UnkC8>弾丸24</UnkC8>
    </Field>
    <Field Def="f32 pos23_bulletPosZ">
      <DisplayName>座標Z(m)</DisplayName>
      <DisplayFormat>%.1f</DisplayFormat>
      <EditFlags>None</EditFlags>
      <Minimum>-999</Minimum>
      <Maximum>999</Maximum>
      <Increment>0.1</Increment>
      <SortID>810</SortID>
      <UnkB8>pos23</UnkB8>
      <UnkC0>BulletPos</UnkC0>
      <UnkC8>弾丸24</UnkC8>
    </Field>
    <Field Def="f32 pos24_bulletPosX">
      <DisplayName>座標X(m)</DisplayName>
      <DisplayFormat>%.1f</DisplayFormat>
      <EditFlags>None</EditFlags>
      <Minimum>-999</Minimum>
      <Maximum>999</Maximum>
      <Increment>0.1</Increment>
      <SortID>820</SortID>
      <UnkB8>pos24</UnkB8>
      <UnkC0>BulletPos</UnkC0>
      <UnkC8>弾丸25</UnkC8>
    </Field>
    <Field Def="f32 pos24_bulletPosY">
      <DisplayName>座標Y(m)</DisplayName>
      <DisplayFormat>%.1f</DisplayFormat>
      <EditFlags>None</EditFlags>
      <Minimum>-999</Minimum>
      <Maximum>999</Maximum>
      <Increment>0.1</Increment>
      <SortID>830</SortID>
      <UnkB8>pos24</UnkB8>
      <UnkC0>BulletPos</UnkC0>
      <UnkC8>弾丸25</UnkC8>
    </Field>
    <Field Def="f32 pos24_bulletPosZ">
      <DisplayName>座標Z(m)</DisplayName>
      <DisplayFormat>%.1f</DisplayFormat>
      <EditFlags>None</EditFlags>
      <Minimum>-999</Minimum>
      <Maximum>999</Maximum>
      <Increment>0.1</Increment>
      <SortID>840</SortID>
      <UnkB8>pos24</UnkB8>
      <UnkC0>BulletPos</UnkC0>
      <UnkC8>弾丸25</UnkC8>
    </Field>
    <Field Def="f32 pos25_bulletPosX">
      <DisplayName>座標X(m)</DisplayName>
      <DisplayFormat>%.1f</DisplayFormat>
      <EditFlags>None</EditFlags>
      <Minimum>-999</Minimum>
      <Maximum>999</Maximum>
      <Increment>0.1</Increment>
      <SortID>850</SortID>
      <UnkB8>pos25</UnkB8>
      <UnkC0>BulletPos</UnkC0>
      <UnkC8>弾丸26</UnkC8>
    </Field>
    <Field Def="f32 pos25_bulletPosY">
      <DisplayName>座標Y(m)</DisplayName>
      <DisplayFormat>%.1f</DisplayFormat>
      <EditFlags>None</EditFlags>
      <Minimum>-999</Minimum>
      <Maximum>999</Maximum>
      <Increment>0.1</Increment>
      <SortID>860</SortID>
      <UnkB8>pos25</UnkB8>
      <UnkC0>BulletPos</UnkC0>
      <UnkC8>弾丸26</UnkC8>
    </Field>
    <Field Def="f32 pos25_bulletPosZ">
      <DisplayName>座標Z(m)</DisplayName>
      <DisplayFormat>%.1f</DisplayFormat>
      <EditFlags>None</EditFlags>
      <Minimum>-999</Minimum>
      <Maximum>999</Maximum>
      <Increment>0.1</Increment>
      <SortID>870</SortID>
      <UnkB8>pos25</UnkB8>
      <UnkC0>BulletPos</UnkC0>
      <UnkC8>弾丸26</UnkC8>
    </Field>
    <Field Def="f32 pos26_bulletPosX">
      <DisplayName>座標X(m)</DisplayName>
      <DisplayFormat>%.1f</DisplayFormat>
      <EditFlags>None</EditFlags>
      <Minimum>-999</Minimum>
      <Maximum>999</Maximum>
      <Increment>0.1</Increment>
      <SortID>880</SortID>
      <UnkB8>pos26</UnkB8>
      <UnkC0>BulletPos</UnkC0>
      <UnkC8>弾丸27</UnkC8>
    </Field>
    <Field Def="f32 pos26_bulletPosY">
      <DisplayName>座標Y(m)</DisplayName>
      <DisplayFormat>%.1f</DisplayFormat>
      <EditFlags>None</EditFlags>
      <Minimum>-999</Minimum>
      <Maximum>999</Maximum>
      <Increment>0.1</Increment>
      <SortID>890</SortID>
      <UnkB8>pos26</UnkB8>
      <UnkC0>BulletPos</UnkC0>
      <UnkC8>弾丸27</UnkC8>
    </Field>
    <Field Def="f32 pos26_bulletPosZ">
      <DisplayName>座標Z(m)</DisplayName>
      <DisplayFormat>%.1f</DisplayFormat>
      <EditFlags>None</EditFlags>
      <Minimum>-999</Minimum>
      <Maximum>999</Maximum>
      <Increment>0.1</Increment>
      <SortID>900</SortID>
      <UnkB8>pos26</UnkB8>
      <UnkC0>BulletPos</UnkC0>
      <UnkC8>弾丸27</UnkC8>
    </Field>
    <Field Def="f32 pos27_bulletPosX">
      <DisplayName>座標X(m)</DisplayName>
      <DisplayFormat>%.1f</DisplayFormat>
      <EditFlags>None</EditFlags>
      <Minimum>-999</Minimum>
      <Maximum>999</Maximum>
      <Increment>0.1</Increment>
      <SortID>910</SortID>
      <UnkB8>pos27</UnkB8>
      <UnkC0>BulletPos</UnkC0>
      <UnkC8>弾丸28</UnkC8>
    </Field>
    <Field Def="f32 pos27_bulletPosY">
      <DisplayName>座標Y(m)</DisplayName>
      <DisplayFormat>%.1f</DisplayFormat>
      <EditFlags>None</EditFlags>
      <Minimum>-999</Minimum>
      <Maximum>999</Maximum>
      <Increment>0.1</Increment>
      <SortID>920</SortID>
      <UnkB8>pos27</UnkB8>
      <UnkC0>BulletPos</UnkC0>
      <UnkC8>弾丸28</UnkC8>
    </Field>
    <Field Def="f32 pos27_bulletPosZ">
      <DisplayName>座標Z(m)</DisplayName>
      <DisplayFormat>%.1f</DisplayFormat>
      <EditFlags>None</EditFlags>
      <Minimum>-999</Minimum>
      <Maximum>999</Maximum>
      <Increment>0.1</Increment>
      <SortID>930</SortID>
      <UnkB8>pos27</UnkB8>
      <UnkC0>BulletPos</UnkC0>
      <UnkC8>弾丸28</UnkC8>
    </Field>
    <Field Def="f32 pos28_bulletPosX">
      <DisplayName>座標X(m)</DisplayName>
      <DisplayFormat>%.1f</DisplayFormat>
      <EditFlags>None</EditFlags>
      <Minimum>-999</Minimum>
      <Maximum>999</Maximum>
      <Increment>0.1</Increment>
      <SortID>940</SortID>
      <UnkB8>pos28</UnkB8>
      <UnkC0>BulletPos</UnkC0>
      <UnkC8>弾丸29</UnkC8>
    </Field>
    <Field Def="f32 pos28_bulletPosY">
      <DisplayName>座標Y(m)</DisplayName>
      <DisplayFormat>%.1f</DisplayFormat>
      <EditFlags>None</EditFlags>
      <Minimum>-999</Minimum>
      <Maximum>999</Maximum>
      <Increment>0.1</Increment>
      <SortID>950</SortID>
      <UnkB8>pos28</UnkB8>
      <UnkC0>BulletPos</UnkC0>
      <UnkC8>弾丸29</UnkC8>
    </Field>
    <Field Def="f32 pos28_bulletPosZ">
      <DisplayName>座標Z(m)</DisplayName>
      <DisplayFormat>%.1f</DisplayFormat>
      <EditFlags>None</EditFlags>
      <Minimum>-999</Minimum>
      <Maximum>999</Maximum>
      <Increment>0.1</Increment>
      <SortID>960</SortID>
      <UnkB8>pos28</UnkB8>
      <UnkC0>BulletPos</UnkC0>
      <UnkC8>弾丸29</UnkC8>
    </Field>
    <Field Def="f32 pos29_bulletPosX">
      <DisplayName>座標X(m)</DisplayName>
      <DisplayFormat>%.1f</DisplayFormat>
      <EditFlags>None</EditFlags>
      <Minimum>-999</Minimum>
      <Maximum>999</Maximum>
      <Increment>0.1</Increment>
      <SortID>970</SortID>
      <UnkB8>pos29</UnkB8>
      <UnkC0>BulletPos</UnkC0>
      <UnkC8>弾丸30</UnkC8>
    </Field>
    <Field Def="f32 pos29_bulletPosY">
      <DisplayName>座標Y(m)</DisplayName>
      <DisplayFormat>%.1f</DisplayFormat>
      <EditFlags>None</EditFlags>
      <Minimum>-999</Minimum>
      <Maximum>999</Maximum>
      <Increment>0.1</Increment>
      <SortID>980</SortID>
      <UnkB8>pos29</UnkB8>
      <UnkC0>BulletPos</UnkC0>
      <UnkC8>弾丸30</UnkC8>
    </Field>
    <Field Def="f32 pos29_bulletPosZ">
      <DisplayName>座標Z(m)</DisplayName>
      <DisplayFormat>%.1f</DisplayFormat>
      <EditFlags>None</EditFlags>
      <Minimum>-999</Minimum>
      <Maximum>999</Maximum>
      <Increment>0.1</Increment>
      <SortID>990</SortID>
      <UnkB8>pos29</UnkB8>
      <UnkC0>BulletPos</UnkC0>
      <UnkC8>弾丸30</UnkC8>
    </Field>
    <Field Def="f32 pos30_bulletPosX">
      <DisplayName>座標X(m)</DisplayName>
      <DisplayFormat>%.1f</DisplayFormat>
      <EditFlags>None</EditFlags>
      <Minimum>-999</Minimum>
      <Maximum>999</Maximum>
      <Increment>0.1</Increment>
      <SortID>1000</SortID>
      <UnkB8>pos30</UnkB8>
      <UnkC0>BulletPos</UnkC0>
      <UnkC8>弾丸31</UnkC8>
    </Field>
    <Field Def="f32 pos30_bulletPosY">
      <DisplayName>座標Y(m)</DisplayName>
      <DisplayFormat>%.1f</DisplayFormat>
      <EditFlags>None</EditFlags>
      <Minimum>-999</Minimum>
      <Maximum>999</Maximum>
      <Increment>0.1</Increment>
      <SortID>1010</SortID>
      <UnkB8>pos30</UnkB8>
      <UnkC0>BulletPos</UnkC0>
      <UnkC8>弾丸31</UnkC8>
    </Field>
    <Field Def="f32 pos30_bulletPosZ">
      <DisplayName>座標Z(m)</DisplayName>
      <DisplayFormat>%.1f</DisplayFormat>
      <EditFlags>None</EditFlags>
      <Minimum>-999</Minimum>
      <Maximum>999</Maximum>
      <Increment>0.1</Increment>
      <SortID>1020</SortID>
      <UnkB8>pos30</UnkB8>
      <UnkC0>BulletPos</UnkC0>
      <UnkC8>弾丸31</UnkC8>
    </Field>
    <Field Def="f32 pos31_bulletPosX">
      <DisplayName>座標X(m)</DisplayName>
      <DisplayFormat>%.1f</DisplayFormat>
      <EditFlags>None</EditFlags>
      <Minimum>-999</Minimum>
      <Maximum>999</Maximum>
      <Increment>0.1</Increment>
      <SortID>1030</SortID>
      <UnkB8>pos31</UnkB8>
      <UnkC0>BulletPos</UnkC0>
      <UnkC8>弾丸32</UnkC8>
    </Field>
    <Field Def="f32 pos31_bulletPosY">
      <DisplayName>座標Y(m)</DisplayName>
      <DisplayFormat>%.1f</DisplayFormat>
      <EditFlags>None</EditFlags>
      <Minimum>-999</Minimum>
      <Maximum>999</Maximum>
      <Increment>0.1</Increment>
      <SortID>1040</SortID>
      <UnkB8>pos31</UnkB8>
      <UnkC0>BulletPos</UnkC0>
      <UnkC8>弾丸32</UnkC8>
    </Field>
    <Field Def="f32 pos31_bulletPosZ">
      <DisplayName>座標Z(m)</DisplayName>
      <DisplayFormat>%.1f</DisplayFormat>
      <EditFlags>None</EditFlags>
      <Minimum>-999</Minimum>
      <Maximum>999</Maximum>
      <Increment>0.1</Increment>
      <SortID>1050</SortID>
      <UnkB8>pos31</UnkB8>
      <UnkC0>BulletPos</UnkC0>
      <UnkC8>弾丸32</UnkC8>
    </Field>
    <Field Def="f32 pos32_bulletPosX">
      <DisplayName>座標X(m)</DisplayName>
      <DisplayFormat>%.1f</DisplayFormat>
      <EditFlags>None</EditFlags>
      <Minimum>-999</Minimum>
      <Maximum>999</Maximum>
      <Increment>0.1</Increment>
      <SortID>1060</SortID>
      <UnkB8>pos32</UnkB8>
      <UnkC0>BulletPos</UnkC0>
      <UnkC8>弾丸33</UnkC8>
    </Field>
    <Field Def="f32 pos32_bulletPosY">
      <DisplayName>座標Y(m)</DisplayName>
      <DisplayFormat>%.1f</DisplayFormat>
      <EditFlags>None</EditFlags>
      <Minimum>-999</Minimum>
      <Maximum>999</Maximum>
      <Increment>0.1</Increment>
      <SortID>1070</SortID>
      <UnkB8>pos32</UnkB8>
      <UnkC0>BulletPos</UnkC0>
      <UnkC8>弾丸33</UnkC8>
    </Field>
    <Field Def="f32 pos32_bulletPosZ">
      <DisplayName>座標Z(m)</DisplayName>
      <DisplayFormat>%.1f</DisplayFormat>
      <EditFlags>None</EditFlags>
      <Minimum>-999</Minimum>
      <Maximum>999</Maximum>
      <Increment>0.1</Increment>
      <SortID>1080</SortID>
      <UnkB8>pos32</UnkB8>
      <UnkC0>BulletPos</UnkC0>
      <UnkC8>弾丸33</UnkC8>
    </Field>
    <Field Def="f32 pos33_bulletPosX">
      <DisplayName>座標X(m)</DisplayName>
      <DisplayFormat>%.1f</DisplayFormat>
      <EditFlags>None</EditFlags>
      <Minimum>-999</Minimum>
      <Maximum>999</Maximum>
      <Increment>0.1</Increment>
      <SortID>1090</SortID>
      <UnkB8>pos33</UnkB8>
      <UnkC0>BulletPos</UnkC0>
      <UnkC8>弾丸34</UnkC8>
    </Field>
    <Field Def="f32 pos33_bulletPosY">
      <DisplayName>座標Y(m)</DisplayName>
      <DisplayFormat>%.1f</DisplayFormat>
      <EditFlags>None</EditFlags>
      <Minimum>-999</Minimum>
      <Maximum>999</Maximum>
      <Increment>0.1</Increment>
      <SortID>1100</SortID>
      <UnkB8>pos33</UnkB8>
      <UnkC0>BulletPos</UnkC0>
      <UnkC8>弾丸34</UnkC8>
    </Field>
    <Field Def="f32 pos33_bulletPosZ">
      <DisplayName>座標Z(m)</DisplayName>
      <DisplayFormat>%.1f</DisplayFormat>
      <EditFlags>None</EditFlags>
      <Minimum>-999</Minimum>
      <Maximum>999</Maximum>
      <Increment>0.1</Increment>
      <SortID>1110</SortID>
      <UnkB8>pos33</UnkB8>
      <UnkC0>BulletPos</UnkC0>
      <UnkC8>弾丸34</UnkC8>
    </Field>
    <Field Def="f32 pos34_bulletPosX">
      <DisplayName>座標X(m)</DisplayName>
      <DisplayFormat>%.1f</DisplayFormat>
      <EditFlags>None</EditFlags>
      <Minimum>-999</Minimum>
      <Maximum>999</Maximum>
      <Increment>0.1</Increment>
      <SortID>1120</SortID>
      <UnkB8>pos34</UnkB8>
      <UnkC0>BulletPos</UnkC0>
      <UnkC8>弾丸35</UnkC8>
    </Field>
    <Field Def="f32 pos34_bulletPosY">
      <DisplayName>座標Y(m)</DisplayName>
      <DisplayFormat>%.1f</DisplayFormat>
      <EditFlags>None</EditFlags>
      <Minimum>-999</Minimum>
      <Maximum>999</Maximum>
      <Increment>0.1</Increment>
      <SortID>1130</SortID>
      <UnkB8>pos34</UnkB8>
      <UnkC0>BulletPos</UnkC0>
      <UnkC8>弾丸35</UnkC8>
    </Field>
    <Field Def="f32 pos34_bulletPosZ">
      <DisplayName>座標Z(m)</DisplayName>
      <DisplayFormat>%.1f</DisplayFormat>
      <EditFlags>None</EditFlags>
      <Minimum>-999</Minimum>
      <Maximum>999</Maximum>
      <Increment>0.1</Increment>
      <SortID>1140</SortID>
      <UnkB8>pos34</UnkB8>
      <UnkC0>BulletPos</UnkC0>
      <UnkC8>弾丸35</UnkC8>
    </Field>
    <Field Def="f32 pos35_bulletPosX">
      <DisplayName>座標X(m)</DisplayName>
      <DisplayFormat>%.1f</DisplayFormat>
      <EditFlags>None</EditFlags>
      <Minimum>-999</Minimum>
      <Maximum>999</Maximum>
      <Increment>0.1</Increment>
      <SortID>1150</SortID>
      <UnkB8>pos35</UnkB8>
      <UnkC0>BulletPos</UnkC0>
      <UnkC8>弾丸36</UnkC8>
    </Field>
    <Field Def="f32 pos35_bulletPosY">
      <DisplayName>座標Y(m)</DisplayName>
      <DisplayFormat>%.1f</DisplayFormat>
      <EditFlags>None</EditFlags>
      <Minimum>-999</Minimum>
      <Maximum>999</Maximum>
      <Increment>0.1</Increment>
      <SortID>1160</SortID>
      <UnkB8>pos35</UnkB8>
      <UnkC0>BulletPos</UnkC0>
      <UnkC8>弾丸36</UnkC8>
    </Field>
    <Field Def="f32 pos35_bulletPosZ">
      <DisplayName>座標Z(m)</DisplayName>
      <DisplayFormat>%.1f</DisplayFormat>
      <EditFlags>None</EditFlags>
      <Minimum>-999</Minimum>
      <Maximum>999</Maximum>
      <Increment>0.1</Increment>
      <SortID>1170</SortID>
      <UnkB8>pos35</UnkB8>
      <UnkC0>BulletPos</UnkC0>
      <UnkC8>弾丸36</UnkC8>
    </Field>
  </Fields>
</PARAMDEF>