﻿<?xml version="1.0" encoding="utf-8"?>
<PARAMDEF XmlVersion="3">
  <ParamType>BULLET_CREATE_LIMIT_PARAM_ST</ParamType>
  <DataVersion>1</DataVersion>
  <BigEndian>False</BigEndian>
  <Unicode>True</Unicode>
  <FormatVersion>203</FormatVersion>
  <Fields>
    <Field Def="u8 limitNum_byGroup">
      <DisplayName>グループ内上限弾数</DisplayName>
      <Description>同一グループ内での作成上限数</Description>
      <SortID>10000</SortID>
    </Field>
    <Field Def="dummy8 pad[31]">
      <DisplayName>パディング</DisplayName>
      <Description>パディング１</Description>
      <SortID>10001</SortID>
    </Field>
  </Fields>
</PARAMDEF>