﻿<?xml version="1.0" encoding="utf-8"?>
<PARAMDEF XmlVersion="3">
  <ParamType>BUOYANCY_PARAM_ST</ParamType>
  <DataVersion>1</DataVersion>
  <BigEndian>False</BigEndian>
  <Unicode>True</Unicode>
  <FormatVersion>203</FormatVersion>
  <Fields>
    <Field Def="f32 density">
      <DisplayName>水の密度</DisplayName>
      <Description>水の密度</Description>
      <Minimum>0</Minimum>
      <Maximum>9999999</Maximum>
      <Increment>1</Increment>
      <SortID>100</SortID>
    </Field>
    <Field Def="f32 drag">
      <DisplayName>水の抗力</DisplayName>
      <Description>水の抗力</Description>
      <Minimum>0</Minimum>
      <Maximum>9999999</Maximum>
      <SortID>200</SortID>
    </Field>
    <Field Def="f32 velocityX">
      <DisplayName>X方向への速度</DisplayName>
      <Description>X方向への速度</Description>
      <Minimum>-999999</Minimum>
      <Maximum>9999999</Maximum>
      <SortID>300</SortID>
    </Field>
    <Field Def="f32 velocityZ">
      <DisplayName>Z方向への速度</DisplayName>
      <Description>Z方向への速度</Description>
      <Minimum>-999999</Minimum>
      <Maximum>9999999</Maximum>
      <SortID>400</SortID>
    </Field>
    <Field Def="f32 waveThickness">
      <DisplayName>波の太さ</DisplayName>
      <Description>波の太さ</Description>
      <Minimum>-999999</Minimum>
      <Maximum>9999999</Maximum>
      <SortID>500</SortID>
    </Field>
    <Field Def="f32 waveInverval">
      <DisplayName>波の間隔</DisplayName>
      <Description>波の間隔</Description>
      <Minimum>-999999</Minimum>
      <Maximum>9999999</Maximum>
      <SortID>600</SortID>
    </Field>
    <Field Def="dummy8 pad[16]">
      <DisplayName>パディング</DisplayName>
      <SortID>601</SortID>
    </Field>
  </Fields>
</PARAMDEF>