﻿<?xml version="1.0" encoding="utf-8"?>
<PARAMDEF XmlVersion="3">
  <ParamType>CARTRIDGE_BEHAVIOR_PARAM_ST</ParamType>
  <DataVersion>1</DataVersion>
  <BigEndian>False</BigEndian>
  <Unicode>True</Unicode>
  <FormatVersion>203</FormatVersion>
  <Fields>
    <Field Def="u8 disableParam_NT:1">
      <DisplayName>NT版出力から外すか</DisplayName>
      <Enum>NPC_BOOL</Enum>
      <Description>NT版から除外するか、除外するものに○をつける</Description>
      <Maximum>1</Maximum>
      <SortID>990000</SortID>
    </Field>
    <Field Def="u8 disableParam_Product:1">
      <DisplayName>製品版出力から外すか</DisplayName>
      <Enum>NPC_BOOL</Enum>
      <Description>製品版から除外するか、除外するものに○をつける</Description>
      <Maximum>1</Maximum>
      <SortID>990010</SortID>
    </Field>
    <Field Def="dummy8 disableParamReserve1:6">
      <DisplayName>パッケージ出力用リザーブ1</DisplayName>
      <Description>パッケージ出力用リザーブ1</Description>
      <SortID>990011</SortID>
    </Field>
    <Field Def="dummy8 disableParamReserve2[3]">
      <DisplayName>パッケージ出力用リザーブ2</DisplayName>
      <Description>パッケージ出力用リザーブ2</Description>
      <SortID>990012</SortID>
    </Field>
    <Field Def="f32 initVelocity">
      <DisplayName>初速[m/s]</DisplayName>
      <Description>初速度.</Description>
      <Minimum>0</Minimum>
      <Maximum>99999</Maximum>
      <Increment>0.1</Increment>
      <SortID>100</SortID>
    </Field>
    <Field Def="f32 initVelocity_RandomRange">
      <DisplayName>初速±幅[m/s]</DisplayName>
      <Description>±の乱数幅</Description>
      <Minimum>0</Minimum>
      <Maximum>99999</Maximum>
      <Increment>0.1</Increment>
      <SortID>150</SortID>
    </Field>
    <Field Def="f32 chrVelocityTakeoverRate = 1">
      <DisplayName>キャラの速度引き継ぎ率</DisplayName>
      <Description>キャラの速度引き継ぎ率</Description>
      <Minimum>0</Minimum>
      <Maximum>1</Maximum>
      <SortID>200</SortID>
    </Field>
    <Field Def="f32 chrVelocityTakeoverRate_RandomRange">
      <DisplayName>キャラの速度引き継ぎ率±幅</DisplayName>
      <Description>±の乱数幅</Description>
      <Minimum>0</Minimum>
      <Maximum>1</Maximum>
      <SortID>250</SortID>
    </Field>
    <Field Def="f32 pitch">
      <DisplayName>射出角度[度]</DisplayName>
      <Description>ダミポリの水平角度基準からの角度(+が↑方向、-が↓方向)</Description>
      <Minimum>-90</Minimum>
      <Maximum>90</Maximum>
      <Increment>0.1</Increment>
      <SortID>300</SortID>
    </Field>
    <Field Def="f32 pitch_RandomRange">
      <DisplayName>射出角度±幅[度]</DisplayName>
      <Description>±の乱数幅</Description>
      <Minimum>0</Minimum>
      <Maximum>90</Maximum>
      <Increment>0.1</Increment>
      <SortID>350</SortID>
    </Field>
    <Field Def="f32 gravity">
      <DisplayName>重力加速度[m/s^2]</DisplayName>
      <Description>重力加速度</Description>
      <Minimum>-999</Minimum>
      <Maximum>99999</Maximum>
      <Increment>0.1</Increment>
      <SortID>400</SortID>
    </Field>
    <Field Def="f32 gravity_RandomRange">
      <DisplayName>重力加速度±幅[m/s^2]</DisplayName>
      <Description>±の乱数幅</Description>
      <Minimum>0</Minimum>
      <Maximum>99999</Maximum>
      <Increment>0.1</Increment>
      <SortID>450</SortID>
    </Field>
    <Field Def="f32 angVelocityX">
      <DisplayName>角速度(X)[度/s]</DisplayName>
      <Description>回転速度(X軸)</Description>
      <Minimum>-999</Minimum>
      <Maximum>999</Maximum>
      <Increment>0.1</Increment>
      <SortID>500</SortID>
    </Field>
    <Field Def="f32 angVelocityX_RandomRange">
      <DisplayName>角速度±幅(X)[度/s]</DisplayName>
      <Description>±の乱数幅</Description>
      <Minimum>0</Minimum>
      <Maximum>999</Maximum>
      <Increment>0.1</Increment>
      <SortID>550</SortID>
    </Field>
    <Field Def="f32 angVelocityY">
      <DisplayName>角速度(Y)[度/s]</DisplayName>
      <Description>回転速度(Y軸)</Description>
      <Minimum>-999</Minimum>
      <Maximum>999</Maximum>
      <Increment>0.1</Increment>
      <SortID>600</SortID>
    </Field>
    <Field Def="f32 angVelocityY_RandomRange">
      <DisplayName>角速度±幅(Y)[度/s]</DisplayName>
      <Description>±の乱数幅</Description>
      <Minimum>0</Minimum>
      <Maximum>999</Maximum>
      <Increment>0.1</Increment>
      <SortID>650</SortID>
    </Field>
    <Field Def="f32 angVelocityZ">
      <DisplayName>角速度(Z)[度/s]</DisplayName>
      <Description>回転速度(Z軸)</Description>
      <Minimum>-999</Minimum>
      <Maximum>999</Maximum>
      <SortID>700</SortID>
    </Field>
    <Field Def="f32 angVelocityZ_RandomRange">
      <DisplayName>角速度±幅(Z)[度/s]</DisplayName>
      <Description>±の乱数幅</Description>
      <Minimum>0</Minimum>
      <Maximum>999</Maximum>
      <Increment>0.1</Increment>
      <SortID>750</SortID>
    </Field>
    <Field Def="f32 yaw">
      <DisplayName>射出前後角度[度]</DisplayName>
      <Description>ダミポリの水平角度基準からの角度(+がダミポリ右方向、-がダミポリ左方向)</Description>
      <Minimum>-90</Minimum>
      <Maximum>90</Maximum>
      <Increment>0.1</Increment>
      <SortID>380</SortID>
    </Field>
    <Field Def="f32 yaw_RandomRange">
      <DisplayName>射出前後角度±幅[度]</DisplayName>
      <Description>±の乱数幅</Description>
      <Minimum>0</Minimum>
      <Maximum>90</Maximum>
      <Increment>0.1</Increment>
      <SortID>385</SortID>
    </Field>
    <Field Def="dummy8 pad_end[4]">
      <DisplayName>パディング</DisplayName>
      <SortID>990013</SortID>
    </Field>
  </Fields>
</PARAMDEF>