﻿<?xml version="1.0" encoding="utf-8"?>
<PARAMDEF XmlVersion="3">
  <ParamType>CHARACTER_INIT_PARAM</ParamType>
  <DataVersion>4</DataVersion>
  <BigEndian>False</BigEndian>
  <Unicode>True</Unicode>
  <FormatVersion>203</FormatVersion>
  <Fields>
    <Field Def="u8 disableParam_NT:1">
      <DisplayName>NT版出力から外すか</DisplayName>
      <Enum>NPC_BOOL</Enum>
      <Description>NT版から除外するか、除外するものに○をつける</Description>
      <Maximum>1</Maximum>
      <SortID>10010000</SortID>
    </Field>
    <Field Def="u8 disableParam_Product:1">
      <DisplayName>製品版出力から外すか</DisplayName>
      <Enum>NPC_BOOL</Enum>
      <Description>製品版から除外するか、除外するものに○をつける</Description>
      <Maximum>1</Maximum>
      <SortID>10020000</SortID>
    </Field>
    <Field Def="dummy8 disableParamReserve1:6">
      <DisplayName>パッケージ出力用リザーブ1</DisplayName>
      <Description>パッケージ出力用リザーブ1</Description>
      <SortID>90000000</SortID>
      <UnkC8>パディング</UnkC8>
    </Field>
    <Field Def="dummy8 disableParamReserve2[3]">
      <DisplayName>パッケージ出力用リザーブ2</DisplayName>
      <Description>パッケージ出力用リザーブ2</Description>
      <SortID>90000000</SortID>
      <UnkC8>パディング</UnkC8>
    </Field>
    <Field Def="s32 baseRec_mp = -1">
      <DisplayName>ＭＰ回復速度基本値[/sec]（上書き）</DisplayName>
      <Description>1秒あたりのMP回復量</Description>
      <EditFlags>17</EditFlags>
      <Minimum>-1</Minimum>
      <Maximum>65535</Maximum>
      <SortID>77700000</SortID>
      <UnkC8>運用停止</UnkC8>
    </Field>
    <Field Def="s32 baseRec_sp = -1">
      <DisplayName>スタミナ回復速度基本値[/sec]（上書き）</DisplayName>
      <Description>1秒あたりのスタミナ回復量</Description>
      <EditFlags>17</EditFlags>
      <Minimum>-1</Minimum>
      <Maximum>65535</Maximum>
      <SortID>77700000</SortID>
      <UnkC8>運用停止</UnkC8>
    </Field>
    <Field Def="f32 red_Falldam">
      <DisplayName>落下ダメージ軽減補正[%]</DisplayName>
      <Description>他のキャラクターに上からのしかかれたときに、クッションとなりえるダメージ軽減量（％）（小数点第一位）</Description>
      <EditFlags>17</EditFlags>
      <Minimum>0</Minimum>
      <Maximum>100</Maximum>
      <Increment>0.1</Increment>
      <SortID>77700000</SortID>
      <UnkC8>運用停止</UnkC8>
    </Field>
    <Field Def="s32 soul">
      <DisplayName>初期ソウル</DisplayName>
      <Description>初期に所持しているソウル量</Description>
      <EditFlags>17</EditFlags>
      <Minimum>0</Minimum>
      <Maximum>10000000</Maximum>
      <SortID>77700000</SortID>
      <UnkC8>運用停止</UnkC8>
    </Field>
    <Field Def="s32 equip_Wep_Right = -1">
      <DisplayName>右手武器</DisplayName>
      <Description>装備品パラメータの武器ＩＤ(右手武器1)</Description>
      <Minimum>-1</Minimum>
      <Maximum>999999999</Maximum>
      <SortID>10060000</SortID>
      <UnkC8>装備</UnkC8>
    </Field>
    <Field Def="s32 equip_Subwep_Right = -1">
      <DisplayName>右手武器2</DisplayName>
      <Description>装備品パラメータの武器ＩＤ(右手武器2)</Description>
      <EditFlags>17</EditFlags>
      <Minimum>-1</Minimum>
      <Maximum>999999999</Maximum>
      <SortID>77700000</SortID>
      <UnkC8>運用停止</UnkC8>
    </Field>
    <Field Def="s32 equip_Wep_Left = -1">
      <DisplayName>左手武器</DisplayName>
      <Description>装備品パラメータの武器ＩＤ(左手武器1)</Description>
      <Minimum>-1</Minimum>
      <Maximum>999999999</Maximum>
      <SortID>10060010</SortID>
      <UnkC8>装備</UnkC8>
    </Field>
    <Field Def="s32 equip_Subwep_Left = -1">
      <DisplayName>左手武器2</DisplayName>
      <Description>装備品パラメータの武器ＩＤ(左手武器2)</Description>
      <EditFlags>17</EditFlags>
      <Minimum>-1</Minimum>
      <Maximum>999999999</Maximum>
      <SortID>77700000</SortID>
      <UnkC8>運用停止</UnkC8>
    </Field>
    <Field Def="s32 equip_Helm = -1">
      <DisplayName>頭部</DisplayName>
      <Description>装備品パラメータの防具ＩＤ(頭防具)</Description>
      <Minimum>-1</Minimum>
      <Maximum>999999999</Maximum>
      <SortID>10060040</SortID>
      <UnkC8>装備</UnkC8>
    </Field>
    <Field Def="s32 equip_Armer = -1">
      <DisplayName>コア</DisplayName>
      <Description>装備品パラメータの防具ＩＤ(胴体防具)</Description>
      <Minimum>-1</Minimum>
      <Maximum>999999999</Maximum>
      <SortID>10060050</SortID>
      <UnkC8>装備</UnkC8>
    </Field>
    <Field Def="s32 equip_Gaunt = -1">
      <DisplayName>腕部</DisplayName>
      <Description>装備品パラメータの防具ＩＤ(腕防具)</Description>
      <Minimum>-1</Minimum>
      <Maximum>999999999</Maximum>
      <SortID>10060060</SortID>
      <UnkC8>装備</UnkC8>
    </Field>
    <Field Def="s32 equip_Leg = -1">
      <DisplayName>脚部</DisplayName>
      <Description>装備品パラメータの防具ＩＤ(脚防具)</Description>
      <Minimum>-1</Minimum>
      <Maximum>999999999</Maximum>
      <SortID>10060070</SortID>
      <UnkC8>装備</UnkC8>
    </Field>
    <Field Def="s32 equip_Arrow = -1">
      <DisplayName>左肩武器</DisplayName>
      <Description>装備品パラメータの武器ＩＤ(矢)</Description>
      <Minimum>-1</Minimum>
      <Maximum>999999999</Maximum>
      <SortID>10060030</SortID>
      <UnkC8>装備</UnkC8>
    </Field>
    <Field Def="s32 equip_Bolt = -1">
      <DisplayName>右肩武器</DisplayName>
      <Description>装備品パラメータの武器ＩＤ(ボルト)</Description>
      <Minimum>-1</Minimum>
      <Maximum>999999999</Maximum>
      <SortID>10060020</SortID>
      <UnkC8>装備</UnkC8>
    </Field>
    <Field Def="s32 equip_SubArrow = -1">
      <DisplayName>予備矢</DisplayName>
      <Description>装備品パラメータの武器ＩＤ(矢予備)</Description>
      <EditFlags>17</EditFlags>
      <Minimum>-1</Minimum>
      <Maximum>999999999</Maximum>
      <SortID>77700000</SortID>
      <UnkC8>運用停止</UnkC8>
    </Field>
    <Field Def="s32 equip_SubBolt = -1">
      <DisplayName>予備ボルト</DisplayName>
      <Description>装備品パラメータの武器ＩＤ(ボルト予備)</Description>
      <EditFlags>17</EditFlags>
      <Minimum>-1</Minimum>
      <Maximum>999999999</Maximum>
      <SortID>77700000</SortID>
      <UnkC8>運用停止</UnkC8>
    </Field>
    <Field Def="s32 equip_Accessory01 = -1">
      <DisplayName>装飾品1</DisplayName>
      <Description>装備品パラメータの装飾品ＩＤ01</Description>
      <EditFlags>17</EditFlags>
      <Minimum>-1</Minimum>
      <Maximum>999999</Maximum>
      <SortID>77700000</SortID>
      <UnkC8>運用停止</UnkC8>
    </Field>
    <Field Def="s32 equip_Accessory02 = -1">
      <DisplayName>装飾品2</DisplayName>
      <Description>装備品パラメータの装飾品ＩＤ02</Description>
      <EditFlags>17</EditFlags>
      <Minimum>-1</Minimum>
      <Maximum>999999</Maximum>
      <SortID>77700000</SortID>
      <UnkC8>運用停止</UnkC8>
    </Field>
    <Field Def="s32 equip_Accessory03 = -1">
      <DisplayName>装飾品3</DisplayName>
      <Description>装備品パラメータの装飾品ＩＤ03</Description>
      <EditFlags>17</EditFlags>
      <Minimum>-1</Minimum>
      <Maximum>999999</Maximum>
      <SortID>77700000</SortID>
      <UnkC8>運用停止</UnkC8>
    </Field>
    <Field Def="s32 equip_Accessory04 = -1">
      <DisplayName>装飾品4</DisplayName>
      <Description>装備品パラメータの装飾品ＩＤ04</Description>
      <EditFlags>17</EditFlags>
      <Minimum>-1</Minimum>
      <Maximum>999999</Maximum>
      <SortID>77700000</SortID>
      <UnkC8>運用停止</UnkC8>
    </Field>
    <Field Def="s32 equip_Accessory05 = -1">
      <DisplayName>装飾品5</DisplayName>
      <Description>装備品パラメータの装飾品ＩＤ05</Description>
      <EditFlags>17</EditFlags>
      <Minimum>-1</Minimum>
      <Maximum>999999</Maximum>
      <SortID>77700000</SortID>
      <UnkC8>運用停止</UnkC8>
    </Field>
    <Field Def="s32 equip_Skill_01 = -1">
      <DisplayName>スキル1</DisplayName>
      <Description>初期装備のスキルＩD01</Description>
      <EditFlags>17</EditFlags>
      <Minimum>-1</Minimum>
      <Maximum>999999</Maximum>
      <SortID>77700000</SortID>
      <UnkC8>運用停止</UnkC8>
    </Field>
    <Field Def="s32 equip_Skill_02 = -1">
      <DisplayName>スキル2</DisplayName>
      <Description>初期装備のスキルＩD02</Description>
      <EditFlags>17</EditFlags>
      <Minimum>-1</Minimum>
      <Maximum>999999</Maximum>
      <SortID>77700000</SortID>
      <UnkC8>運用停止</UnkC8>
    </Field>
    <Field Def="s32 equip_Skill_03 = -1">
      <DisplayName>スキル3</DisplayName>
      <Description>初期装備のスキルＩD03</Description>
      <EditFlags>17</EditFlags>
      <Minimum>-1</Minimum>
      <Maximum>999999</Maximum>
      <SortID>77700000</SortID>
      <UnkC8>運用停止</UnkC8>
    </Field>
    <Field Def="s32 equip_Spell_01 = -1">
      <DisplayName>魔法・奇跡1</DisplayName>
      <Description>初期配置の魔法・奇跡ID01</Description>
      <EditFlags>17</EditFlags>
      <Minimum>-1</Minimum>
      <Maximum>999999</Maximum>
      <SortID>77700000</SortID>
      <UnkC8>運用停止</UnkC8>
    </Field>
    <Field Def="s32 equip_Spell_02 = -1">
      <DisplayName>魔法・奇跡2</DisplayName>
      <Description>初期配置の魔法・奇跡ID02</Description>
      <EditFlags>17</EditFlags>
      <Minimum>-1</Minimum>
      <Maximum>999999</Maximum>
      <SortID>77700000</SortID>
      <UnkC8>運用停止</UnkC8>
    </Field>
    <Field Def="s32 equip_Spell_03 = -1">
      <DisplayName>魔法・奇跡3</DisplayName>
      <Description>初期配置の魔法・奇跡ID03</Description>
      <EditFlags>17</EditFlags>
      <Minimum>-1</Minimum>
      <Maximum>999999</Maximum>
      <SortID>77700000</SortID>
      <UnkC8>運用停止</UnkC8>
    </Field>
    <Field Def="s32 equip_Spell_04 = -1">
      <DisplayName>魔法・奇跡4</DisplayName>
      <Description>初期配置の魔法・奇跡ID04</Description>
      <EditFlags>17</EditFlags>
      <Minimum>-1</Minimum>
      <Maximum>999999</Maximum>
      <SortID>77700000</SortID>
      <UnkC8>運用停止</UnkC8>
    </Field>
    <Field Def="s32 equip_Spell_05 = -1">
      <DisplayName>魔法・奇跡5</DisplayName>
      <Description>初期配置の魔法・奇跡ID05</Description>
      <EditFlags>17</EditFlags>
      <Minimum>-1</Minimum>
      <Maximum>999999</Maximum>
      <SortID>77700000</SortID>
      <UnkC8>運用停止</UnkC8>
    </Field>
    <Field Def="s32 equip_Spell_06 = -1">
      <DisplayName>魔法・奇跡6</DisplayName>
      <Description>初期配置の魔法・奇跡ID06</Description>
      <EditFlags>17</EditFlags>
      <Minimum>-1</Minimum>
      <Maximum>999999</Maximum>
      <SortID>77700000</SortID>
      <UnkC8>運用停止</UnkC8>
    </Field>
    <Field Def="s32 equip_Spell_07 = -1">
      <DisplayName>魔法・奇跡7</DisplayName>
      <Description>初期配置の魔法・奇跡ID07</Description>
      <EditFlags>17</EditFlags>
      <Minimum>-1</Minimum>
      <Maximum>999999</Maximum>
      <SortID>77700000</SortID>
      <UnkC8>運用停止</UnkC8>
    </Field>
    <Field Def="s32 item_01 = -1">
      <DisplayName>アイテム01</DisplayName>
      <Description>初期所持のアイテムID01</Description>
      <Minimum>-1</Minimum>
      <Maximum>999999999</Maximum>
      <SortID>10070000</SortID>
      <UnkC8>回復</UnkC8>
    </Field>
    <Field Def="s32 item_02 = -1">
      <DisplayName>アイテム02</DisplayName>
      <Description>初期所持のアイテムID02</Description>
      <EditFlags>17</EditFlags>
      <Minimum>-1</Minimum>
      <Maximum>999999999</Maximum>
      <SortID>77700000</SortID>
      <UnkC8>運用停止</UnkC8>
    </Field>
    <Field Def="s32 item_03 = -1">
      <DisplayName>アイテム03</DisplayName>
      <Description>初期所持のアイテムID03</Description>
      <EditFlags>17</EditFlags>
      <Minimum>-1</Minimum>
      <Maximum>999999999</Maximum>
      <SortID>77700000</SortID>
      <UnkC8>運用停止</UnkC8>
    </Field>
    <Field Def="s32 item_04 = -1">
      <DisplayName>アイテム04</DisplayName>
      <Description>初期所持のアイテムID04</Description>
      <EditFlags>17</EditFlags>
      <Minimum>-1</Minimum>
      <Maximum>999999999</Maximum>
      <SortID>77700000</SortID>
      <UnkC8>運用停止</UnkC8>
    </Field>
    <Field Def="s32 item_05 = -1">
      <DisplayName>アイテム05</DisplayName>
      <Description>初期所持のアイテムID05</Description>
      <EditFlags>17</EditFlags>
      <Minimum>-1</Minimum>
      <Maximum>999999999</Maximum>
      <SortID>77700000</SortID>
      <UnkC8>運用停止</UnkC8>
    </Field>
    <Field Def="s32 item_06 = -1">
      <DisplayName>アイテム06</DisplayName>
      <Description>初期所持のアイテムID06</Description>
      <EditFlags>17</EditFlags>
      <Minimum>-1</Minimum>
      <Maximum>999999999</Maximum>
      <SortID>77700000</SortID>
      <UnkC8>運用停止</UnkC8>
    </Field>
    <Field Def="s32 item_07 = -1">
      <DisplayName>アイテム07</DisplayName>
      <Description>初期所持のアイテムID07</Description>
      <EditFlags>17</EditFlags>
      <Minimum>-1</Minimum>
      <Maximum>999999999</Maximum>
      <SortID>77700000</SortID>
      <UnkC8>運用停止</UnkC8>
    </Field>
    <Field Def="s32 item_08 = -1">
      <DisplayName>アイテム08</DisplayName>
      <Description>初期所持のアイテムID08</Description>
      <EditFlags>17</EditFlags>
      <Minimum>-1</Minimum>
      <Maximum>999999999</Maximum>
      <SortID>77700000</SortID>
      <UnkC8>運用停止</UnkC8>
    </Field>
    <Field Def="s32 item_09 = -1">
      <DisplayName>アイテム09</DisplayName>
      <Description>初期所持のアイテムID09</Description>
      <EditFlags>17</EditFlags>
      <Minimum>-1</Minimum>
      <Maximum>999999999</Maximum>
      <SortID>77700000</SortID>
      <UnkC8>運用停止</UnkC8>
    </Field>
    <Field Def="s32 item_10 = -1">
      <DisplayName>アイテム10</DisplayName>
      <Description>初期所持のアイテムID10</Description>
      <EditFlags>17</EditFlags>
      <Minimum>-1</Minimum>
      <Maximum>999999999</Maximum>
      <SortID>77700000</SortID>
      <UnkC8>運用停止</UnkC8>
    </Field>
    <Field Def="s32 assemDataID = -1">
      <DisplayName>機体データID</DisplayName>
      <Description>機体データのID。設定時は装備品指定は無視されます</Description>
      <Minimum>-1</Minimum>
      <Maximum>99999999</Maximum>
      <SortID>10030000</SortID>
    </Field>
    <Field Def="dummy8 padding_0[10]">
      <DisplayName>padding_0.</DisplayName>
      <DisplayFormat>%d</DisplayFormat>
      <EditFlags>Wrap</EditFlags>
      <SortID>90000000</SortID>
      <UnkC8>パディング</UnkC8>
    </Field>
    <Field Def="u16 arrowNum">
      <DisplayName>矢の所持数</DisplayName>
      <Description>矢の初期所持数</Description>
      <EditFlags>17</EditFlags>
      <Maximum>999</Maximum>
      <SortID>77700000</SortID>
      <UnkC8>運用停止</UnkC8>
    </Field>
    <Field Def="u16 boltNum">
      <DisplayName>ボルトの所持数</DisplayName>
      <Description>ボルトの初期所持数</Description>
      <EditFlags>17</EditFlags>
      <Maximum>999</Maximum>
      <SortID>77700000</SortID>
      <UnkC8>運用停止</UnkC8>
    </Field>
    <Field Def="u16 subArrowNum">
      <DisplayName>予備矢の所持数</DisplayName>
      <Description>矢の初期所持数</Description>
      <EditFlags>17</EditFlags>
      <Maximum>999</Maximum>
      <SortID>77700000</SortID>
      <UnkC8>運用停止</UnkC8>
    </Field>
    <Field Def="u16 subBoltNum">
      <DisplayName>予備ボルトの所持数</DisplayName>
      <Description>ボルトの初期所持数</Description>
      <EditFlags>17</EditFlags>
      <Maximum>999</Maximum>
      <SortID>77700000</SortID>
      <UnkC8>運用停止</UnkC8>
    </Field>
    <Field Def="s16 QWC_sb">
      <DisplayName>傾向係数　S-B軸</DisplayName>
      <Description>基本QWC値(Sword-Bow)</Description>
      <EditFlags>17</EditFlags>
      <Minimum>-1000</Minimum>
      <Maximum>1000</Maximum>
      <SortID>77700000</SortID>
      <UnkC8>運用停止</UnkC8>
    </Field>
    <Field Def="s16 QWC_mw">
      <DisplayName>傾向係数　M-W軸</DisplayName>
      <Description>基本QWC値(Mace-Wand)</Description>
      <EditFlags>17</EditFlags>
      <Minimum>-1000</Minimum>
      <Maximum>1000</Maximum>
      <SortID>77700000</SortID>
      <UnkC8>運用停止</UnkC8>
    </Field>
    <Field Def="s16 QWC_cd">
      <DisplayName>傾向係数　C-D軸</DisplayName>
      <Description>基本QWC値(理解-拡散)</Description>
      <EditFlags>17</EditFlags>
      <Minimum>-1000</Minimum>
      <Maximum>1000</Maximum>
      <SortID>77700000</SortID>
      <UnkC8>運用停止</UnkC8>
    </Field>
    <Field Def="s16 soulLv">
      <DisplayName>ソウルLv</DisplayName>
      <Description>初期Lv</Description>
      <EditFlags>17</EditFlags>
      <Minimum>0</Minimum>
      <Maximum>9999</Maximum>
      <SortID>77700000</SortID>
      <UnkC8>運用停止</UnkC8>
    </Field>
    <Field Def="u8 baseVit">
      <DisplayName>体力</DisplayName>
      <Description>体力の基本値</Description>
      <EditFlags>17</EditFlags>
      <Maximum>99</Maximum>
      <SortID>77700000</SortID>
      <UnkC8>運用停止</UnkC8>
    </Field>
    <Field Def="u8 baseWil">
      <DisplayName>精神</DisplayName>
      <Description>精神の基本値</Description>
      <EditFlags>17</EditFlags>
      <Maximum>99</Maximum>
      <SortID>77700000</SortID>
      <UnkC8>運用停止</UnkC8>
    </Field>
    <Field Def="u8 baseEnd">
      <DisplayName>頑強</DisplayName>
      <Description>頑強の基本値</Description>
      <EditFlags>17</EditFlags>
      <Maximum>99</Maximum>
      <SortID>77700000</SortID>
      <UnkC8>運用停止</UnkC8>
    </Field>
    <Field Def="u8 baseStr">
      <DisplayName>筋力</DisplayName>
      <Description>筋力の基本値</Description>
      <EditFlags>17</EditFlags>
      <Maximum>99</Maximum>
      <SortID>77700000</SortID>
      <UnkC8>運用停止</UnkC8>
    </Field>
    <Field Def="u8 baseDex">
      <DisplayName>俊敏</DisplayName>
      <Description>俊敏の基本値</Description>
      <EditFlags>17</EditFlags>
      <Maximum>99</Maximum>
      <SortID>77700000</SortID>
      <UnkC8>運用停止</UnkC8>
    </Field>
    <Field Def="u8 baseMag">
      <DisplayName>魔力</DisplayName>
      <Description>魔力の基本値</Description>
      <EditFlags>17</EditFlags>
      <Maximum>99</Maximum>
      <SortID>77700000</SortID>
      <UnkC8>運用停止</UnkC8>
    </Field>
    <Field Def="u8 baseFai">
      <DisplayName>信仰</DisplayName>
      <Description>信仰の基本値</Description>
      <EditFlags>17</EditFlags>
      <Maximum>99</Maximum>
      <SortID>77700000</SortID>
      <UnkC8>運用停止</UnkC8>
    </Field>
    <Field Def="u8 baseLuc">
      <DisplayName>運</DisplayName>
      <Description>運の基本値</Description>
      <EditFlags>17</EditFlags>
      <Maximum>99</Maximum>
      <SortID>77700000</SortID>
      <UnkC8>運用停止</UnkC8>
    </Field>
    <Field Def="u8 baseHeroPoint">
      <DisplayName>人間性</DisplayName>
      <Description>人間性の基本値</Description>
      <EditFlags>17</EditFlags>
      <Maximum>99</Maximum>
      <SortID>77700000</SortID>
      <UnkC8>運用停止</UnkC8>
    </Field>
    <Field Def="u8 baseDurability">
      <DisplayName>耐久力</DisplayName>
      <Description>耐久力の基本値</Description>
      <EditFlags>17</EditFlags>
      <Maximum>99</Maximum>
      <SortID>77700000</SortID>
      <UnkC8>運用停止</UnkC8>
    </Field>
    <Field Def="u8 itemNum_01">
      <DisplayName>アイテム01の所持数</DisplayName>
      <Description>初期所持のアイテム個数01</Description>
      <Maximum>99</Maximum>
      <SortID>10070010</SortID>
      <UnkC8>回復</UnkC8>
    </Field>
    <Field Def="u8 itemNum_02">
      <DisplayName>アイテム02の所持数</DisplayName>
      <Description>初期所持のアイテム個数02</Description>
      <EditFlags>17</EditFlags>
      <Maximum>99</Maximum>
      <SortID>77700000</SortID>
      <UnkC8>運用停止</UnkC8>
    </Field>
    <Field Def="u8 itemNum_03">
      <DisplayName>アイテム03の所持数</DisplayName>
      <Description>初期所持のアイテム個数03</Description>
      <EditFlags>17</EditFlags>
      <Maximum>99</Maximum>
      <SortID>77700000</SortID>
      <UnkC8>運用停止</UnkC8>
    </Field>
    <Field Def="u8 itemNum_04">
      <DisplayName>アイテム個数04</DisplayName>
      <Description>初期所持のアイテム個数04</Description>
      <EditFlags>17</EditFlags>
      <Maximum>99</Maximum>
      <SortID>77700000</SortID>
      <UnkC8>運用停止</UnkC8>
    </Field>
    <Field Def="u8 itemNum_05">
      <DisplayName>アイテム個数05</DisplayName>
      <Description>初期所持のアイテム個数05</Description>
      <EditFlags>17</EditFlags>
      <Maximum>99</Maximum>
      <SortID>77700000</SortID>
      <UnkC8>運用停止</UnkC8>
    </Field>
    <Field Def="u8 itemNum_06">
      <DisplayName>アイテム個数06</DisplayName>
      <Description>初期所持のアイテム個数06</Description>
      <EditFlags>17</EditFlags>
      <Maximum>99</Maximum>
      <SortID>77700000</SortID>
      <UnkC8>運用停止</UnkC8>
    </Field>
    <Field Def="u8 itemNum_07">
      <DisplayName>アイテム個数07</DisplayName>
      <Description>初期所持のアイテム個数07</Description>
      <EditFlags>17</EditFlags>
      <Maximum>99</Maximum>
      <SortID>77700000</SortID>
      <UnkC8>運用停止</UnkC8>
    </Field>
    <Field Def="u8 itemNum_08">
      <DisplayName>アイテム個数08</DisplayName>
      <Description>初期所持のアイテム個数08</Description>
      <EditFlags>17</EditFlags>
      <Maximum>99</Maximum>
      <SortID>77700000</SortID>
      <UnkC8>運用停止</UnkC8>
    </Field>
    <Field Def="u8 itemNum_09">
      <DisplayName>アイテム個数09</DisplayName>
      <Description>初期所持のアイテム個数09</Description>
      <EditFlags>17</EditFlags>
      <Maximum>99</Maximum>
      <SortID>77700000</SortID>
      <UnkC8>運用停止</UnkC8>
    </Field>
    <Field Def="u8 itemNum_10">
      <DisplayName>アイテム個数10</DisplayName>
      <Description>初期所持のアイテム個数10</Description>
      <EditFlags>17</EditFlags>
      <Maximum>99</Maximum>
      <SortID>77700000</SortID>
      <UnkC8>運用停止</UnkC8>
    </Field>
    <Field Def="s8 bodyScaleHead">
      <DisplayName>頭部</DisplayName>
      <Description>体型変化用スケール</Description>
      <EditFlags>16</EditFlags>
      <Minimum>-100</Minimum>
      <Maximum>100</Maximum>
      <SortID>77700000</SortID>
      <UnkC8>運用停止</UnkC8>
    </Field>
    <Field Def="s8 bodyScaleBreast">
      <DisplayName>胸部</DisplayName>
      <Description>体型変化用スケール</Description>
      <EditFlags>16</EditFlags>
      <Minimum>-100</Minimum>
      <Maximum>100</Maximum>
      <SortID>77700000</SortID>
      <UnkC8>運用停止</UnkC8>
    </Field>
    <Field Def="s8 bodyScaleAbdomen">
      <DisplayName>腹部</DisplayName>
      <Description>体型変化用スケール</Description>
      <EditFlags>16</EditFlags>
      <Minimum>-100</Minimum>
      <Maximum>100</Maximum>
      <SortID>77700000</SortID>
      <UnkC8>運用停止</UnkC8>
    </Field>
    <Field Def="s8 bodyScaleRArm">
      <DisplayName>右腕部</DisplayName>
      <Description>体型変化用スケール</Description>
      <EditFlags>16</EditFlags>
      <Minimum>-100</Minimum>
      <Maximum>100</Maximum>
      <SortID>77700000</SortID>
      <UnkC8>運用停止</UnkC8>
    </Field>
    <Field Def="s8 bodyScaleRLeg">
      <DisplayName>右脚部</DisplayName>
      <Description>体型変化用スケール</Description>
      <EditFlags>16</EditFlags>
      <Minimum>-100</Minimum>
      <Maximum>100</Maximum>
      <SortID>77700000</SortID>
      <UnkC8>運用停止</UnkC8>
    </Field>
    <Field Def="s8 gestureId0 = -1">
      <DisplayName>ジェスチャーID0</DisplayName>
      <Description>ジェスチャー0番目(EzStateのジェスチャー0を再生したいなら0)</Description>
      <EditFlags>17</EditFlags>
      <Minimum>-1</Minimum>
      <SortID>77700000</SortID>
      <UnkC8>運用停止</UnkC8>
    </Field>
    <Field Def="s8 gestureId1 = -1">
      <DisplayName>ジェスチャーID1</DisplayName>
      <Description>ジェスチャー1番目(EzStateのジェスチャー0を再生したいなら0)</Description>
      <EditFlags>17</EditFlags>
      <Minimum>-1</Minimum>
      <SortID>77700000</SortID>
      <UnkC8>運用停止</UnkC8>
    </Field>
    <Field Def="s8 gestureId2 = -1">
      <DisplayName>ジェスチャーID2</DisplayName>
      <Description>ジェスチャー2番目(EzStateのジェスチャー0を再生したいなら0)</Description>
      <EditFlags>17</EditFlags>
      <Minimum>-1</Minimum>
      <SortID>77700000</SortID>
      <UnkC8>運用停止</UnkC8>
    </Field>
    <Field Def="s8 gestureId3 = -1">
      <DisplayName>ジェスチャーID3</DisplayName>
      <Description>ジェスチャー3番目(EzStateのジェスチャー0を再生したいなら0)</Description>
      <EditFlags>17</EditFlags>
      <Minimum>-1</Minimum>
      <SortID>77700000</SortID>
      <UnkC8>運用停止</UnkC8>
    </Field>
    <Field Def="s8 gestureId4 = -1">
      <DisplayName>ジェスチャーID4</DisplayName>
      <Description>ジェスチャー4番目(EzStateのジェスチャー0を再生したいなら0)</Description>
      <EditFlags>17</EditFlags>
      <Minimum>-1</Minimum>
      <SortID>77700000</SortID>
      <UnkC8>運用停止</UnkC8>
    </Field>
    <Field Def="s8 gestureId5 = -1">
      <DisplayName>ジェスチャーID5</DisplayName>
      <Description>ジェスチャー5番目(EzStateのジェスチャー0を再生したいなら0)</Description>
      <EditFlags>17</EditFlags>
      <Minimum>-1</Minimum>
      <SortID>77700000</SortID>
      <UnkC8>運用停止</UnkC8>
    </Field>
    <Field Def="s8 gestureId6 = -1">
      <DisplayName>ジェスチャーID6</DisplayName>
      <Description>ジェスチャー6番目(EzStateのジェスチャー0を再生したいなら0)</Description>
      <EditFlags>17</EditFlags>
      <Minimum>-1</Minimum>
      <SortID>77700000</SortID>
      <UnkC8>運用停止</UnkC8>
    </Field>
    <Field Def="u8 npcPlayerType">
      <DisplayName>NPCプレイヤーのNPCタイプ</DisplayName>
      <Enum>NPC_TYPE</Enum>
      <Description>NPCプレイヤーで使用するNPCタイプ。通常プレイヤーでは使用しません。</Description>
      <EditFlags>17</EditFlags>
      <SortID>77700000</SortID>
      <UnkC8>運用停止</UnkC8>
    </Field>
    <Field Def="u8 npcPlayerDrawType">
      <DisplayName>NPCプレイヤーの描画タイプ</DisplayName>
      <Enum>NPC_DRAW_TYPE</Enum>
      <Description>NPCプレイヤーで使用する描画タイプ。通常プレイヤーでは使用しません。</Description>
      <EditFlags>17</EditFlags>
      <SortID>77700000</SortID>
      <UnkC8>運用停止</UnkC8>
    </Field>
    <Field Def="u8 npcPlayerSex">
      <DisplayName>NPCプレイヤーの性別</DisplayName>
      <Enum>CHARACTER_INIT_SEX</Enum>
      <Description>NPCプレイヤーで使用する性別です。通常プレイヤーには反映しません。</Description>
      <EditFlags>17</EditFlags>
      <Maximum>1</Maximum>
      <SortID>77700000</SortID>
      <UnkC8>運用停止</UnkC8>
    </Field>
    <Field Def="u8 vowType:4">
      <DisplayName>誓約</DisplayName>
      <Enum>CHRINIT_VOW_TYPE</Enum>
      <Description>誓約タイプ(なし：0)</Description>
      <EditFlags>17</EditFlags>
      <Maximum>15</Maximum>
      <SortID>77700000</SortID>
      <UnkC8>運用停止</UnkC8>
    </Field>
    <Field Def="u8 isOsReinforceChangeLevel:1">
      <DisplayName>OS強化レベル変更するか？</DisplayName>
      <Enum>NPC_BOOL</Enum>
      <Description>【デバッグ用】OS強化のレベルを変更するかどうか</Description>
      <Maximum>1</Maximum>
      <SortID>10080000</SortID>
      <UnkC8>自機用/デバッグ使用のみ</UnkC8>
    </Field>
    <Field Def="dummy8 pad:3">
      <SortID>90000000</SortID>
      <UnkC8>パディング</UnkC8>
    </Field>
    <Field Def="s8 bodyScaleLArm">
      <DisplayName>左腕部</DisplayName>
      <Description>体型変化用スケール</Description>
      <EditFlags>16</EditFlags>
      <Minimum>-100</Minimum>
      <Maximum>100</Maximum>
      <SortID>77700000</SortID>
      <UnkC8>運用停止</UnkC8>
    </Field>
    <Field Def="s8 bodyScaleLLeg">
      <DisplayName>左脚部</DisplayName>
      <Description>体型変化用スケール</Description>
      <EditFlags>16</EditFlags>
      <Minimum>-100</Minimum>
      <Maximum>100</Maximum>
      <SortID>77700000</SortID>
      <UnkC8>運用停止</UnkC8>
    </Field>
    <Field Def="s32 equip_Wep_Right_GenId = -1">
      <DisplayName>右手武器生成</DisplayName>
      <Description>装備品パラメータの武器生成ＩＤ(右手)</Description>
      <EditFlags>17</EditFlags>
      <Minimum>-1</Minimum>
      <Maximum>999999999</Maximum>
      <SortID>77700000</SortID>
      <UnkC8>運用停止</UnkC8>
    </Field>
    <Field Def="s32 equip_Subwep_Right_GenId = -1">
      <DisplayName>右手予備武器生成</DisplayName>
      <Description>装備品パラメータの武器生成ＩＤ(右手予備)</Description>
      <EditFlags>17</EditFlags>
      <Minimum>-1</Minimum>
      <Maximum>999999999</Maximum>
      <SortID>77700000</SortID>
      <UnkC8>運用停止</UnkC8>
    </Field>
    <Field Def="s32 equip_Wep_Left_GenId = -1">
      <DisplayName>左手武器生成</DisplayName>
      <Description>装備品パラメータの武器生成ＩＤ(左手)</Description>
      <EditFlags>17</EditFlags>
      <Minimum>-1</Minimum>
      <Maximum>999999999</Maximum>
      <SortID>77700000</SortID>
      <UnkC8>運用停止</UnkC8>
    </Field>
    <Field Def="s32 equip_Subwep_Left_GenId = -1">
      <DisplayName>左手予備武器生成</DisplayName>
      <Description>装備品パラメータの武器生成ＩＤ(左手予備)</Description>
      <EditFlags>17</EditFlags>
      <Minimum>-1</Minimum>
      <Maximum>999999999</Maximum>
      <SortID>77700000</SortID>
      <UnkC8>運用停止</UnkC8>
    </Field>
    <Field Def="s32 equip_Helm_GenId = -1">
      <DisplayName>頭防具生成</DisplayName>
      <Description>装備品パラメータの防具生成ＩＤ(頭防具)</Description>
      <EditFlags>17</EditFlags>
      <Minimum>-1</Minimum>
      <Maximum>999999999</Maximum>
      <SortID>77700000</SortID>
      <UnkC8>運用停止</UnkC8>
    </Field>
    <Field Def="s32 equip_Armer_GenId = -1">
      <DisplayName>胴体防具生成</DisplayName>
      <Description>装備品パラメータの防具生成ＩＤ(胴体防具)</Description>
      <EditFlags>17</EditFlags>
      <Minimum>-1</Minimum>
      <Maximum>999999999</Maximum>
      <SortID>77700000</SortID>
      <UnkC8>運用停止</UnkC8>
    </Field>
    <Field Def="s32 equip_Gaunt_GenId = -1">
      <DisplayName>腕防具生成</DisplayName>
      <Description>装備品パラメータの防具生成ＩＤ(腕防具)</Description>
      <EditFlags>17</EditFlags>
      <Minimum>-1</Minimum>
      <Maximum>999999999</Maximum>
      <SortID>77700000</SortID>
      <UnkC8>運用停止</UnkC8>
    </Field>
    <Field Def="s32 equip_Leg_GenId = -1">
      <DisplayName>脚防具生成</DisplayName>
      <Description>装備品パラメータの防具生成ＩＤ(脚防具)</Description>
      <EditFlags>17</EditFlags>
      <Minimum>-1</Minimum>
      <Maximum>999999999</Maximum>
      <SortID>77700000</SortID>
      <UnkC8>運用停止</UnkC8>
    </Field>
    <Field Def="s32 equip_Subwep_Right3 = -1">
      <DisplayName>右手武器3</DisplayName>
      <Description>装備品パラメータの武器ＩＤ(右手武器3)</Description>
      <EditFlags>17</EditFlags>
      <Minimum>-1</Minimum>
      <Maximum>999999999</Maximum>
      <SortID>77700000</SortID>
      <UnkC8>運用停止</UnkC8>
    </Field>
    <Field Def="s32 equip_Subwep_Left3 = -1">
      <DisplayName>左手武器3</DisplayName>
      <Description>装備品パラメータの武器ＩＤ(左手武器3)</Description>
      <EditFlags>17</EditFlags>
      <Minimum>-1</Minimum>
      <Maximum>999999999</Maximum>
      <SortID>77700000</SortID>
      <UnkC8>運用停止</UnkC8>
    </Field>
    <Field Def="s32 equip_Booster_Main = -1">
      <DisplayName>ブースター</DisplayName>
      <Description>ブースターパーツのID</Description>
      <Minimum>-1</Minimum>
      <Maximum>999999999</Maximum>
      <SortID>10060080</SortID>
      <UnkC8>装備</UnkC8>
    </Field>
    <Field Def="dummy8 pad01[8]">
      <DisplayName>予約</DisplayName>
      <DisplayFormat>%d</DisplayFormat>
      <EditFlags>Wrap</EditFlags>
      <SortID>90000000</SortID>
      <UnkC8>パディング</UnkC8>
    </Field>
    <Field Def="s32 overrideBaseHp = -1">
      <DisplayName>HP基本値（上書き）</DisplayName>
      <Description>設定値-1の場合、全身防具の値の合算値を使用。-1以外の場合、この設定値で上書き</Description>
      <Minimum>-1</Minimum>
      <Maximum>9999999</Maximum>
      <SortID>10050000</SortID>
      <UnkC8>ステータス</UnkC8>
    </Field>
    <Field Def="s32 overrideBaseMp = -1">
      <DisplayName>MP基本値（上書き）</DisplayName>
      <Description>設定値-1の場合、装備品の値を使用。-1以外の場合、この設定値で上書き</Description>
      <EditFlags>17</EditFlags>
      <Minimum>-1</Minimum>
      <Maximum>65535</Maximum>
      <SortID>77700000</SortID>
      <UnkC8>運用停止</UnkC8>
    </Field>
    <Field Def="s32 overrideBaseSp = -1">
      <DisplayName>スタミナ基本値（上書き）</DisplayName>
      <Description>設定値-1の場合、装備品の値を使用。-1以外の場合、この設定値で上書き</Description>
      <EditFlags>17</EditFlags>
      <Minimum>-1</Minimum>
      <Maximum>65535</Maximum>
      <SortID>77700000</SortID>
      <UnkC8>運用停止</UnkC8>
    </Field>
    <Field Def="s16 overrideSpRecDelayTime = -1">
      <DisplayName>スタミナ回復待機時間[sec] （上書き） </DisplayName>
      <Description>設定値-1の場合、装備品の値を使用。-1以外の場合、この設定値で上書き</Description>
      <EditFlags>17</EditFlags>
      <Minimum>-1</Minimum>
      <Maximum>9999</Maximum>
      <SortID>77700000</SortID>
      <UnkC8>運用停止</UnkC8>
    </Field>
    <Field Def="dummy8 padding[10]">
      <DisplayName>パディング</DisplayName>
      <DisplayFormat>%d</DisplayFormat>
      <EditFlags>Wrap</EditFlags>
      <SortID>90000000</SortID>
      <UnkC8>パディング</UnkC8>
    </Field>
    <Field Def="s32 equip_AttachParts_Right = -1">
      <DisplayName>右手アタッチ武器</DisplayName>
      <Description>装備品パラメータの武器ＩＤ(右手アタッチ用武器)</Description>
      <EditFlags>17</EditFlags>
      <Minimum>-1</Minimum>
      <Maximum>999999999</Maximum>
      <SortID>77700000</SortID>
      <UnkC8>運用停止</UnkC8>
    </Field>
    <Field Def="s32 equip_ShieldParts = -1">
      <DisplayName>シールド</DisplayName>
      <Description>装備品パラメータの武器ＩＤ(シールド用)</Description>
      <EditFlags>17</EditFlags>
      <Minimum>-1</Minimum>
      <Maximum>999999999</Maximum>
      <SortID>77700000</SortID>
      <UnkC8>運用停止</UnkC8>
    </Field>
    <Field Def="s32 overrideEnergyMax = -1">
      <DisplayName>EN上限値（上書き）</DisplayName>
      <Description>-1の場合、防具側の合算値を使用し、0以上の場合、その値がENの上限値となる</Description>
      <Minimum>-1</Minimum>
      <Maximum>9999</Maximum>
      <SortID>10050010</SortID>
      <UnkC8>ステータス</UnkC8>
    </Field>
    <Field Def="s32 overrideEnergyRecoveryPerSec = -1">
      <DisplayName>EN回復量_通常時[EN値/sec]（上書き）</DisplayName>
      <Description>-1の場合、防具側の合算値を使用し、0以上の場合、その値がENの秒あたりの回復量となる</Description>
      <Minimum>-1</Minimum>
      <Maximum>9999</Maximum>
      <SortID>10050020</SortID>
      <UnkC8>ステータス</UnkC8>
    </Field>
    <Field Def="s32 overrideEnergyDecreasePerSec">
      <DisplayName>EN消費量_通常時[EN値/sec]（上書き）</DisplayName>
      <Description>0の場合、防具側の合算値を使用し、0以外の場合、その値がENの秒あたりの消費量となる</Description>
      <Minimum>-9999</Minimum>
      <Maximum>9999</Maximum>
      <SortID>10050030</SortID>
      <UnkC8>ステータス</UnkC8>
    </Field>
    <Field Def="f32 overrideEnergyRecoveryDelayTimeSec = -1">
      <DisplayName>EN回復待機時間[sec]（上書き）</DisplayName>
      <Description>-1の場合、防具側の合算値を使用し、0以上の場合、その値がENが回復するまでの待機時間となる</Description>
      <DisplayFormat>%.2f</DisplayFormat>
      <Minimum>-1</Minimum>
      <Maximum>9999</Maximum>
      <SortID>10050040</SortID>
      <UnkC8>ステータス</UnkC8>
    </Field>
    <Field Def="s32 equip_BladeParts = -1">
      <DisplayName>格闘武器</DisplayName>
      <Description>装備品パラメータの武器ＩＤ(格闘武器用)</Description>
      <EditFlags>17</EditFlags>
      <Minimum>-1</Minimum>
      <Maximum>999999999</Maximum>
      <SortID>77700000</SortID>
      <UnkC8>運用停止</UnkC8>
    </Field>
    <Field Def="s32 equip_Generator = -1">
      <DisplayName>ジェネレーター</DisplayName>
      <Description>ジェネレーターのパラメータID</Description>
      <Minimum>-1</Minimum>
      <Maximum>999999999</Maximum>
      <SortID>10060090</SortID>
      <UnkC8>装備</UnkC8>
    </Field>
    <Field Def="s32 equip_Fcs = -1">
      <DisplayName>FCS</DisplayName>
      <Description>FCSのパラメータID</Description>
      <Minimum>-1</Minimum>
      <Maximum>999999999</Maximum>
      <SortID>10060100</SortID>
      <UnkC8>装備</UnkC8>
    </Field>
    <Field Def="s32 equip_Extension = -1">
      <DisplayName>エクステンション</DisplayName>
      <Description>エクステンションのパラメータID</Description>
      <Minimum>-1</Minimum>
      <Maximum>999999999</Maximum>
      <SortID>10060110</SortID>
      <UnkC8>装備</UnkC8>
    </Field>
    <Field Def="s32 equip_AssaultDrive = -1">
      <DisplayName>アサルトドライヴ</DisplayName>
      <Description>アサルトドライヴのパラメータID</Description>
      <Minimum>-1</Minimum>
      <Maximum>999999999</Maximum>
      <SortID>10060120</SortID>
      <UnkC8>装備</UnkC8>
    </Field>
    <Field Def="u8 osReinforceLevel_DamageUp_ShootPhysics">
      <DisplayName>OS強化レベル変更_実弾属性弾強化</DisplayName>
      <Description>【デバッグ用】OS強化のレベル</Description>
      <Maximum>5</Maximum>
      <SortID>10080010</SortID>
      <UnkC8>自機用/デバッグ使用のみ</UnkC8>
    </Field>
    <Field Def="u8 osReinforceLevel_DamageUp_ShootMagic">
      <DisplayName>OS強化レベル変更_EN属性弾強化</DisplayName>
      <Description>【デバッグ用】OS強化のレベル</Description>
      <Maximum>5</Maximum>
      <SortID>10080020</SortID>
      <UnkC8>自機用/デバッグ使用のみ</UnkC8>
    </Field>
    <Field Def="u8 osReinforceLevel_DamageUp_ShootFire">
      <DisplayName>OS強化レベル変更_爆発属性弾強化</DisplayName>
      <Description>【デバッグ用】OS強化のレベル</Description>
      <Maximum>5</Maximum>
      <SortID>10080030</SortID>
      <UnkC8>自機用/デバッグ使用のみ</UnkC8>
    </Field>
    <Field Def="u8 osReinforceLevel_DamageUp_Melee">
      <DisplayName>OS強化レベル変更_格闘武器強化</DisplayName>
      <Description>【デバッグ用】OS強化のレベル</Description>
      <Maximum>5</Maximum>
      <SortID>10080040</SortID>
      <UnkC8>自機用/デバッグ使用のみ</UnkC8>
    </Field>
    <Field Def="u8 osReinforceLevel_DamageUp_Critical">
      <DisplayName>OS強化レベル変更_クリティカルヒット</DisplayName>
      <Description>【デバッグ用】OS強化のレベル</Description>
      <Maximum>5</Maximum>
      <SortID>10080050</SortID>
      <UnkC8>自機用/デバッグ使用のみ</UnkC8>
    </Field>
    <Field Def="u8 osReinforceLevel_DamageCut">
      <DisplayName>OS強化レベル変更_ダメージ軽減</DisplayName>
      <Description>【デバッグ用】OS強化のレベル</Description>
      <Maximum>5</Maximum>
      <SortID>10080060</SortID>
      <UnkC8>自機用/デバッグ使用のみ</UnkC8>
    </Field>
    <Field Def="u8 osReinforceLevel_KickEnable">
      <DisplayName>OS強化レベル変更_アサルトブーストキック解禁</DisplayName>
      <Description>【デバッグ用】OS強化のレベル</Description>
      <Maximum>5</Maximum>
      <SortID>10080170</SortID>
      <UnkC8>自機用/デバッグ使用のみ</UnkC8>
    </Field>
    <Field Def="u8 osReinforceLevel_WeaponHanger">
      <DisplayName>OS強化レベル変更_武器ハンガー解禁</DisplayName>
      <Description>【デバッグ用】OS強化のレベル</Description>
      <Maximum>5</Maximum>
      <SortID>10080180</SortID>
      <UnkC8>自機用/デバッグ使用のみ</UnkC8>
    </Field>
    <Field Def="u8 osReinforceLevel_FreeAimEnable">
      <DisplayName>OS強化レベル変更_フリーエイム解禁</DisplayName>
      <Description>【デバッグ用】OS強化のレベル</Description>
      <Maximum>5</Maximum>
      <SortID>10080190</SortID>
      <UnkC8>自機用/デバッグ使用のみ</UnkC8>
    </Field>
    <Field Def="u8 osReinforceLevel_RecoverItem_RecoverUp">
      <DisplayName>OS強化レベル変更_回復量増加</DisplayName>
      <Description>【デバッグ用】OS強化のレベル</Description>
      <Maximum>5</Maximum>
      <SortID>10080100</SortID>
      <UnkC8>自機用/デバッグ使用のみ</UnkC8>
    </Field>
    <Field Def="u8 osReinforceLevel_HackingUp">
      <DisplayName>OS強化レベル変更_ハッキング性能アップ</DisplayName>
      <Description>【デバッグ用】OS強化のレベル</Description>
      <Maximum>5</Maximum>
      <SortID>10080110</SortID>
      <UnkC8>自機用/デバッグ使用のみ</UnkC8>
    </Field>
    <Field Def="u8 osReinforceLevel_OverWeightOk">
      <DisplayName>OS強化レベル変更_脚部積載重量過多出撃制限解除</DisplayName>
      <Description>【デバッグ用】OS強化のレベル</Description>
      <Maximum>5</Maximum>
      <SortID>10080120</SortID>
      <UnkC8>自機用/デバッグ使用のみ</UnkC8>
    </Field>
    <Field Def="u8 osReinforceLevel_AssaultArmor">
      <DisplayName>OS強化レベル変更_アサルトアーマー</DisplayName>
      <Description>【デバッグ用】OS強化のレベル</Description>
      <Maximum>5</Maximum>
      <SortID>10080130</SortID>
      <UnkC8>自機用/デバッグ使用のみ</UnkC8>
    </Field>
    <Field Def="u8 osReinforceLevel_FollowingBarrier">
      <DisplayName>OS強化レベル変更_追従バリア</DisplayName>
      <Description>【デバッグ用】OS強化のレベル</Description>
      <Maximum>5</Maximum>
      <SortID>10080140</SortID>
      <UnkC8>自機用/デバッグ使用のみ</UnkC8>
    </Field>
    <Field Def="u8 osReinforceLevel_StationaryBarrier">
      <DisplayName>OS強化レベル変更_設置バリア</DisplayName>
      <Description>【デバッグ用】OS強化のレベル</Description>
      <Maximum>5</Maximum>
      <SortID>10080150</SortID>
      <UnkC8>自機用/デバッグ使用のみ</UnkC8>
    </Field>
    <Field Def="u8 osReinforceLevel_EmergencyBarrier">
      <DisplayName>OS強化レベル変更_緊急バリア</DisplayName>
      <Description>【デバッグ用】OS強化のレベル</Description>
      <Maximum>5</Maximum>
      <SortID>10080160</SortID>
      <UnkC8>自機用/デバッグ使用のみ</UnkC8>
    </Field>
    <Field Def="u8 osReinforceLevel_QuickTurn">
      <DisplayName>OS強化レベル変更_クイックターン</DisplayName>
      <Description>【デバッグ用】OS強化のレベル</Description>
      <Maximum>5</Maximum>
      <SortID>10080200</SortID>
      <UnkC8>自機用/デバッグ使用のみ</UnkC8>
    </Field>
    <Field Def="dummy8 tailPadding[31]">
      <DisplayName>末尾パディング</DisplayName>
      <Description>末尾パディング</Description>
      <SortID>90000000</SortID>
      <UnkC8>パディング</UnkC8>
    </Field>
  </Fields>
</PARAMDEF>