﻿<?xml version="1.0" encoding="utf-8"?>
<PARAMDEF XmlVersion="3">
  <ParamType>CHR_HIT_MATERIAL_CHECK_PARAM_ST</ParamType>
  <DataVersion>1</DataVersion>
  <BigEndian>False</BigEndian>
  <Unicode>True</Unicode>
  <FormatVersion>203</FormatVersion>
  <Fields>
    <Field Def="s32 HitMaterialId_0 = -1">
      <DisplayName>ヒットマテリアルID 0</DisplayName>
      <Description>接地しているかチェックする地面のマテリアルID 0</Description>
      <EditFlags>None</EditFlags>
      <Minimum>-1</Minimum>
      <Maximum>99999999</Maximum>
      <SortID>10</SortID>
    </Field>
    <Field Def="s32 HitMaterialId_1 = -1">
      <DisplayName>ヒットマテリアルID 1</DisplayName>
      <Description>接地しているかチェックする地面のマテリアルID 1</Description>
      <EditFlags>None</EditFlags>
      <Minimum>-1</Minimum>
      <Maximum>99999999</Maximum>
      <SortID>20</SortID>
    </Field>
    <Field Def="s32 HitMaterialId_2 = -1">
      <DisplayName>ヒットマテリアルID 2</DisplayName>
      <Description>接地しているかチェックする地面のマテリアルID 2</Description>
      <EditFlags>None</EditFlags>
      <Minimum>-1</Minimum>
      <Maximum>99999999</Maximum>
      <SortID>30</SortID>
    </Field>
    <Field Def="s32 HitMaterialId_3 = -1">
      <DisplayName>ヒットマテリアルID 3</DisplayName>
      <Description>接地しているかチェックする地面のマテリアルID 3</Description>
      <EditFlags>None</EditFlags>
      <Minimum>-1</Minimum>
      <Maximum>99999999</Maximum>
      <SortID>40</SortID>
    </Field>
    <Field Def="s32 HitMaterialId_4 = -1">
      <DisplayName>ヒットマテリアルID 4</DisplayName>
      <Description>接地しているかチェックする地面のマテリアルID 4</Description>
      <EditFlags>None</EditFlags>
      <Minimum>-1</Minimum>
      <Maximum>99999999</Maximum>
      <SortID>50</SortID>
    </Field>
    <Field Def="s32 HitMaterialId_5 = -1">
      <DisplayName>ヒットマテリアルID 5</DisplayName>
      <Description>接地しているかチェックする地面のマテリアルID 5</Description>
      <EditFlags>None</EditFlags>
      <Minimum>-1</Minimum>
      <Maximum>99999999</Maximum>
      <SortID>60</SortID>
    </Field>
    <Field Def="s32 HitMaterialId_6 = -1">
      <DisplayName>ヒットマテリアルID 6</DisplayName>
      <Description>接地しているかチェックする地面のマテリアルID 6</Description>
      <EditFlags>None</EditFlags>
      <Minimum>-1</Minimum>
      <Maximum>99999999</Maximum>
      <SortID>70</SortID>
    </Field>
    <Field Def="s32 HitMaterialId_7 = -1">
      <DisplayName>ヒットマテリアルID 7</DisplayName>
      <Description>接地しているかチェックする地面のマテリアルID 7</Description>
      <EditFlags>None</EditFlags>
      <Minimum>-1</Minimum>
      <Maximum>99999999</Maximum>
      <SortID>80</SortID>
    </Field>
    <Field Def="s32 HitMaterialId_8 = -1">
      <DisplayName>ヒットマテリアルID 8</DisplayName>
      <Description>接地しているかチェックする地面のマテリアルID 8</Description>
      <EditFlags>None</EditFlags>
      <Minimum>-1</Minimum>
      <Maximum>99999999</Maximum>
      <SortID>90</SortID>
    </Field>
    <Field Def="s32 HitMaterialId_9 = -1">
      <DisplayName>ヒットマテリアルID 9</DisplayName>
      <Description>接地しているかチェックする地面のマテリアルID 9</Description>
      <EditFlags>None</EditFlags>
      <Minimum>-1</Minimum>
      <Maximum>99999999</Maximum>
      <SortID>100</SortID>
    </Field>
    <Field Def="dummy8 reserve_0[216]">
      <DisplayName>予約</DisplayName>
      <SortID>101</SortID>
    </Field>
  </Fields>
</PARAMDEF>