﻿<?xml version="1.0" encoding="utf-8"?>
<PARAMDEF XmlVersion="3">
  <ParamType>COMPANY_CONTRIBUTEPOINT_PARAM_ST</ParamType>
  <DataVersion>1</DataVersion>
  <BigEndian>False</BigEndian>
  <Unicode>True</Unicode>
  <FormatVersion>203</FormatVersion>
  <Fields>
    <Field Def="u8 disableParam_NT:1">
      <DisplayName>NT版出力から外すか</DisplayName>
      <Enum>BOOL_CIRCLECROSS_TYPE</Enum>
      <Description>NT版から除外するか、除外するものに○をつける</Description>
      <Maximum>1</Maximum>
      <SortID>90000</SortID>
    </Field>
    <Field Def="u8 disableParam_Product:1">
      <DisplayName>製品版出力から外すか</DisplayName>
      <Enum>BOOL_CIRCLECROSS_TYPE</Enum>
      <Description>製品版から除外するか、除外するものに○をつける</Description>
      <Maximum>1</Maximum>
      <SortID>90010</SortID>
    </Field>
    <Field Def="dummy8 disableParamReserve1:6">
      <DisplayName>パッケージ出力用リザーブ1</DisplayName>
      <Description>パッケージ出力用リザーブ1</Description>
      <SortID>90011</SortID>
    </Field>
    <Field Def="dummy8 disableParamReserve2[3]">
      <DisplayName>パッケージ出力用リザーブ2</DisplayName>
      <Description>パッケージ出力用リザーブ2</Description>
      <SortID>90012</SortID>
    </Field>
    <Field Def="s16 point_0">
      <DisplayName>企業A</DisplayName>
      <Description>企業Aの貢献度加算値</Description>
      <Minimum>0</Minimum>
      <Maximum>9999</Maximum>
      <SortID>1</SortID>
      <UnkC8>貢献度加算値</UnkC8>
    </Field>
    <Field Def="s16 point_1">
      <DisplayName>企業B</DisplayName>
      <Description>企業Bの貢献度加算値</Description>
      <Minimum>0</Minimum>
      <Maximum>9999</Maximum>
      <SortID>2</SortID>
      <UnkC8>貢献度加算値</UnkC8>
    </Field>
    <Field Def="s16 point_2">
      <DisplayName>企業C</DisplayName>
      <Description>企業Cの貢献度加算値</Description>
      <Minimum>0</Minimum>
      <Maximum>9999</Maximum>
      <SortID>3</SortID>
      <UnkC8>貢献度加算値</UnkC8>
    </Field>
    <Field Def="s16 point_3">
      <DisplayName>企業D</DisplayName>
      <Description>企業Dの貢献度加算値</Description>
      <Minimum>0</Minimum>
      <Maximum>9999</Maximum>
      <SortID>4</SortID>
      <UnkC8>貢献度加算値</UnkC8>
    </Field>
    <Field Def="s16 point_4">
      <DisplayName>企業E</DisplayName>
      <Description>企業Eの貢献度加算値</Description>
      <Minimum>0</Minimum>
      <Maximum>9999</Maximum>
      <SortID>5</SortID>
      <UnkC8>貢献度加算値</UnkC8>
    </Field>
    <Field Def="dummy8 reserved[18]">
      <DisplayName>予約</DisplayName>
      <Description>----</Description>
      <DisplayFormat>%d</DisplayFormat>
      <EditFlags>Wrap</EditFlags>
      <SortID>89999</SortID>
    </Field>
  </Fields>
</PARAMDEF>