﻿<?xml version="1.0" encoding="utf-8"?>
<PARAMDEF XmlVersion="3">
  <ParamType>CUTSCENE_GPARAM_TIME_PARAM_ST</ParamType>
  <DataVersion>2</DataVersion>
  <BigEndian>False</BigEndian>
  <Unicode>True</Unicode>
  <FormatVersion>203</FormatVersion>
  <Fields>
    <Field Def="u8 disableParam_NT:1">
      <DisplayName>NT版出力から外すか</DisplayName>
      <Enum>NPC_BOOL</Enum>
      <Description>NT版から除外するか、除外するものに○をつける</Description>
      <Maximum>1</Maximum>
      <SortID>9000</SortID>
    </Field>
    <Field Def="u8 disableParam_Product:1">
      <DisplayName>製品版出力から外すか</DisplayName>
      <Enum>NPC_BOOL</Enum>
      <Description>製品版から除外するか、除外するものに○をつける</Description>
      <Maximum>1</Maximum>
      <SortID>9010</SortID>
    </Field>
    <Field Def="dummy8 disableParamReserve1:6">
      <DisplayName>パッケージ出力用リザーブ1</DisplayName>
      <Description>パッケージ出力用リザーブ1</Description>
      <SortID>9011</SortID>
    </Field>
    <Field Def="dummy8 disableParamReserve2[3]">
      <DisplayName>パッケージ出力用リザーブ2</DisplayName>
      <Description>パッケージ出力用リザーブ2</Description>
      <SortID>9012</SortID>
    </Field>
    <Field Def="u8 DstTimezone_Morning">
      <DisplayName>朝</DisplayName>
      <Enum>CUTSCENE_TIMEZONE_TYPE</Enum>
      <Description>朝(変換時刻はカットシーン時間変換設定シートを参照）</Description>
      <EditFlags>None</EditFlags>
      <Maximum>1</Maximum>
      <SortID>1</SortID>
    </Field>
    <Field Def="u8 DstTimezone_Noon">
      <DisplayName>昼A</DisplayName>
      <Enum>CUTSCENE_TIMEZONE_TYPE</Enum>
      <Description>昼A(変換時刻はカットシーン時間変換設定シートを参照）</Description>
      <EditFlags>None</EditFlags>
      <Maximum>1</Maximum>
      <SortID>2</SortID>
    </Field>
    <Field Def="u8 DstTimezone_AfterNoon">
      <DisplayName>昼B</DisplayName>
      <Enum>CUTSCENE_TIMEZONE_TYPE</Enum>
      <Description>昼B(変換時刻はカットシーン時間変換設定シートを参照）</Description>
      <EditFlags>None</EditFlags>
      <Maximum>1</Maximum>
      <SortID>3</SortID>
    </Field>
    <Field Def="u8 DstTimezone_Evening">
      <DisplayName>夕</DisplayName>
      <Enum>CUTSCENE_TIMEZONE_TYPE</Enum>
      <Description>夕(変換時刻はカットシーン時間変換設定シートを参照）</Description>
      <EditFlags>None</EditFlags>
      <Maximum>1</Maximum>
      <SortID>4</SortID>
    </Field>
    <Field Def="u8 DstTimezone_Night">
      <DisplayName>夜</DisplayName>
      <Enum>CUTSCENE_TIMEZONE_TYPE</Enum>
      <Description>夜(変換時刻はカットシーン時間変換設定シートを参照）</Description>
      <EditFlags>None</EditFlags>
      <Maximum>1</Maximum>
      <SortID>5</SortID>
    </Field>
    <Field Def="u8 DstTimezone_DeepNightA">
      <DisplayName>深夜A</DisplayName>
      <Enum>CUTSCENE_TIMEZONE_TYPE</Enum>
      <Description>深夜A(変換時刻はカットシーン時間変換設定シートを参照）</Description>
      <EditFlags>None</EditFlags>
      <Maximum>1</Maximum>
      <SortID>6</SortID>
    </Field>
    <Field Def="u8 DstTimezone_DeepNightB">
      <DisplayName>深夜B</DisplayName>
      <Enum>CUTSCENE_TIMEZONE_TYPE</Enum>
      <Description>深夜B(変換時刻はカットシーン時間変換設定シートを参照）</Description>
      <EditFlags>None</EditFlags>
      <Maximum>1</Maximum>
      <SortID>7</SortID>
    </Field>
    <Field Def="dummy8 reserved[1]">
      <Description>reserved</Description>
      <SortID>9013</SortID>
    </Field>
  </Fields>
</PARAMDEF>