﻿<?xml version="1.0" encoding="utf-8"?>
<PARAMDEF XmlVersion="3">
  <ParamType>CUTSCENE_GPARAM_WEATHER_PARAM_ST</ParamType>
  <DataVersion>2</DataVersion>
  <BigEndian>False</BigEndian>
  <Unicode>True</Unicode>
  <FormatVersion>203</FormatVersion>
  <Fields>
    <Field Def="u8 disableParam_NT:1">
      <DisplayName>NT版出力から外すか</DisplayName>
      <Enum>NPC_BOOL</Enum>
      <Description>NT版から除外するか、除外するものに○をつける</Description>
      <Maximum>1</Maximum>
      <SortID>9000</SortID>
    </Field>
    <Field Def="u8 disableParam_Product:1">
      <DisplayName>製品版出力から外すか</DisplayName>
      <Enum>NPC_BOOL</Enum>
      <Description>製品版から除外するか、除外するものに○をつける</Description>
      <Maximum>1</Maximum>
      <SortID>9010</SortID>
    </Field>
    <Field Def="dummy8 disableParamReserve1:6">
      <DisplayName>パッケージ出力用リザーブ1</DisplayName>
      <Description>パッケージ出力用リザーブ1</Description>
      <SortID>10000</SortID>
    </Field>
    <Field Def="dummy8 disableParamReserve2[3]">
      <DisplayName>パッケージ出力用リザーブ2</DisplayName>
      <Description>パッケージ出力用リザーブ2</Description>
      <SortID>10001</SortID>
    </Field>
    <Field Def="s16 DstWeather_Sunny">
      <DisplayName>晴れ</DisplayName>
      <Enum>WEATHER_TYPE</Enum>
      <Description>晴れ</Description>
      <EditFlags>None</EditFlags>
      <Minimum>-128</Minimum>
      <Maximum>128</Maximum>
      <SortID>10</SortID>
    </Field>
    <Field Def="s16 DstWeather_ClearSky">
      <DisplayName>快晴</DisplayName>
      <Enum>WEATHER_TYPE</Enum>
      <Description>快晴</Description>
      <EditFlags>None</EditFlags>
      <Minimum>-128</Minimum>
      <Maximum>128</Maximum>
      <SortID>20</SortID>
    </Field>
    <Field Def="s16 DstWeather_WeakCloudy">
      <DisplayName>薄曇り</DisplayName>
      <Enum>WEATHER_TYPE</Enum>
      <Description>薄曇り</Description>
      <EditFlags>None</EditFlags>
      <Minimum>-128</Minimum>
      <Maximum>128</Maximum>
      <SortID>30</SortID>
    </Field>
    <Field Def="s16 DstWeather_Cloud">
      <DisplayName>曇り</DisplayName>
      <Enum>WEATHER_TYPE</Enum>
      <Description>曇り</Description>
      <EditFlags>None</EditFlags>
      <Minimum>-128</Minimum>
      <Maximum>128</Maximum>
      <SortID>40</SortID>
    </Field>
    <Field Def="s16 DstWeather_Rain">
      <DisplayName>雨</DisplayName>
      <Enum>WEATHER_TYPE</Enum>
      <Description>雨</Description>
      <EditFlags>None</EditFlags>
      <Minimum>-128</Minimum>
      <Maximum>128</Maximum>
      <SortID>50</SortID>
    </Field>
    <Field Def="s16 DstWeather_HeavyRain">
      <DisplayName>豪雨</DisplayName>
      <Enum>WEATHER_TYPE</Enum>
      <Description>豪雨</Description>
      <EditFlags>None</EditFlags>
      <Minimum>-128</Minimum>
      <Maximum>128</Maximum>
      <SortID>60</SortID>
    </Field>
    <Field Def="s16 DstWeather_Storm">
      <DisplayName>嵐</DisplayName>
      <Enum>WEATHER_TYPE</Enum>
      <Description>嵐</Description>
      <EditFlags>None</EditFlags>
      <Minimum>-128</Minimum>
      <Maximum>128</Maximum>
      <SortID>70</SortID>
    </Field>
    <Field Def="s16 DstWeather_StormForBattle">
      <DisplayName>嵐（守護者の末裔との戦闘用）</DisplayName>
      <Enum>WEATHER_TYPE</Enum>
      <Description>嵐（守護者の末裔との戦闘用）</Description>
      <EditFlags>None</EditFlags>
      <Minimum>-128</Minimum>
      <Maximum>128</Maximum>
      <SortID>80</SortID>
    </Field>
    <Field Def="s16 DstWeather_Snow">
      <DisplayName>雪</DisplayName>
      <Enum>WEATHER_TYPE</Enum>
      <Description>雪</Description>
      <EditFlags>None</EditFlags>
      <Minimum>-128</Minimum>
      <Maximum>128</Maximum>
      <SortID>90</SortID>
    </Field>
    <Field Def="s16 DstWeather_HeavySnow">
      <DisplayName>大雪</DisplayName>
      <Enum>WEATHER_TYPE</Enum>
      <Description>大雪</Description>
      <EditFlags>None</EditFlags>
      <Minimum>-128</Minimum>
      <Maximum>128</Maximum>
      <SortID>100</SortID>
    </Field>
    <Field Def="s16 DstWeather_Fog">
      <DisplayName>霧</DisplayName>
      <Enum>WEATHER_TYPE</Enum>
      <Description>霧</Description>
      <EditFlags>None</EditFlags>
      <Minimum>-128</Minimum>
      <Maximum>128</Maximum>
      <SortID>110</SortID>
    </Field>
    <Field Def="s16 DstWeather_HeavyFog">
      <DisplayName>濃霧</DisplayName>
      <Enum>WEATHER_TYPE</Enum>
      <Description>濃霧</Description>
      <EditFlags>None</EditFlags>
      <Minimum>-128</Minimum>
      <Maximum>128</Maximum>
      <SortID>120</SortID>
    </Field>
    <Field Def="s16 DstWeather_SandStorm">
      <DisplayName>砂嵐</DisplayName>
      <Enum>WEATHER_TYPE</Enum>
      <Description>砂嵐</Description>
      <EditFlags>None</EditFlags>
      <Minimum>-128</Minimum>
      <Maximum>128</Maximum>
      <SortID>130</SortID>
    </Field>
    <Field Def="s16 DstWeather_HeavyFogRain">
      <DisplayName>濃霧（雨）</DisplayName>
      <Enum>WEATHER_TYPE</Enum>
      <Description>濃霧（雨）</Description>
      <EditFlags>None</EditFlags>
      <Minimum>-128</Minimum>
      <Maximum>128</Maximum>
      <SortID>121</SortID>
    </Field>
    <Field Def="dummy8 reserved[4]">
      <Description>reserved</Description>
      <SortID>9999</SortID>
    </Field>
  </Fields>
</PARAMDEF>