﻿<?xml version="1.0" encoding="utf-8"?>
<PARAMDEF XmlVersion="3">
  <ParamType>CUTSCENE_MAP_ID_PARAM_ST</ParamType>
  <DataVersion>3</DataVersion>
  <BigEndian>False</BigEndian>
  <Unicode>True</Unicode>
  <FormatVersion>203</FormatVersion>
  <Fields>
    <Field Def="u8 disableParam_NT:1">
      <DisplayName>NT版出力から外すか</DisplayName>
      <Enum>NPC_BOOL</Enum>
      <Description>NT版から除外するか、除外するものに○をつける</Description>
      <Maximum>1</Maximum>
      <SortID>9990</SortID>
    </Field>
    <Field Def="u8 disableParam_Product:1">
      <DisplayName>製品版出力から外すか</DisplayName>
      <Enum>NPC_BOOL</Enum>
      <Description>製品版から除外するか、除外するものに○をつける</Description>
      <Maximum>1</Maximum>
      <SortID>9991</SortID>
    </Field>
    <Field Def="dummy8 disableParamReserve1:6">
      <DisplayName>パッケージ出力用リザーブ1</DisplayName>
      <Description>パッケージ出力用リザーブ1</Description>
      <SortID>1000000</SortID>
    </Field>
    <Field Def="dummy8 disableParamReserve2[3]">
      <DisplayName>パッケージ出力用リザーブ2</DisplayName>
      <Description>パッケージ出力用リザーブ2</Description>
      <SortID>1000001</SortID>
    </Field>
    <Field Def="u32 PlayMapId">
      <DisplayName>再生を行なうマップ番号</DisplayName>
      <Description>再生を行なうマップ番号を8桁の数字で入力して下さい。カットシーンで基準としているマップの番号になります。正しいマップ番号を指定しないと再生位置がずれます。</Description>
      <EditFlags>None</EditFlags>
      <Maximum>99999999</Maximum>
      <SortID>1</SortID>
    </Field>
    <Field Def="u32 RequireMapId0">
      <DisplayName>表示に必要なマップ番号１</DisplayName>
      <Description>表示に必要なマップ番号を8桁の数字で入力して下さい。このパラメータは、ゲスト側がカットシーンを再生可能か判断するためのリストとして利用します。必要ない場合は、0もしくは未記入で良いです。</Description>
      <EditFlags>None</EditFlags>
      <Maximum>99999999</Maximum>
      <SortID>2</SortID>
    </Field>
    <Field Def="u32 RequireMapId1">
      <DisplayName>表示に必要なマップ番号２</DisplayName>
      <Description>表示に必要なマップ番号を8桁の数字で入力して下さい。このパラメータは、ゲスト側がカットシーンを再生可能か判断するためのリストとして利用します。必要ない場合は、0もしくは未記入で良いです。</Description>
      <EditFlags>None</EditFlags>
      <Maximum>99999999</Maximum>
      <SortID>3</SortID>
    </Field>
    <Field Def="u32 RequireMapId2">
      <DisplayName>表示に必要なマップ番号３</DisplayName>
      <Description>表示に必要なマップ番号を8桁の数字で入力して下さい。このパラメータは、ゲスト側がカットシーンを再生可能か判断するためのリストとして利用します。必要ない場合は、0もしくは未記入で良いです。</Description>
      <EditFlags>None</EditFlags>
      <Maximum>99999999</Maximum>
      <SortID>4</SortID>
    </Field>
    <Field Def="u32 RequireMapId3">
      <DisplayName>表示に必要なマップ番号４</DisplayName>
      <Description>表示に必要なマップ番号を8桁の数字で入力して下さい。このパラメータは、ゲスト側がカットシーンを再生可能か判断するためのリストとして利用します。必要ない場合は、0もしくは未記入で良いです。</Description>
      <EditFlags>None</EditFlags>
      <Maximum>99999999</Maximum>
      <SortID>5</SortID>
    </Field>
    <Field Def="u32 RequireMapId4">
      <DisplayName>表示に必要なマップ番号５</DisplayName>
      <Description>表示に必要なマップ番号を8桁の数字で入力して下さい。このパラメータは、ゲスト側がカットシーンを再生可能か判断するためのリストとして利用します。必要ない場合は、0もしくは未記入で良いです。</Description>
      <EditFlags>None</EditFlags>
      <Maximum>99999999</Maximum>
      <SortID>6</SortID>
    </Field>
    <Field Def="u32 RequireMapId5">
      <DisplayName>表示に必要なマップ番号６</DisplayName>
      <Description>表示に必要なマップ番号を8桁の数字で入力して下さい。このパラメータは、ゲスト側がカットシーンを再生可能か判断するためのリストとして利用します。必要ない場合は、0もしくは未記入で良いです。</Description>
      <EditFlags>None</EditFlags>
      <Maximum>99999999</Maximum>
      <SortID>7</SortID>
    </Field>
    <Field Def="u32 RequireMapId6">
      <DisplayName>表示に必要なマップ番号７</DisplayName>
      <Description>表示に必要なマップ番号を8桁の数字で入力して下さい。このパラメータは、ゲスト側がカットシーンを再生可能か判断するためのリストとして利用します。必要ない場合は、0もしくは未記入で良いです。</Description>
      <EditFlags>None</EditFlags>
      <Maximum>99999999</Maximum>
      <SortID>8</SortID>
    </Field>
    <Field Def="u32 CutsceneId">
      <DisplayName>カットシーンID</DisplayName>
      <Description>8桁のカットシーンID。この数字は自動入力されます。</Description>
      <EditFlags>None</EditFlags>
      <Maximum>99999999</Maximum>
      <SortID>9500</SortID>
    </Field>
    <Field Def="u8 isRetryPlayCancel">
      <DisplayName>リトライ時に再生するか</DisplayName>
      <Enum>CUTSCENE_RETRY_SKIP_TYPE</Enum>
      <Description>ミッションリトライ時に冒頭のカットシーンを再度再生したくないものに設定してください</Description>
      <EditFlags>None</EditFlags>
      <Maximum>1</Maximum>
      <SortID>8000</SortID>
    </Field>
    <Field Def="s8 SkipPlayerBehaviorState = -1">
      <DisplayName>スキップ時の自機開始ステート</DisplayName>
      <Enum>CUTSCENE_SKIP_BEHAVIOR_STATE_TYPE</Enum>
      <Description>カットシーンスキップ後のプレイヤーのステートを指定したい場合に設定(FNR-19061)
デフォルトは何もしない</Description>
      <EditFlags>None</EditFlags>
      <Minimum>-1</Minimum>
      <Maximum>3</Maximum>
      <SortID>8100</SortID>
    </Field>
    <Field Def="s8 PlayerBehaviorState = 1">
      <DisplayName>カットシーン後の自機開始ステート</DisplayName>
      <Enum>CUTSCENE_SKIP_BEHAVIOR_STATE_TYPE</Enum>
      <Description>カットシーン再生後のプレイヤーのステートを指定したい場合に設定(FNR-22275)
デフォルトは待機なので注意</Description>
      <EditFlags>None</EditFlags>
      <Minimum>-1</Minimum>
      <Maximum>3</Maximum>
      <SortID>8110</SortID>
    </Field>
    <Field Def="u8 ToCutsceneFadeoutWhite:1">
      <DisplayName>インゲーム⇒CSのフェードアウト時にホワイトアウトさせるか</DisplayName>
      <Enum>NPC_BOOL</Enum>
      <Description>カットシーン開始時のフェードアウトに黒ではなく白にするか</Description>
      <EditFlags>None</EditFlags>
      <Maximum>1</Maximum>
      <SortID>7020</SortID>
    </Field>
    <Field Def="u8 isSkipMapLoadWait:1">
      <DisplayName>スキップ時にマップのロード待ちをするか</DisplayName>
      <Enum>NPC_BOOL</Enum>
      <Description>スキップ時にNowLoading画面表示してロード待ちをするか
主にカタパルトのカットシーン向けの設定</Description>
      <EditFlags>None</EditFlags>
      <Maximum>1</Maximum>
      <SortID>8900</SortID>
    </Field>
    <Field Def="u8 isEventContinue:1">
      <DisplayName>イベントで連続再生されるか</DisplayName>
      <Enum>NPC_BOOL</Enum>
      <Description>連続再生じにFEが一瞬表示されてしまうのでそれの回避のためのフラグ</Description>
      <EditFlags>None</EditFlags>
      <Maximum>1</Maximum>
      <SortID>8300</SortID>
    </Field>
    <Field Def="u8 isSkipResetToneMap:1">
      <DisplayName>スキップ時に自動露出をリセットするか</DisplayName>
      <Enum>NPC_BOOL</Enum>
      <Description>[FNR-32651] 【6F】【カットシーン】「アッシュ登場」をスキップすると画面が白くなります の対応で自動露出をリセットするようにするか</Description>
      <EditFlags>None</EditFlags>
      <Maximum>1</Maximum>
      <SortID>8980</SortID>
    </Field>
    <Field Def="u8 isIngameDecalClearRemoDecalVisible:1">
      <DisplayName>インゲームデカールを削除してカットシーンのデカールを優先する</DisplayName>
      <Enum>NPC_BOOL</Enum>
      <Description>[FNR-36964] 【カットシーン】カットシーン上でデカールが表示されない</Description>
      <EditFlags>None</EditFlags>
      <Maximum>1</Maximum>
      <SortID>8600</SortID>
    </Field>
    <Field Def="dummy8 reserve:3">
      <SortID>999999</SortID>
    </Field>
    <Field Def="f32 ToCutsceneFadeoutTime = -1">
      <DisplayName>インゲーム⇒CSのフェードアウト時間[s]</DisplayName>
      <Description>カットシーン開始時のフェードアウト時間(-1でシステムデフォルト時間）</Description>
      <DisplayFormat>%.2f</DisplayFormat>
      <EditFlags>None</EditFlags>
      <Minimum>-1</Minimum>
      <Maximum>10</Maximum>
      <SortID>7000</SortID>
    </Field>
    <Field Def="f32 ToIngameFadeinTime = -1">
      <DisplayName>CS⇒インゲームのフェードイン時間[s]</DisplayName>
      <Description>カットシーン終了時のフェードイン時間(-1でシステムデフォルト時間）</Description>
      <DisplayFormat>%.2f</DisplayFormat>
      <EditFlags>None</EditFlags>
      <Minimum>-1</Minimum>
      <Maximum>10</Maximum>
      <SortID>7010</SortID>
    </Field>
  </Fields>
</PARAMDEF>