﻿<?xml version="1.0" encoding="utf-8"?>
<PARAMDEF XmlVersion="3">
  <ParamType>CYLINDER_PARAM_ST</ParamType>
  <DataVersion>1</DataVersion>
  <BigEndian>False</BigEndian>
  <Unicode>True</Unicode>
  <FormatVersion>203</FormatVersion>
  <Fields>
    <Field Def="fixstr strCtrlBoneName[24]">
      <DisplayName>制御ボーン名</DisplayName>
      <Description>適用するボーン名（設定方法がスケルトンの場合のみ有効）</Description>
      <SortID>200</SortID>
    </Field>
    <Field Def="u32 dmyPolyId">
      <DisplayName>ターゲットダミポリID</DisplayName>
      <Description>適用するダミポリID（設定方法がダミポリの場合のみ有効）</Description>
      <Maximum>9999999</Maximum>
      <SortID>210</SortID>
    </Field>
    <Field Def="dummy8 pad0[8]">
      <DisplayName>pad</DisplayName>
      <DisplayFormat>%f</DisplayFormat>
      <EditFlags>Wrap</EditFlags>
      <SortID>1101</SortID>
    </Field>
    <Field Def="u8 axisZ">
      <DisplayName>ターゲット方向に向ける軸</DisplayName>
      <Enum>IK_KNEE_AXIS_TYPE</Enum>
      <Description>ターゲット方向に向ける軸（他の軸とかぶらないように）</Description>
      <Maximum>1</Maximum>
      <SortID>1100</SortID>
    </Field>
    <Field Def="u8 axisY">
      <DisplayName>左右方向の回転軸</DisplayName>
      <Enum>IK_KNEE_AXIS_TYPE</Enum>
      <Description>左右の回転として扱う軸（他の軸とかぶらないように）</Description>
      <Maximum>1</Maximum>
      <SortID>1100</SortID>
    </Field>
    <Field Def="dummy8 pad1[2]">
      <DisplayName>pad</DisplayName>
      <DisplayFormat>%f</DisplayFormat>
      <EditFlags>Wrap</EditFlags>
      <SortID>1102</SortID>
    </Field>
    <Field Def="dummy8 pad_end[24]">
      <DisplayName>pad</DisplayName>
      <SortID>1103</SortID>
    </Field>
  </Fields>
</PARAMDEF>