﻿<?xml version="1.0" encoding="utf-8"?>
<PARAMDEF XmlVersion="3">
  <ParamType>DAMAGE_LEVEL_CONV_PARAM_ST</ParamType>
  <DataVersion>1</DataVersion>
  <BigEndian>False</BigEndian>
  <Unicode>True</Unicode>
  <FormatVersion>203</FormatVersion>
  <Fields>
    <Field Def="s8 damageLevel_00 = -1">
      <DisplayName>初期ダメージレベル</DisplayName>
      <Description>初期状態のダメージレベル</Description>
      <Minimum>-1</Minimum>
      <SortID>100</SortID>
    </Field>
    <Field Def="dummy8 pad0_1[7]">
      <DisplayName>パディング</DisplayName>
      <DisplayFormat>%f</DisplayFormat>
      <EditFlags>Wrap</EditFlags>
      <SortID>1201</SortID>
    </Field>
    <Field Def="dummy8 pad0_2[12]">
      <DisplayName>パディング</DisplayName>
      <DisplayFormat>%f</DisplayFormat>
      <EditFlags>Wrap</EditFlags>
      <SortID>1202</SortID>
    </Field>
    <Field Def="s8 damageLevel_01 = -1">
      <DisplayName>閾値0突破時ダメージレベル</DisplayName>
      <Description>閾値0～閾値1でのダメージレベル</Description>
      <Minimum>-1</Minimum>
      <SortID>200</SortID>
    </Field>
    <Field Def="dummy8 pad1_1[7]">
      <DisplayName>パディング</DisplayName>
      <DisplayFormat>%f</DisplayFormat>
      <EditFlags>Wrap</EditFlags>
      <SortID>1203</SortID>
    </Field>
    <Field Def="dummy8 pad1_2[12]">
      <DisplayName>パディング</DisplayName>
      <DisplayFormat>%f</DisplayFormat>
      <EditFlags>Wrap</EditFlags>
      <SortID>1204</SortID>
    </Field>
    <Field Def="s8 damageLevel_02 = -1">
      <DisplayName>閾値1突破時ダメージレベル</DisplayName>
      <Description>閾値1～閾値2でのダメージレベル</Description>
      <Minimum>-1</Minimum>
      <SortID>300</SortID>
    </Field>
    <Field Def="dummy8 pad2_1[7]">
      <DisplayName>パディング</DisplayName>
      <DisplayFormat>%f</DisplayFormat>
      <EditFlags>Wrap</EditFlags>
      <SortID>1205</SortID>
    </Field>
    <Field Def="dummy8 pad2_2[12]">
      <DisplayName>パディング</DisplayName>
      <DisplayFormat>%f</DisplayFormat>
      <EditFlags>Wrap</EditFlags>
      <SortID>1206</SortID>
    </Field>
    <Field Def="s8 damageLevel_03 = -1">
      <DisplayName>閾値2突破時ダメージレベル</DisplayName>
      <Description>閾値2～閾値3でのダメージレベル</Description>
      <Minimum>-1</Minimum>
      <SortID>400</SortID>
    </Field>
    <Field Def="dummy8 pad3_1[7]">
      <DisplayName>パディング</DisplayName>
      <DisplayFormat>%f</DisplayFormat>
      <EditFlags>Wrap</EditFlags>
      <SortID>1207</SortID>
    </Field>
    <Field Def="dummy8 pad3_2[12]">
      <DisplayName>パディング</DisplayName>
      <DisplayFormat>%f</DisplayFormat>
      <EditFlags>Wrap</EditFlags>
      <SortID>1208</SortID>
    </Field>
    <Field Def="s8 damageLevel_04 = -1">
      <DisplayName>閾値3突破時ダメージレベル</DisplayName>
      <Description>閾値3～閾値4でのダメージレベル</Description>
      <Minimum>-1</Minimum>
      <SortID>500</SortID>
    </Field>
    <Field Def="dummy8 pad4_1[7]">
      <DisplayName>パディング</DisplayName>
      <DisplayFormat>%f</DisplayFormat>
      <EditFlags>Wrap</EditFlags>
      <SortID>1209</SortID>
    </Field>
    <Field Def="dummy8 pad4_2[12]">
      <DisplayName>パディング</DisplayName>
      <DisplayFormat>%f</DisplayFormat>
      <EditFlags>Wrap</EditFlags>
      <SortID>1210</SortID>
    </Field>
    <Field Def="s8 damageLevel_05 = -1">
      <DisplayName>閾値4突破時ダメージレベル</DisplayName>
      <Description>閾値4～閾値5でのダメージレベル</Description>
      <Minimum>-1</Minimum>
      <SortID>600</SortID>
    </Field>
    <Field Def="dummy8 pad5_1[7]">
      <DisplayName>パディング</DisplayName>
      <DisplayFormat>%f</DisplayFormat>
      <EditFlags>Wrap</EditFlags>
      <SortID>1211</SortID>
    </Field>
    <Field Def="dummy8 pad5_2[12]">
      <DisplayName>パディング</DisplayName>
      <DisplayFormat>%f</DisplayFormat>
      <EditFlags>Wrap</EditFlags>
      <SortID>1212</SortID>
    </Field>
    <Field Def="s8 damageLevel_06 = -1">
      <DisplayName>閾値5突破時ダメージレベル</DisplayName>
      <Description>閾値5～閾値6でのダメージレベル</Description>
      <Minimum>-1</Minimum>
      <SortID>700</SortID>
    </Field>
    <Field Def="dummy8 pad6_1[7]">
      <DisplayName>パディング</DisplayName>
      <DisplayFormat>%f</DisplayFormat>
      <EditFlags>Wrap</EditFlags>
      <SortID>1213</SortID>
    </Field>
    <Field Def="dummy8 pad6_2[12]">
      <DisplayName>パディング</DisplayName>
      <DisplayFormat>%f</DisplayFormat>
      <EditFlags>Wrap</EditFlags>
      <SortID>1214</SortID>
    </Field>
    <Field Def="s8 damageLevel_07 = -1">
      <DisplayName>閾値6突破時ダメージレベル</DisplayName>
      <Description>閾値6～閾値7でのダメージレベル</Description>
      <Minimum>-1</Minimum>
      <SortID>800</SortID>
    </Field>
    <Field Def="dummy8 pad7_1[7]">
      <DisplayName>パディング</DisplayName>
      <DisplayFormat>%f</DisplayFormat>
      <EditFlags>Wrap</EditFlags>
      <SortID>1215</SortID>
    </Field>
    <Field Def="dummy8 pad7_2[12]">
      <DisplayName>パディング</DisplayName>
      <DisplayFormat>%f</DisplayFormat>
      <EditFlags>Wrap</EditFlags>
      <SortID>1216</SortID>
    </Field>
    <Field Def="s8 damageLevel_08 = -1">
      <DisplayName>閾値7突破時ダメージレベル</DisplayName>
      <Description>閾値7～閾値8でのダメージレベル</Description>
      <Minimum>-1</Minimum>
      <SortID>900</SortID>
    </Field>
    <Field Def="dummy8 pad8_1[7]">
      <DisplayName>パディング</DisplayName>
      <DisplayFormat>%f</DisplayFormat>
      <EditFlags>Wrap</EditFlags>
      <SortID>1217</SortID>
    </Field>
    <Field Def="dummy8 pad8_2[12]">
      <DisplayName>パディング</DisplayName>
      <DisplayFormat>%f</DisplayFormat>
      <EditFlags>Wrap</EditFlags>
      <SortID>1218</SortID>
    </Field>
    <Field Def="s8 damageLevel_09 = -1">
      <DisplayName>閾値8突破時ダメージレベル</DisplayName>
      <Description>閾値8～閾値9でのダメージレベル</Description>
      <Minimum>-1</Minimum>
      <SortID>1000</SortID>
    </Field>
    <Field Def="dummy8 pad9_1[7]">
      <DisplayName>パディング</DisplayName>
      <DisplayFormat>%f</DisplayFormat>
      <EditFlags>Wrap</EditFlags>
      <SortID>1219</SortID>
    </Field>
    <Field Def="dummy8 pad9_2[12]">
      <DisplayName>パディング</DisplayName>
      <DisplayFormat>%f</DisplayFormat>
      <EditFlags>Wrap</EditFlags>
      <SortID>1220</SortID>
    </Field>
    <Field Def="s8 damageLevel_10 = -1">
      <DisplayName>閾値9突破時ダメージレベル</DisplayName>
      <Description>閾値9～閾値10でのダメージレベル</Description>
      <Minimum>-1</Minimum>
      <SortID>1100</SortID>
    </Field>
    <Field Def="dummy8 pad10_1[7]">
      <DisplayName>パディング</DisplayName>
      <DisplayFormat>%f</DisplayFormat>
      <EditFlags>Wrap</EditFlags>
      <SortID>1221</SortID>
    </Field>
    <Field Def="dummy8 pad10_2[12]">
      <DisplayName>パディング</DisplayName>
      <DisplayFormat>%f</DisplayFormat>
      <EditFlags>Wrap</EditFlags>
      <SortID>1222</SortID>
    </Field>
    <Field Def="s8 damageLevel_11 = -1">
      <DisplayName>閾値10突破時ダメージレベル</DisplayName>
      <Description>閾値10～でのダメージレベル</Description>
      <Minimum>-1</Minimum>
      <SortID>1200</SortID>
    </Field>
    <Field Def="dummy8 pad11_1[7]">
      <DisplayName>パディング</DisplayName>
      <DisplayFormat>%f</DisplayFormat>
      <EditFlags>Wrap</EditFlags>
      <SortID>1223</SortID>
    </Field>
    <Field Def="dummy8 pad_end[28]">
      <DisplayName>パディング</DisplayName>
      <DisplayFormat>%f</DisplayFormat>
      <EditFlags>Wrap</EditFlags>
      <SortID>1224</SortID>
    </Field>
  </Fields>
</PARAMDEF>