﻿<?xml version="1.0" encoding="utf-8"?>
<PARAMDEF XmlVersion="3">
  <ParamType>DIRECTION_CAMERA_PARAM_ST</ParamType>
  <DataVersion>2</DataVersion>
  <BigEndian>False</BigEndian>
  <Unicode>True</Unicode>
  <FormatVersion>203</FormatVersion>
  <Fields>
    <Field Def="u8 disableParam_NT:1">
      <DisplayName>NT版出力から外すか</DisplayName>
      <Enum>NPC_BOOL</Enum>
      <Description>NT版から除外するか、除外するものに○をつける</Description>
      <Maximum>1</Maximum>
      <SortID>9000</SortID>
    </Field>
    <Field Def="u8 disableParam_Product:1">
      <DisplayName>製品版出力から外すか</DisplayName>
      <Enum>NPC_BOOL</Enum>
      <Description>製品版から除外するか、除外するものに○をつける</Description>
      <Maximum>1</Maximum>
      <SortID>9010</SortID>
    </Field>
    <Field Def="dummy8 disableParamReserve1:6">
      <DisplayName>パッケージ出力用リザーブ1</DisplayName>
      <Description>パッケージ出力用リザーブ1</Description>
      <SortID>9011</SortID>
    </Field>
    <Field Def="dummy8 disableParamReserve2[3]">
      <DisplayName>パッケージ出力用リザーブ2</DisplayName>
      <Description>パッケージ出力用リザーブ2</Description>
      <SortID>9012</SortID>
    </Field>
    <Field Def="u8 isUseOption:1">
      <DisplayName>オプションの影響を受けるか</DisplayName>
      <Enum>BOOL_YESNO_TYPE</Enum>
      <Description>演出カメラON/OFFオプションの影響を受けるか？</Description>
      <Maximum>1</Maximum>
      <SortID>100</SortID>
    </Field>
    <Field Def="dummy8 pad2:3">
      <DisplayName>パッド</DisplayName>
      <Description>pad</Description>
      <SortID>9013</SortID>
    </Field>
    <Field Def="dummy8 pad1[15]">
      <DisplayName>パッド</DisplayName>
      <Description>pad</Description>
      <SortID>9014</SortID>
    </Field>
  </Fields>
</PARAMDEF>