﻿<?xml version="1.0" encoding="utf-8"?>
<PARAMDEF XmlVersion="3">
  <ParamType>EMBLEM_PIECE_SPEC_ST</ParamType>
  <DataVersion>1</DataVersion>
  <BigEndian>False</BigEndian>
  <Unicode>True</Unicode>
  <FormatVersion>203</FormatVersion>
  <Fields>
    <Field Def="u16 PieceID">
      <DisplayName>ピースID</DisplayName>
      <Description>ピースの識別ID。テクスチャのファイル名 MENU_EmblemPiece_xxxxxxxx に使用</Description>
      <EditFlags>None</EditFlags>
      <SortID>1</SortID>
    </Field>
    <Field Def="u8 CategoryID">
      <DisplayName>カテゴリID</DisplayName>
      <Description>メニューで表示するカテゴリ</Description>
      <EditFlags>None</EditFlags>
      <SortID>2</SortID>
    </Field>
    <Field Def="dummy8 reserved_[13]">
      <DisplayName>reserved_[13]</DisplayName>
      <DisplayFormat>%d</DisplayFormat>
      <SortID>4</SortID>
    </Field>
  </Fields>
</PARAMDEF>