﻿<?xml version="1.0" encoding="utf-8"?>
<PARAMDEF XmlVersion="3">
  <ParamType>EN_AUTO_RECOVERY_CONTROL_PARAM_ALL_TYPES_ST</ParamType>
  <DataVersion>1</DataVersion>
  <BigEndian>False</BigEndian>
  <Unicode>True</Unicode>
  <FormatVersion>203</FormatVersion>
  <Fields>
    <Field Def="u32 entry000_ENRecoveryRate = 100">
      <DisplayName>EN回復率[%]</DisplayName>
      <Description>スタミナ回復速度×スタミナ回復率×0.01とスタミナ回復率を変化させる</Description>
      <EditFlags>None</EditFlags>
      <Maximum>100000000</Maximum>
      <SortID>100</SortID>
      <UnkB8>enAutoRecoveryControlParamType000</UnkB8>
      <UnkC0>EN_AUTO_RECOVERY_CONTROL_PARAM_ST</UnkC0>
      <UnkC8>タイプ000</UnkC8>
    </Field>
    <Field Def="u8 entry000_ENMax = 100">
      <DisplayName>EN上限[%]</DisplayName>
      <Description>スタミナの上限割合を指定する</Description>
      <EditFlags>None</EditFlags>
      <Maximum>100</Maximum>
      <SortID>200</SortID>
      <UnkB8>enAutoRecoveryControlParamType000</UnkB8>
      <UnkC0>EN_AUTO_RECOVERY_CONTROL_PARAM_ST</UnkC0>
      <UnkC8>タイプ000</UnkC8>
    </Field>
    <Field Def="s8 entry000_ENMin = -1">
      <DisplayName>EN下限[%]</DisplayName>
      <Description>スタミナの下限割合を指定する。-1なら、システム的に用意されているEN借金の値を使用する</Description>
      <EditFlags>None</EditFlags>
      <Minimum>-1</Minimum>
      <Maximum>100</Maximum>
      <SortID>300</SortID>
      <UnkB8>enAutoRecoveryControlParamType000</UnkB8>
      <UnkC0>EN_AUTO_RECOVERY_CONTROL_PARAM_ST</UnkC0>
      <UnkC8>タイプ000</UnkC8>
    </Field>
    <Field Def="u8 entry000_DoDelayENRecovery:1">
      <DisplayName>EN回復ディレイあり</DisplayName>
      <Enum>BOOL_CIRCLECROSS_TYPE</Enum>
      <Description>○：EN回復ディレイをかけつづける、×：何もしない（強制的にEN回復ディレイがなくなるわけではない）</Description>
      <EditFlags>None</EditFlags>
      <Maximum>1</Maximum>
      <SortID>400</SortID>
      <UnkB8>enAutoRecoveryControlParamType000</UnkB8>
      <UnkC0>EN_AUTO_RECOVERY_CONTROL_PARAM_ST</UnkC0>
      <UnkC8>タイプ000</UnkC8>
    </Field>
    <Field Def="dummy8 entry000_pad1:7">
      <DisplayName>pad</DisplayName>
      <SortID>15401</SortID>
      <UnkB8>enAutoRecoveryControlParamType000</UnkB8>
      <UnkC0>EN_AUTO_RECOVERY_CONTROL_PARAM_ST</UnkC0>
      <UnkC8>タイプ000</UnkC8>
    </Field>
    <Field Def="dummy8 entry000_pad[1]">
      <SortID>15402</SortID>
      <UnkB8>enAutoRecoveryControlParamType000</UnkB8>
      <UnkC0>EN_AUTO_RECOVERY_CONTROL_PARAM_ST</UnkC0>
      <UnkC8>タイプ000</UnkC8>
    </Field>
    <Field Def="u32 entry001_ENRecoveryRate = 100">
      <DisplayName>EN回復率[%]</DisplayName>
      <Description>スタミナ回復速度×スタミナ回復率×0.01とスタミナ回復率を変化させる</Description>
      <EditFlags>None</EditFlags>
      <Maximum>100000000</Maximum>
      <SortID>1100</SortID>
      <UnkB8>enAutoRecoveryControlParamType001</UnkB8>
      <UnkC0>EN_AUTO_RECOVERY_CONTROL_PARAM_ST</UnkC0>
      <UnkC8>タイプ001</UnkC8>
    </Field>
    <Field Def="u8 entry001_ENMax = 100">
      <DisplayName>EN上限[%]</DisplayName>
      <Description>スタミナの上限割合を指定する</Description>
      <EditFlags>None</EditFlags>
      <Maximum>100</Maximum>
      <SortID>1200</SortID>
      <UnkB8>enAutoRecoveryControlParamType001</UnkB8>
      <UnkC0>EN_AUTO_RECOVERY_CONTROL_PARAM_ST</UnkC0>
      <UnkC8>タイプ001</UnkC8>
    </Field>
    <Field Def="s8 entry001_ENMin = -1">
      <DisplayName>EN下限[%]</DisplayName>
      <Description>スタミナの下限割合を指定する。-1なら、システム的に用意されているEN借金の値を使用する</Description>
      <EditFlags>None</EditFlags>
      <Minimum>-1</Minimum>
      <Maximum>100</Maximum>
      <SortID>1300</SortID>
      <UnkB8>enAutoRecoveryControlParamType001</UnkB8>
      <UnkC0>EN_AUTO_RECOVERY_CONTROL_PARAM_ST</UnkC0>
      <UnkC8>タイプ001</UnkC8>
    </Field>
    <Field Def="u8 entry001_DoDelayENRecovery:1">
      <DisplayName>EN回復ディレイあり</DisplayName>
      <Enum>BOOL_CIRCLECROSS_TYPE</Enum>
      <Description>○：EN回復ディレイをかけつづける、×：何もしない（強制的にEN回復ディレイがなくなるわけではない）</Description>
      <EditFlags>None</EditFlags>
      <Maximum>1</Maximum>
      <SortID>1400</SortID>
      <UnkB8>enAutoRecoveryControlParamType001</UnkB8>
      <UnkC0>EN_AUTO_RECOVERY_CONTROL_PARAM_ST</UnkC0>
      <UnkC8>タイプ001</UnkC8>
    </Field>
    <Field Def="dummy8 entry001_pad1:7">
      <DisplayName>pad</DisplayName>
      <SortID>15403</SortID>
      <UnkB8>enAutoRecoveryControlParamType001</UnkB8>
      <UnkC0>EN_AUTO_RECOVERY_CONTROL_PARAM_ST</UnkC0>
      <UnkC8>タイプ001</UnkC8>
    </Field>
    <Field Def="dummy8 entry001_pad[1]">
      <SortID>15404</SortID>
      <UnkB8>enAutoRecoveryControlParamType001</UnkB8>
      <UnkC0>EN_AUTO_RECOVERY_CONTROL_PARAM_ST</UnkC0>
      <UnkC8>タイプ001</UnkC8>
    </Field>
    <Field Def="u32 entry002_ENRecoveryRate = 100">
      <DisplayName>EN回復率[%]</DisplayName>
      <Description>スタミナ回復速度×スタミナ回復率×0.01とスタミナ回復率を変化させる</Description>
      <EditFlags>None</EditFlags>
      <Maximum>100000000</Maximum>
      <SortID>2100</SortID>
      <UnkB8>enAutoRecoveryControlParamType002</UnkB8>
      <UnkC0>EN_AUTO_RECOVERY_CONTROL_PARAM_ST</UnkC0>
      <UnkC8>タイプ002</UnkC8>
    </Field>
    <Field Def="u8 entry002_ENMax = 100">
      <DisplayName>EN上限[%]</DisplayName>
      <Description>スタミナの上限割合を指定する</Description>
      <EditFlags>None</EditFlags>
      <Maximum>100</Maximum>
      <SortID>2200</SortID>
      <UnkB8>enAutoRecoveryControlParamType002</UnkB8>
      <UnkC0>EN_AUTO_RECOVERY_CONTROL_PARAM_ST</UnkC0>
      <UnkC8>タイプ002</UnkC8>
    </Field>
    <Field Def="s8 entry002_ENMin = -1">
      <DisplayName>EN下限[%]</DisplayName>
      <Description>スタミナの下限割合を指定する。-1なら、システム的に用意されているEN借金の値を使用する</Description>
      <EditFlags>None</EditFlags>
      <Minimum>-1</Minimum>
      <Maximum>100</Maximum>
      <SortID>2300</SortID>
      <UnkB8>enAutoRecoveryControlParamType002</UnkB8>
      <UnkC0>EN_AUTO_RECOVERY_CONTROL_PARAM_ST</UnkC0>
      <UnkC8>タイプ002</UnkC8>
    </Field>
    <Field Def="u8 entry002_DoDelayENRecovery:1">
      <DisplayName>EN回復ディレイあり</DisplayName>
      <Enum>BOOL_CIRCLECROSS_TYPE</Enum>
      <Description>○：EN回復ディレイをかけつづける、×：何もしない（強制的にEN回復ディレイがなくなるわけではない）</Description>
      <EditFlags>None</EditFlags>
      <Maximum>1</Maximum>
      <SortID>2400</SortID>
      <UnkB8>enAutoRecoveryControlParamType002</UnkB8>
      <UnkC0>EN_AUTO_RECOVERY_CONTROL_PARAM_ST</UnkC0>
      <UnkC8>タイプ002</UnkC8>
    </Field>
    <Field Def="dummy8 entry002_pad1:7">
      <DisplayName>pad</DisplayName>
      <SortID>15405</SortID>
      <UnkB8>enAutoRecoveryControlParamType002</UnkB8>
      <UnkC0>EN_AUTO_RECOVERY_CONTROL_PARAM_ST</UnkC0>
      <UnkC8>タイプ002</UnkC8>
    </Field>
    <Field Def="dummy8 entry002_pad[1]">
      <SortID>15406</SortID>
      <UnkB8>enAutoRecoveryControlParamType002</UnkB8>
      <UnkC0>EN_AUTO_RECOVERY_CONTROL_PARAM_ST</UnkC0>
      <UnkC8>タイプ002</UnkC8>
    </Field>
    <Field Def="u32 entry003_ENRecoveryRate = 100">
      <DisplayName>EN回復率[%]</DisplayName>
      <Description>スタミナ回復速度×スタミナ回復率×0.01とスタミナ回復率を変化させる</Description>
      <EditFlags>None</EditFlags>
      <Maximum>100000000</Maximum>
      <SortID>3100</SortID>
      <UnkB8>enAutoRecoveryControlParamType003</UnkB8>
      <UnkC0>EN_AUTO_RECOVERY_CONTROL_PARAM_ST</UnkC0>
      <UnkC8>タイプ003</UnkC8>
    </Field>
    <Field Def="u8 entry003_ENMax = 100">
      <DisplayName>EN上限[%]</DisplayName>
      <Description>スタミナの上限割合を指定する</Description>
      <EditFlags>None</EditFlags>
      <Maximum>100</Maximum>
      <SortID>3200</SortID>
      <UnkB8>enAutoRecoveryControlParamType003</UnkB8>
      <UnkC0>EN_AUTO_RECOVERY_CONTROL_PARAM_ST</UnkC0>
      <UnkC8>タイプ003</UnkC8>
    </Field>
    <Field Def="s8 entry003_ENMin = -1">
      <DisplayName>EN下限[%]</DisplayName>
      <Description>スタミナの下限割合を指定する。-1なら、システム的に用意されているEN借金の値を使用する</Description>
      <EditFlags>None</EditFlags>
      <Minimum>-1</Minimum>
      <Maximum>100</Maximum>
      <SortID>3300</SortID>
      <UnkB8>enAutoRecoveryControlParamType003</UnkB8>
      <UnkC0>EN_AUTO_RECOVERY_CONTROL_PARAM_ST</UnkC0>
      <UnkC8>タイプ003</UnkC8>
    </Field>
    <Field Def="u8 entry003_DoDelayENRecovery:1">
      <DisplayName>EN回復ディレイあり</DisplayName>
      <Enum>BOOL_CIRCLECROSS_TYPE</Enum>
      <Description>○：EN回復ディレイをかけつづける、×：何もしない（強制的にEN回復ディレイがなくなるわけではない）</Description>
      <EditFlags>None</EditFlags>
      <Maximum>1</Maximum>
      <SortID>3400</SortID>
      <UnkB8>enAutoRecoveryControlParamType003</UnkB8>
      <UnkC0>EN_AUTO_RECOVERY_CONTROL_PARAM_ST</UnkC0>
      <UnkC8>タイプ003</UnkC8>
    </Field>
    <Field Def="dummy8 entry003_pad1:7">
      <DisplayName>pad</DisplayName>
      <SortID>15407</SortID>
      <UnkB8>enAutoRecoveryControlParamType003</UnkB8>
      <UnkC0>EN_AUTO_RECOVERY_CONTROL_PARAM_ST</UnkC0>
      <UnkC8>タイプ003</UnkC8>
    </Field>
    <Field Def="dummy8 entry003_pad[1]">
      <SortID>15408</SortID>
      <UnkB8>enAutoRecoveryControlParamType003</UnkB8>
      <UnkC0>EN_AUTO_RECOVERY_CONTROL_PARAM_ST</UnkC0>
      <UnkC8>タイプ003</UnkC8>
    </Field>
    <Field Def="u32 entry004_ENRecoveryRate = 100">
      <DisplayName>EN回復率[%]</DisplayName>
      <Description>スタミナ回復速度×スタミナ回復率×0.01とスタミナ回復率を変化させる</Description>
      <EditFlags>None</EditFlags>
      <Maximum>100000000</Maximum>
      <SortID>4100</SortID>
      <UnkB8>enAutoRecoveryControlParamType004</UnkB8>
      <UnkC0>EN_AUTO_RECOVERY_CONTROL_PARAM_ST</UnkC0>
      <UnkC8>タイプ004</UnkC8>
    </Field>
    <Field Def="u8 entry004_ENMax = 100">
      <DisplayName>EN上限[%]</DisplayName>
      <Description>スタミナの上限割合を指定する</Description>
      <EditFlags>None</EditFlags>
      <Maximum>100</Maximum>
      <SortID>4200</SortID>
      <UnkB8>enAutoRecoveryControlParamType004</UnkB8>
      <UnkC0>EN_AUTO_RECOVERY_CONTROL_PARAM_ST</UnkC0>
      <UnkC8>タイプ004</UnkC8>
    </Field>
    <Field Def="s8 entry004_ENMin = -1">
      <DisplayName>EN下限[%]</DisplayName>
      <Description>スタミナの下限割合を指定する。-1なら、システム的に用意されているEN借金の値を使用する</Description>
      <EditFlags>None</EditFlags>
      <Minimum>-1</Minimum>
      <Maximum>100</Maximum>
      <SortID>4300</SortID>
      <UnkB8>enAutoRecoveryControlParamType004</UnkB8>
      <UnkC0>EN_AUTO_RECOVERY_CONTROL_PARAM_ST</UnkC0>
      <UnkC8>タイプ004</UnkC8>
    </Field>
    <Field Def="u8 entry004_DoDelayENRecovery:1">
      <DisplayName>EN回復ディレイあり</DisplayName>
      <Enum>BOOL_CIRCLECROSS_TYPE</Enum>
      <Description>○：EN回復ディレイをかけつづける、×：何もしない（強制的にEN回復ディレイがなくなるわけではない）</Description>
      <EditFlags>None</EditFlags>
      <Maximum>1</Maximum>
      <SortID>4400</SortID>
      <UnkB8>enAutoRecoveryControlParamType004</UnkB8>
      <UnkC0>EN_AUTO_RECOVERY_CONTROL_PARAM_ST</UnkC0>
      <UnkC8>タイプ004</UnkC8>
    </Field>
    <Field Def="dummy8 entry004_pad1:7">
      <DisplayName>pad</DisplayName>
      <SortID>15409</SortID>
      <UnkB8>enAutoRecoveryControlParamType004</UnkB8>
      <UnkC0>EN_AUTO_RECOVERY_CONTROL_PARAM_ST</UnkC0>
      <UnkC8>タイプ004</UnkC8>
    </Field>
    <Field Def="dummy8 entry004_pad[1]">
      <SortID>15410</SortID>
      <UnkB8>enAutoRecoveryControlParamType004</UnkB8>
      <UnkC0>EN_AUTO_RECOVERY_CONTROL_PARAM_ST</UnkC0>
      <UnkC8>タイプ004</UnkC8>
    </Field>
    <Field Def="u32 entry005_ENRecoveryRate = 100">
      <DisplayName>EN回復率[%]</DisplayName>
      <Description>スタミナ回復速度×スタミナ回復率×0.01とスタミナ回復率を変化させる</Description>
      <EditFlags>None</EditFlags>
      <Maximum>100000000</Maximum>
      <SortID>5100</SortID>
      <UnkB8>enAutoRecoveryControlParamType005</UnkB8>
      <UnkC0>EN_AUTO_RECOVERY_CONTROL_PARAM_ST</UnkC0>
      <UnkC8>タイプ005</UnkC8>
    </Field>
    <Field Def="u8 entry005_ENMax = 100">
      <DisplayName>EN上限[%]</DisplayName>
      <Description>スタミナの上限割合を指定する</Description>
      <EditFlags>None</EditFlags>
      <Maximum>100</Maximum>
      <SortID>5200</SortID>
      <UnkB8>enAutoRecoveryControlParamType005</UnkB8>
      <UnkC0>EN_AUTO_RECOVERY_CONTROL_PARAM_ST</UnkC0>
      <UnkC8>タイプ005</UnkC8>
    </Field>
    <Field Def="s8 entry005_ENMin = -1">
      <DisplayName>EN下限[%]</DisplayName>
      <Description>スタミナの下限割合を指定する。-1なら、システム的に用意されているEN借金の値を使用する</Description>
      <EditFlags>None</EditFlags>
      <Minimum>-1</Minimum>
      <Maximum>100</Maximum>
      <SortID>5300</SortID>
      <UnkB8>enAutoRecoveryControlParamType005</UnkB8>
      <UnkC0>EN_AUTO_RECOVERY_CONTROL_PARAM_ST</UnkC0>
      <UnkC8>タイプ005</UnkC8>
    </Field>
    <Field Def="u8 entry005_DoDelayENRecovery:1">
      <DisplayName>EN回復ディレイあり</DisplayName>
      <Enum>BOOL_CIRCLECROSS_TYPE</Enum>
      <Description>○：EN回復ディレイをかけつづける、×：何もしない（強制的にEN回復ディレイがなくなるわけではない）</Description>
      <EditFlags>None</EditFlags>
      <Maximum>1</Maximum>
      <SortID>5400</SortID>
      <UnkB8>enAutoRecoveryControlParamType005</UnkB8>
      <UnkC0>EN_AUTO_RECOVERY_CONTROL_PARAM_ST</UnkC0>
      <UnkC8>タイプ005</UnkC8>
    </Field>
    <Field Def="dummy8 entry005_pad1:7">
      <DisplayName>pad</DisplayName>
      <SortID>15411</SortID>
      <UnkB8>enAutoRecoveryControlParamType005</UnkB8>
      <UnkC0>EN_AUTO_RECOVERY_CONTROL_PARAM_ST</UnkC0>
      <UnkC8>タイプ005</UnkC8>
    </Field>
    <Field Def="dummy8 entry005_pad[1]">
      <SortID>15412</SortID>
      <UnkB8>enAutoRecoveryControlParamType005</UnkB8>
      <UnkC0>EN_AUTO_RECOVERY_CONTROL_PARAM_ST</UnkC0>
      <UnkC8>タイプ005</UnkC8>
    </Field>
    <Field Def="u32 entry006_ENRecoveryRate = 100">
      <DisplayName>EN回復率[%]</DisplayName>
      <Description>スタミナ回復速度×スタミナ回復率×0.01とスタミナ回復率を変化させる</Description>
      <EditFlags>None</EditFlags>
      <Maximum>100000000</Maximum>
      <SortID>6100</SortID>
      <UnkB8>enAutoRecoveryControlParamType006</UnkB8>
      <UnkC0>EN_AUTO_RECOVERY_CONTROL_PARAM_ST</UnkC0>
      <UnkC8>タイプ006</UnkC8>
    </Field>
    <Field Def="u8 entry006_ENMax = 100">
      <DisplayName>EN上限[%]</DisplayName>
      <Description>スタミナの上限割合を指定する</Description>
      <EditFlags>None</EditFlags>
      <Maximum>100</Maximum>
      <SortID>6200</SortID>
      <UnkB8>enAutoRecoveryControlParamType006</UnkB8>
      <UnkC0>EN_AUTO_RECOVERY_CONTROL_PARAM_ST</UnkC0>
      <UnkC8>タイプ006</UnkC8>
    </Field>
    <Field Def="s8 entry006_ENMin = -1">
      <DisplayName>EN下限[%]</DisplayName>
      <Description>スタミナの下限割合を指定する。-1なら、システム的に用意されているEN借金の値を使用する</Description>
      <EditFlags>None</EditFlags>
      <Minimum>-1</Minimum>
      <Maximum>100</Maximum>
      <SortID>6300</SortID>
      <UnkB8>enAutoRecoveryControlParamType006</UnkB8>
      <UnkC0>EN_AUTO_RECOVERY_CONTROL_PARAM_ST</UnkC0>
      <UnkC8>タイプ006</UnkC8>
    </Field>
    <Field Def="u8 entry006_DoDelayENRecovery:1">
      <DisplayName>EN回復ディレイあり</DisplayName>
      <Enum>BOOL_CIRCLECROSS_TYPE</Enum>
      <Description>○：EN回復ディレイをかけつづける、×：何もしない（強制的にEN回復ディレイがなくなるわけではない）</Description>
      <EditFlags>None</EditFlags>
      <Maximum>1</Maximum>
      <SortID>6400</SortID>
      <UnkB8>enAutoRecoveryControlParamType006</UnkB8>
      <UnkC0>EN_AUTO_RECOVERY_CONTROL_PARAM_ST</UnkC0>
      <UnkC8>タイプ006</UnkC8>
    </Field>
    <Field Def="dummy8 entry006_pad1:7">
      <DisplayName>pad</DisplayName>
      <SortID>15413</SortID>
      <UnkB8>enAutoRecoveryControlParamType006</UnkB8>
      <UnkC0>EN_AUTO_RECOVERY_CONTROL_PARAM_ST</UnkC0>
      <UnkC8>タイプ006</UnkC8>
    </Field>
    <Field Def="dummy8 entry006_pad[1]">
      <SortID>15414</SortID>
      <UnkB8>enAutoRecoveryControlParamType006</UnkB8>
      <UnkC0>EN_AUTO_RECOVERY_CONTROL_PARAM_ST</UnkC0>
      <UnkC8>タイプ006</UnkC8>
    </Field>
    <Field Def="u32 entry007_ENRecoveryRate = 100">
      <DisplayName>EN回復率[%]</DisplayName>
      <Description>スタミナ回復速度×スタミナ回復率×0.01とスタミナ回復率を変化させる</Description>
      <EditFlags>None</EditFlags>
      <Maximum>100000000</Maximum>
      <SortID>7100</SortID>
      <UnkB8>enAutoRecoveryControlParamType007</UnkB8>
      <UnkC0>EN_AUTO_RECOVERY_CONTROL_PARAM_ST</UnkC0>
      <UnkC8>タイプ007</UnkC8>
    </Field>
    <Field Def="u8 entry007_ENMax = 100">
      <DisplayName>EN上限[%]</DisplayName>
      <Description>スタミナの上限割合を指定する</Description>
      <EditFlags>None</EditFlags>
      <Maximum>100</Maximum>
      <SortID>7200</SortID>
      <UnkB8>enAutoRecoveryControlParamType007</UnkB8>
      <UnkC0>EN_AUTO_RECOVERY_CONTROL_PARAM_ST</UnkC0>
      <UnkC8>タイプ007</UnkC8>
    </Field>
    <Field Def="s8 entry007_ENMin = -1">
      <DisplayName>EN下限[%]</DisplayName>
      <Description>スタミナの下限割合を指定する。-1なら、システム的に用意されているEN借金の値を使用する</Description>
      <EditFlags>None</EditFlags>
      <Minimum>-1</Minimum>
      <Maximum>100</Maximum>
      <SortID>7300</SortID>
      <UnkB8>enAutoRecoveryControlParamType007</UnkB8>
      <UnkC0>EN_AUTO_RECOVERY_CONTROL_PARAM_ST</UnkC0>
      <UnkC8>タイプ007</UnkC8>
    </Field>
    <Field Def="u8 entry007_DoDelayENRecovery:1">
      <DisplayName>EN回復ディレイあり</DisplayName>
      <Enum>BOOL_CIRCLECROSS_TYPE</Enum>
      <Description>○：EN回復ディレイをかけつづける、×：何もしない（強制的にEN回復ディレイがなくなるわけではない）</Description>
      <EditFlags>None</EditFlags>
      <Maximum>1</Maximum>
      <SortID>7400</SortID>
      <UnkB8>enAutoRecoveryControlParamType007</UnkB8>
      <UnkC0>EN_AUTO_RECOVERY_CONTROL_PARAM_ST</UnkC0>
      <UnkC8>タイプ007</UnkC8>
    </Field>
    <Field Def="dummy8 entry007_pad1:7">
      <DisplayName>pad</DisplayName>
      <SortID>15415</SortID>
      <UnkB8>enAutoRecoveryControlParamType007</UnkB8>
      <UnkC0>EN_AUTO_RECOVERY_CONTROL_PARAM_ST</UnkC0>
      <UnkC8>タイプ007</UnkC8>
    </Field>
    <Field Def="dummy8 entry007_pad[1]">
      <SortID>15416</SortID>
      <UnkB8>enAutoRecoveryControlParamType007</UnkB8>
      <UnkC0>EN_AUTO_RECOVERY_CONTROL_PARAM_ST</UnkC0>
      <UnkC8>タイプ007</UnkC8>
    </Field>
    <Field Def="u32 entry008_ENRecoveryRate = 100">
      <DisplayName>EN回復率[%]</DisplayName>
      <Description>スタミナ回復速度×スタミナ回復率×0.01とスタミナ回復率を変化させる</Description>
      <EditFlags>None</EditFlags>
      <Maximum>100000000</Maximum>
      <SortID>8100</SortID>
      <UnkB8>enAutoRecoveryControlParamType008</UnkB8>
      <UnkC0>EN_AUTO_RECOVERY_CONTROL_PARAM_ST</UnkC0>
      <UnkC8>タイプ008</UnkC8>
    </Field>
    <Field Def="u8 entry008_ENMax = 100">
      <DisplayName>EN上限[%]</DisplayName>
      <Description>スタミナの上限割合を指定する</Description>
      <EditFlags>None</EditFlags>
      <Maximum>100</Maximum>
      <SortID>8200</SortID>
      <UnkB8>enAutoRecoveryControlParamType008</UnkB8>
      <UnkC0>EN_AUTO_RECOVERY_CONTROL_PARAM_ST</UnkC0>
      <UnkC8>タイプ008</UnkC8>
    </Field>
    <Field Def="s8 entry008_ENMin = -1">
      <DisplayName>EN下限[%]</DisplayName>
      <Description>スタミナの下限割合を指定する。-1なら、システム的に用意されているEN借金の値を使用する</Description>
      <EditFlags>None</EditFlags>
      <Minimum>-1</Minimum>
      <Maximum>100</Maximum>
      <SortID>8300</SortID>
      <UnkB8>enAutoRecoveryControlParamType008</UnkB8>
      <UnkC0>EN_AUTO_RECOVERY_CONTROL_PARAM_ST</UnkC0>
      <UnkC8>タイプ008</UnkC8>
    </Field>
    <Field Def="u8 entry008_DoDelayENRecovery:1">
      <DisplayName>EN回復ディレイあり</DisplayName>
      <Enum>BOOL_CIRCLECROSS_TYPE</Enum>
      <Description>○：EN回復ディレイをかけつづける、×：何もしない（強制的にEN回復ディレイがなくなるわけではない）</Description>
      <EditFlags>None</EditFlags>
      <Maximum>1</Maximum>
      <SortID>8400</SortID>
      <UnkB8>enAutoRecoveryControlParamType008</UnkB8>
      <UnkC0>EN_AUTO_RECOVERY_CONTROL_PARAM_ST</UnkC0>
      <UnkC8>タイプ008</UnkC8>
    </Field>
    <Field Def="dummy8 entry008_pad1:7">
      <DisplayName>pad</DisplayName>
      <SortID>15417</SortID>
      <UnkB8>enAutoRecoveryControlParamType008</UnkB8>
      <UnkC0>EN_AUTO_RECOVERY_CONTROL_PARAM_ST</UnkC0>
      <UnkC8>タイプ008</UnkC8>
    </Field>
    <Field Def="dummy8 entry008_pad[1]">
      <SortID>15418</SortID>
      <UnkB8>enAutoRecoveryControlParamType008</UnkB8>
      <UnkC0>EN_AUTO_RECOVERY_CONTROL_PARAM_ST</UnkC0>
      <UnkC8>タイプ008</UnkC8>
    </Field>
    <Field Def="u32 entry009_ENRecoveryRate = 100">
      <DisplayName>EN回復率[%]</DisplayName>
      <Description>スタミナ回復速度×スタミナ回復率×0.01とスタミナ回復率を変化させる</Description>
      <EditFlags>None</EditFlags>
      <Maximum>100000000</Maximum>
      <SortID>9100</SortID>
      <UnkB8>enAutoRecoveryControlParamType009</UnkB8>
      <UnkC0>EN_AUTO_RECOVERY_CONTROL_PARAM_ST</UnkC0>
      <UnkC8>タイプ009</UnkC8>
    </Field>
    <Field Def="u8 entry009_ENMax = 100">
      <DisplayName>EN上限[%]</DisplayName>
      <Description>スタミナの上限割合を指定する</Description>
      <EditFlags>None</EditFlags>
      <Maximum>100</Maximum>
      <SortID>9200</SortID>
      <UnkB8>enAutoRecoveryControlParamType009</UnkB8>
      <UnkC0>EN_AUTO_RECOVERY_CONTROL_PARAM_ST</UnkC0>
      <UnkC8>タイプ009</UnkC8>
    </Field>
    <Field Def="s8 entry009_ENMin = -1">
      <DisplayName>EN下限[%]</DisplayName>
      <Description>スタミナの下限割合を指定する。-1なら、システム的に用意されているEN借金の値を使用する</Description>
      <EditFlags>None</EditFlags>
      <Minimum>-1</Minimum>
      <Maximum>100</Maximum>
      <SortID>9300</SortID>
      <UnkB8>enAutoRecoveryControlParamType009</UnkB8>
      <UnkC0>EN_AUTO_RECOVERY_CONTROL_PARAM_ST</UnkC0>
      <UnkC8>タイプ009</UnkC8>
    </Field>
    <Field Def="u8 entry009_DoDelayENRecovery:1">
      <DisplayName>EN回復ディレイあり</DisplayName>
      <Enum>BOOL_CIRCLECROSS_TYPE</Enum>
      <Description>○：EN回復ディレイをかけつづける、×：何もしない（強制的にEN回復ディレイがなくなるわけではない）</Description>
      <EditFlags>None</EditFlags>
      <Maximum>1</Maximum>
      <SortID>9400</SortID>
      <UnkB8>enAutoRecoveryControlParamType009</UnkB8>
      <UnkC0>EN_AUTO_RECOVERY_CONTROL_PARAM_ST</UnkC0>
      <UnkC8>タイプ009</UnkC8>
    </Field>
    <Field Def="dummy8 entry009_pad1:7">
      <DisplayName>pad</DisplayName>
      <SortID>15419</SortID>
      <UnkB8>enAutoRecoveryControlParamType009</UnkB8>
      <UnkC0>EN_AUTO_RECOVERY_CONTROL_PARAM_ST</UnkC0>
      <UnkC8>タイプ009</UnkC8>
    </Field>
    <Field Def="dummy8 entry009_pad[1]">
      <SortID>15420</SortID>
      <UnkB8>enAutoRecoveryControlParamType009</UnkB8>
      <UnkC0>EN_AUTO_RECOVERY_CONTROL_PARAM_ST</UnkC0>
      <UnkC8>タイプ009</UnkC8>
    </Field>
    <Field Def="u32 entry010_ENRecoveryRate = 100">
      <DisplayName>EN回復率[%]</DisplayName>
      <Description>スタミナ回復速度×スタミナ回復率×0.01とスタミナ回復率を変化させる</Description>
      <EditFlags>None</EditFlags>
      <Maximum>100000000</Maximum>
      <SortID>10100</SortID>
      <UnkB8>enAutoRecoveryControlParamType010</UnkB8>
      <UnkC0>EN_AUTO_RECOVERY_CONTROL_PARAM_ST</UnkC0>
      <UnkC8>タイプ010</UnkC8>
    </Field>
    <Field Def="u8 entry010_ENMax = 100">
      <DisplayName>EN上限[%]</DisplayName>
      <Description>スタミナの上限割合を指定する</Description>
      <EditFlags>None</EditFlags>
      <Maximum>100</Maximum>
      <SortID>10200</SortID>
      <UnkB8>enAutoRecoveryControlParamType010</UnkB8>
      <UnkC0>EN_AUTO_RECOVERY_CONTROL_PARAM_ST</UnkC0>
      <UnkC8>タイプ010</UnkC8>
    </Field>
    <Field Def="s8 entry010_ENMin = -1">
      <DisplayName>EN下限[%]</DisplayName>
      <Description>スタミナの下限割合を指定する。-1なら、システム的に用意されているEN借金の値を使用する</Description>
      <EditFlags>None</EditFlags>
      <Minimum>-1</Minimum>
      <Maximum>100</Maximum>
      <SortID>10300</SortID>
      <UnkB8>enAutoRecoveryControlParamType010</UnkB8>
      <UnkC0>EN_AUTO_RECOVERY_CONTROL_PARAM_ST</UnkC0>
      <UnkC8>タイプ010</UnkC8>
    </Field>
    <Field Def="u8 entry010_DoDelayENRecovery:1">
      <DisplayName>EN回復ディレイあり</DisplayName>
      <Enum>BOOL_CIRCLECROSS_TYPE</Enum>
      <Description>○：EN回復ディレイをかけつづける、×：何もしない（強制的にEN回復ディレイがなくなるわけではない）</Description>
      <EditFlags>None</EditFlags>
      <Maximum>1</Maximum>
      <SortID>10400</SortID>
      <UnkB8>enAutoRecoveryControlParamType010</UnkB8>
      <UnkC0>EN_AUTO_RECOVERY_CONTROL_PARAM_ST</UnkC0>
      <UnkC8>タイプ010</UnkC8>
    </Field>
    <Field Def="dummy8 entry010_pad1:7">
      <DisplayName>pad</DisplayName>
      <SortID>15421</SortID>
      <UnkB8>enAutoRecoveryControlParamType010</UnkB8>
      <UnkC0>EN_AUTO_RECOVERY_CONTROL_PARAM_ST</UnkC0>
      <UnkC8>タイプ010</UnkC8>
    </Field>
    <Field Def="dummy8 entry010_pad[1]">
      <SortID>15422</SortID>
      <UnkB8>enAutoRecoveryControlParamType010</UnkB8>
      <UnkC0>EN_AUTO_RECOVERY_CONTROL_PARAM_ST</UnkC0>
      <UnkC8>タイプ010</UnkC8>
    </Field>
    <Field Def="u32 entry011_ENRecoveryRate = 100">
      <DisplayName>EN回復率[%]</DisplayName>
      <Description>スタミナ回復速度×スタミナ回復率×0.01とスタミナ回復率を変化させる</Description>
      <EditFlags>None</EditFlags>
      <Maximum>100000000</Maximum>
      <SortID>11100</SortID>
      <UnkB8>enAutoRecoveryControlParamType011</UnkB8>
      <UnkC0>EN_AUTO_RECOVERY_CONTROL_PARAM_ST</UnkC0>
      <UnkC8>タイプ011</UnkC8>
    </Field>
    <Field Def="u8 entry011_ENMax = 100">
      <DisplayName>EN上限[%]</DisplayName>
      <Description>スタミナの上限割合を指定する</Description>
      <EditFlags>None</EditFlags>
      <Maximum>100</Maximum>
      <SortID>11200</SortID>
      <UnkB8>enAutoRecoveryControlParamType011</UnkB8>
      <UnkC0>EN_AUTO_RECOVERY_CONTROL_PARAM_ST</UnkC0>
      <UnkC8>タイプ011</UnkC8>
    </Field>
    <Field Def="s8 entry011_ENMin = -1">
      <DisplayName>EN下限[%]</DisplayName>
      <Description>スタミナの下限割合を指定する。-1なら、システム的に用意されているEN借金の値を使用する</Description>
      <EditFlags>None</EditFlags>
      <Minimum>-1</Minimum>
      <Maximum>100</Maximum>
      <SortID>11300</SortID>
      <UnkB8>enAutoRecoveryControlParamType011</UnkB8>
      <UnkC0>EN_AUTO_RECOVERY_CONTROL_PARAM_ST</UnkC0>
      <UnkC8>タイプ011</UnkC8>
    </Field>
    <Field Def="u8 entry011_DoDelayENRecovery:1">
      <DisplayName>EN回復ディレイあり</DisplayName>
      <Enum>BOOL_CIRCLECROSS_TYPE</Enum>
      <Description>○：EN回復ディレイをかけつづける、×：何もしない（強制的にEN回復ディレイがなくなるわけではない）</Description>
      <EditFlags>None</EditFlags>
      <Maximum>1</Maximum>
      <SortID>11400</SortID>
      <UnkB8>enAutoRecoveryControlParamType011</UnkB8>
      <UnkC0>EN_AUTO_RECOVERY_CONTROL_PARAM_ST</UnkC0>
      <UnkC8>タイプ011</UnkC8>
    </Field>
    <Field Def="dummy8 entry011_pad1:7">
      <DisplayName>pad</DisplayName>
      <SortID>15423</SortID>
      <UnkB8>enAutoRecoveryControlParamType011</UnkB8>
      <UnkC0>EN_AUTO_RECOVERY_CONTROL_PARAM_ST</UnkC0>
      <UnkC8>タイプ011</UnkC8>
    </Field>
    <Field Def="dummy8 entry011_pad[1]">
      <SortID>15424</SortID>
      <UnkB8>enAutoRecoveryControlParamType011</UnkB8>
      <UnkC0>EN_AUTO_RECOVERY_CONTROL_PARAM_ST</UnkC0>
      <UnkC8>タイプ011</UnkC8>
    </Field>
    <Field Def="u32 entry012_ENRecoveryRate = 100">
      <DisplayName>EN回復率[%]</DisplayName>
      <Description>スタミナ回復速度×スタミナ回復率×0.01とスタミナ回復率を変化させる</Description>
      <EditFlags>None</EditFlags>
      <Maximum>100000000</Maximum>
      <SortID>12100</SortID>
      <UnkB8>enAutoRecoveryControlParamType012</UnkB8>
      <UnkC0>EN_AUTO_RECOVERY_CONTROL_PARAM_ST</UnkC0>
      <UnkC8>タイプ012</UnkC8>
    </Field>
    <Field Def="u8 entry012_ENMax = 100">
      <DisplayName>EN上限[%]</DisplayName>
      <Description>スタミナの上限割合を指定する</Description>
      <EditFlags>None</EditFlags>
      <Maximum>100</Maximum>
      <SortID>12200</SortID>
      <UnkB8>enAutoRecoveryControlParamType012</UnkB8>
      <UnkC0>EN_AUTO_RECOVERY_CONTROL_PARAM_ST</UnkC0>
      <UnkC8>タイプ012</UnkC8>
    </Field>
    <Field Def="s8 entry012_ENMin = -1">
      <DisplayName>EN下限[%]</DisplayName>
      <Description>スタミナの下限割合を指定する。-1なら、システム的に用意されているEN借金の値を使用する</Description>
      <EditFlags>None</EditFlags>
      <Minimum>-1</Minimum>
      <Maximum>100</Maximum>
      <SortID>12300</SortID>
      <UnkB8>enAutoRecoveryControlParamType012</UnkB8>
      <UnkC0>EN_AUTO_RECOVERY_CONTROL_PARAM_ST</UnkC0>
      <UnkC8>タイプ012</UnkC8>
    </Field>
    <Field Def="u8 entry012_DoDelayENRecovery:1">
      <DisplayName>EN回復ディレイあり</DisplayName>
      <Enum>BOOL_CIRCLECROSS_TYPE</Enum>
      <Description>○：EN回復ディレイをかけつづける、×：何もしない（強制的にEN回復ディレイがなくなるわけではない）</Description>
      <EditFlags>None</EditFlags>
      <Maximum>1</Maximum>
      <SortID>12400</SortID>
      <UnkB8>enAutoRecoveryControlParamType012</UnkB8>
      <UnkC0>EN_AUTO_RECOVERY_CONTROL_PARAM_ST</UnkC0>
      <UnkC8>タイプ012</UnkC8>
    </Field>
    <Field Def="dummy8 entry012_pad1:7">
      <DisplayName>pad</DisplayName>
      <SortID>15425</SortID>
      <UnkB8>enAutoRecoveryControlParamType012</UnkB8>
      <UnkC0>EN_AUTO_RECOVERY_CONTROL_PARAM_ST</UnkC0>
      <UnkC8>タイプ012</UnkC8>
    </Field>
    <Field Def="dummy8 entry012_pad[1]">
      <SortID>15426</SortID>
      <UnkB8>enAutoRecoveryControlParamType012</UnkB8>
      <UnkC0>EN_AUTO_RECOVERY_CONTROL_PARAM_ST</UnkC0>
      <UnkC8>タイプ012</UnkC8>
    </Field>
    <Field Def="u32 entry013_ENRecoveryRate = 100">
      <DisplayName>EN回復率[%]</DisplayName>
      <Description>スタミナ回復速度×スタミナ回復率×0.01とスタミナ回復率を変化させる</Description>
      <EditFlags>None</EditFlags>
      <Maximum>100000000</Maximum>
      <SortID>13100</SortID>
      <UnkB8>enAutoRecoveryControlParamType013</UnkB8>
      <UnkC0>EN_AUTO_RECOVERY_CONTROL_PARAM_ST</UnkC0>
      <UnkC8>タイプ013</UnkC8>
    </Field>
    <Field Def="u8 entry013_ENMax = 100">
      <DisplayName>EN上限[%]</DisplayName>
      <Description>スタミナの上限割合を指定する</Description>
      <EditFlags>None</EditFlags>
      <Maximum>100</Maximum>
      <SortID>13200</SortID>
      <UnkB8>enAutoRecoveryControlParamType013</UnkB8>
      <UnkC0>EN_AUTO_RECOVERY_CONTROL_PARAM_ST</UnkC0>
      <UnkC8>タイプ013</UnkC8>
    </Field>
    <Field Def="s8 entry013_ENMin = -1">
      <DisplayName>EN下限[%]</DisplayName>
      <Description>スタミナの下限割合を指定する。-1なら、システム的に用意されているEN借金の値を使用する</Description>
      <EditFlags>None</EditFlags>
      <Minimum>-1</Minimum>
      <Maximum>100</Maximum>
      <SortID>13300</SortID>
      <UnkB8>enAutoRecoveryControlParamType013</UnkB8>
      <UnkC0>EN_AUTO_RECOVERY_CONTROL_PARAM_ST</UnkC0>
      <UnkC8>タイプ013</UnkC8>
    </Field>
    <Field Def="u8 entry013_DoDelayENRecovery:1">
      <DisplayName>EN回復ディレイあり</DisplayName>
      <Enum>BOOL_CIRCLECROSS_TYPE</Enum>
      <Description>○：EN回復ディレイをかけつづける、×：何もしない（強制的にEN回復ディレイがなくなるわけではない）</Description>
      <EditFlags>None</EditFlags>
      <Maximum>1</Maximum>
      <SortID>13400</SortID>
      <UnkB8>enAutoRecoveryControlParamType013</UnkB8>
      <UnkC0>EN_AUTO_RECOVERY_CONTROL_PARAM_ST</UnkC0>
      <UnkC8>タイプ013</UnkC8>
    </Field>
    <Field Def="dummy8 entry013_pad1:7">
      <DisplayName>pad</DisplayName>
      <SortID>15427</SortID>
      <UnkB8>enAutoRecoveryControlParamType013</UnkB8>
      <UnkC0>EN_AUTO_RECOVERY_CONTROL_PARAM_ST</UnkC0>
      <UnkC8>タイプ013</UnkC8>
    </Field>
    <Field Def="dummy8 entry013_pad[1]">
      <SortID>15428</SortID>
      <UnkB8>enAutoRecoveryControlParamType013</UnkB8>
      <UnkC0>EN_AUTO_RECOVERY_CONTROL_PARAM_ST</UnkC0>
      <UnkC8>タイプ013</UnkC8>
    </Field>
    <Field Def="u32 entry014_ENRecoveryRate = 100">
      <DisplayName>EN回復率[%]</DisplayName>
      <Description>スタミナ回復速度×スタミナ回復率×0.01とスタミナ回復率を変化させる</Description>
      <EditFlags>None</EditFlags>
      <Maximum>100000000</Maximum>
      <SortID>14100</SortID>
      <UnkB8>enAutoRecoveryControlParamType014</UnkB8>
      <UnkC0>EN_AUTO_RECOVERY_CONTROL_PARAM_ST</UnkC0>
      <UnkC8>タイプ014</UnkC8>
    </Field>
    <Field Def="u8 entry014_ENMax = 100">
      <DisplayName>EN上限[%]</DisplayName>
      <Description>スタミナの上限割合を指定する</Description>
      <EditFlags>None</EditFlags>
      <Maximum>100</Maximum>
      <SortID>14200</SortID>
      <UnkB8>enAutoRecoveryControlParamType014</UnkB8>
      <UnkC0>EN_AUTO_RECOVERY_CONTROL_PARAM_ST</UnkC0>
      <UnkC8>タイプ014</UnkC8>
    </Field>
    <Field Def="s8 entry014_ENMin = -1">
      <DisplayName>EN下限[%]</DisplayName>
      <Description>スタミナの下限割合を指定する。-1なら、システム的に用意されているEN借金の値を使用する</Description>
      <EditFlags>None</EditFlags>
      <Minimum>-1</Minimum>
      <Maximum>100</Maximum>
      <SortID>14300</SortID>
      <UnkB8>enAutoRecoveryControlParamType014</UnkB8>
      <UnkC0>EN_AUTO_RECOVERY_CONTROL_PARAM_ST</UnkC0>
      <UnkC8>タイプ014</UnkC8>
    </Field>
    <Field Def="u8 entry014_DoDelayENRecovery:1">
      <DisplayName>EN回復ディレイあり</DisplayName>
      <Enum>BOOL_CIRCLECROSS_TYPE</Enum>
      <Description>○：EN回復ディレイをかけつづける、×：何もしない（強制的にEN回復ディレイがなくなるわけではない）</Description>
      <EditFlags>None</EditFlags>
      <Maximum>1</Maximum>
      <SortID>14400</SortID>
      <UnkB8>enAutoRecoveryControlParamType014</UnkB8>
      <UnkC0>EN_AUTO_RECOVERY_CONTROL_PARAM_ST</UnkC0>
      <UnkC8>タイプ014</UnkC8>
    </Field>
    <Field Def="dummy8 entry014_pad1:7">
      <DisplayName>pad</DisplayName>
      <SortID>15429</SortID>
      <UnkB8>enAutoRecoveryControlParamType014</UnkB8>
      <UnkC0>EN_AUTO_RECOVERY_CONTROL_PARAM_ST</UnkC0>
      <UnkC8>タイプ014</UnkC8>
    </Field>
    <Field Def="dummy8 entry014_pad[1]">
      <SortID>15430</SortID>
      <UnkB8>enAutoRecoveryControlParamType014</UnkB8>
      <UnkC0>EN_AUTO_RECOVERY_CONTROL_PARAM_ST</UnkC0>
      <UnkC8>タイプ014</UnkC8>
    </Field>
    <Field Def="u32 entry015_ENRecoveryRate = 100">
      <DisplayName>EN回復率[%]</DisplayName>
      <Description>スタミナ回復速度×スタミナ回復率×0.01とスタミナ回復率を変化させる</Description>
      <EditFlags>None</EditFlags>
      <Maximum>100000000</Maximum>
      <SortID>15100</SortID>
      <UnkB8>enAutoRecoveryControlParamType015</UnkB8>
      <UnkC0>EN_AUTO_RECOVERY_CONTROL_PARAM_ST</UnkC0>
      <UnkC8>タイプ015</UnkC8>
    </Field>
    <Field Def="u8 entry015_ENMax = 100">
      <DisplayName>EN上限[%]</DisplayName>
      <Description>スタミナの上限割合を指定する</Description>
      <EditFlags>None</EditFlags>
      <Maximum>100</Maximum>
      <SortID>15200</SortID>
      <UnkB8>enAutoRecoveryControlParamType015</UnkB8>
      <UnkC0>EN_AUTO_RECOVERY_CONTROL_PARAM_ST</UnkC0>
      <UnkC8>タイプ015</UnkC8>
    </Field>
    <Field Def="s8 entry015_ENMin = -1">
      <DisplayName>EN下限[%]</DisplayName>
      <Description>スタミナの下限割合を指定する。-1なら、システム的に用意されているEN借金の値を使用する</Description>
      <EditFlags>None</EditFlags>
      <Minimum>-1</Minimum>
      <Maximum>100</Maximum>
      <SortID>15300</SortID>
      <UnkB8>enAutoRecoveryControlParamType015</UnkB8>
      <UnkC0>EN_AUTO_RECOVERY_CONTROL_PARAM_ST</UnkC0>
      <UnkC8>タイプ015</UnkC8>
    </Field>
    <Field Def="u8 entry015_DoDelayENRecovery:1">
      <DisplayName>EN回復ディレイあり</DisplayName>
      <Enum>BOOL_CIRCLECROSS_TYPE</Enum>
      <Description>○：EN回復ディレイをかけつづける、×：何もしない（強制的にEN回復ディレイがなくなるわけではない）</Description>
      <EditFlags>None</EditFlags>
      <Maximum>1</Maximum>
      <SortID>15400</SortID>
      <UnkB8>enAutoRecoveryControlParamType015</UnkB8>
      <UnkC0>EN_AUTO_RECOVERY_CONTROL_PARAM_ST</UnkC0>
      <UnkC8>タイプ015</UnkC8>
    </Field>
    <Field Def="dummy8 entry015_pad1:7">
      <DisplayName>pad</DisplayName>
      <SortID>15431</SortID>
      <UnkB8>enAutoRecoveryControlParamType015</UnkB8>
      <UnkC0>EN_AUTO_RECOVERY_CONTROL_PARAM_ST</UnkC0>
      <UnkC8>タイプ015</UnkC8>
    </Field>
    <Field Def="dummy8 entry015_pad[1]">
      <SortID>15432</SortID>
      <UnkB8>enAutoRecoveryControlParamType015</UnkB8>
      <UnkC0>EN_AUTO_RECOVERY_CONTROL_PARAM_ST</UnkC0>
      <UnkC8>タイプ015</UnkC8>
    </Field>
    <Field Def="dummy8 pad_end[32]">
      <DisplayName>pad_end[32]</DisplayName>
      <SortID>15433</SortID>
    </Field>
  </Fields>
</PARAMDEF>