﻿<?xml version="1.0" encoding="utf-8"?>
<PARAMDEF XmlVersion="3">
  <ParamType>EQUIP_PARAM_FCS_ST</ParamType>
  <DataVersion>8</DataVersion>
  <BigEndian>False</BigEndian>
  <Unicode>True</Unicode>
  <FormatVersion>203</FormatVersion>
  <Fields>
    <Field Def="u8 disableParam_NT:1">
      <DisplayName>NT版出力から外すか</DisplayName>
      <Enum>EQUIP_BOOL</Enum>
      <Description>NT版から除外するか、除外するものに○をつける</Description>
      <Maximum>1</Maximum>
      <SortID>10010000</SortID>
    </Field>
    <Field Def="u8 disableParam_Product:1">
      <DisplayName>製品版出力から外すか</DisplayName>
      <Enum>EQUIP_BOOL</Enum>
      <Description>製品版から除外するか、除外するものに○をつける</Description>
      <Maximum>1</Maximum>
      <SortID>10020000</SortID>
    </Field>
    <Field Def="dummy8 disableParamReserve1:6">
      <DisplayName>パッケージ出力用リザーブ1</DisplayName>
      <Description>パッケージ出力用リザーブ1</Description>
      <SortID>90000000</SortID>
      <UnkC8>パディング</UnkC8>
    </Field>
    <Field Def="dummy8 disableParamReserve2[3]">
      <DisplayName>パッケージ出力用リザーブ2</DisplayName>
      <Description>パッケージ出力用リザーブ2</Description>
      <SortID>90000000</SortID>
      <UnkC8>パディング</UnkC8>
    </Field>
    <Field Def="u16 iconId">
      <DisplayName>アイコンID</DisplayName>
      <Description>メニューアイコンID.</Description>
      <Maximum>9999</Maximum>
      <SortID>77700000</SortID>
      <UnkC8>運用停止</UnkC8>
    </Field>
    <Field Def="u16 modelId">
      <DisplayName>モデルID</DisplayName>
      <Description>アセンブリの詳細表示で表示するモデルID</Description>
      <Maximum>9999</Maximum>
      <SortID>10040000</SortID>
    </Field>
    <Field Def="s32 sortId">
      <DisplayName>ソートID</DisplayName>
      <Description>ソートID(プログラム内で強化レベルを加味しているので s32 では７桁が限界)</Description>
      <Minimum>-1</Minimum>
      <Maximum>9999999</Maximum>
      <SortID>10050000</SortID>
    </Field>
    <Field Def="f32 weight = 1">
      <DisplayName>重量[kg]</DisplayName>
      <Description>重量[kg].</Description>
      <DisplayFormat>%0.3f</DisplayFormat>
      <Minimum>0</Minimum>
      <Maximum>9999999</Maximum>
      <Increment>0.1</Increment>
      <SortID>10060000</SortID>
    </Field>
    <Field Def="s32 energyMax">
      <DisplayName>EN上限値</DisplayName>
      <Description>EN上限値</Description>
      <Minimum>0</Minimum>
      <Maximum>9999</Maximum>
      <SortID>10070000</SortID>
    </Field>
    <Field Def="s32 energyRecoveryPerSec">
      <DisplayName>EN回復量_通常時[EN値/sec] </DisplayName>
      <Description>EN回復量_通常時[EN値/sec]</Description>
      <Minimum>0</Minimum>
      <Maximum>9999</Maximum>
      <SortID>10080000</SortID>
      <UnkC8>EN消費・回復</UnkC8>
    </Field>
    <Field Def="s32 consumeEN">
      <DisplayName>EN消費量_通常時[EN値/sec] </DisplayName>
      <Description>EN消費量_通常時[EN値/sec] </Description>
      <Minimum>-9999</Minimum>
      <Maximum>9999</Maximum>
      <SortID>10080010</SortID>
      <UnkC8>EN消費・回復</UnkC8>
    </Field>
    <Field Def="f32 energyRecoveryDelayTimeSec">
      <DisplayName>EN回復待機時間[sec] </DisplayName>
      <Description>EN回復待機時間[sec] </Description>
      <DisplayFormat>%.2f</DisplayFormat>
      <Minimum>0</Minimum>
      <Maximum>9999</Maximum>
      <SortID>10080020</SortID>
      <UnkC8>EN消費・回復</UnkC8>
    </Field>
    <Field Def="f32 predictionShoot_BulletSpeedMPS">
      <DisplayName> 	疑似弾速[m/s]</DisplayName>
      <Description>武器とは別枠で予測位置を求めるためのパラメータ</Description>
      <DisplayFormat>%.0f</DisplayFormat>
      <Minimum>0</Minimum>
      <Maximum>99999</Maximum>
      <Increment>1</Increment>
      <SortID>10080030</SortID>
      <UnkC8>EN消費・回復</UnkC8>
    </Field>
    <Field Def="f32 predictionShoot_MaxShootOffset">
      <DisplayName>予測差分上限[m]</DisplayName>
      <Description>予測差分が大きくなりすぎたときの頭打ちとなる値</Description>
      <DisplayFormat>%.0f</DisplayFormat>
      <Minimum>0</Minimum>
      <Maximum>99999</Maximum>
      <Increment>1</Increment>
      <SortID>10090000</SortID>
      <UnkC8>予測射撃</UnkC8>
    </Field>
    <Field Def="f32 predictionShoot_StartPredDist">
      <DisplayName>予測開始距離[m]</DisplayName>
      <Description>予測率の計算を開始する距離</Description>
      <DisplayFormat>%.0f</DisplayFormat>
      <Minimum>0</Minimum>
      <Maximum>99999</Maximum>
      <Increment>1</Increment>
      <SortID>10090010</SortID>
      <UnkC8>予測射撃</UnkC8>
    </Field>
    <Field Def="f32 energyRecoveryDelayTimeForEmptySec">
      <DisplayName>EN回復待機時間_借金時[sec] </DisplayName>
      <Description>ENが空っぽのときのEN回復待機時間[sec] </Description>
      <DisplayFormat>%.2f</DisplayFormat>
      <Minimum>0</Minimum>
      <Maximum>9999</Maximum>
      <SortID>10090020</SortID>
      <UnkC8>予測射撃</UnkC8>
    </Field>
    <Field Def="f32 missileLockPerf">
      <DisplayName>ミサイルロック性能</DisplayName>
      <Description>ミサイルロック時間に対しての補正値</Description>
      <DisplayFormat>%.2f</DisplayFormat>
      <Minimum>0</Minimum>
      <Maximum>99999.9</Maximum>
      <Increment>0.1</Increment>
      <SortID>10100000</SortID>
      <UnkC8>ロック性能</UnkC8>
    </Field>
    <Field Def="dummy8 pad_end[6]">
      <DisplayName>パディング</DisplayName>
      <SortID>90000000</SortID>
      <UnkC8>パディング</UnkC8>
    </Field>
    <Field Def="u16 Maker">
      <DisplayName>企業</DisplayName>
      <Enum>EQUIP_MAKER_TYPE</Enum>
      <Description>製造元</Description>
      <SortID>10030000</SortID>
    </Field>
    <Field Def="s32 sellValue">
      <DisplayName>売却価格</DisplayName>
      <Description>売却価格</Description>
      <Minimum>-1</Minimum>
      <Maximum>99999999</Maximum>
      <SortID>77700000</SortID>
      <UnkC8>運用停止</UnkC8>
    </Field>
    <Field Def="s32 saleValue = -1">
      <DisplayName>販売価格</DisplayName>
      <Description>販売価格</Description>
      <Minimum>-1</Minimum>
      <Maximum>99999999</Maximum>
      <SortID>77700000</SortID>
      <UnkC8>運用停止</UnkC8>
    </Field>
    <Field Def="f32 computed_f00">
      <DisplayName>【表示用】Float_00</DisplayName>
      <Description>メニュー表示用算出値00</Description>
      <DisplayFormat>%.2f</DisplayFormat>
      <Minimum>-100000000</Minimum>
      <Maximum>100000000</Maximum>
      <Increment>1</Increment>
      <SortID>10110000</SortID>
      <UnkC8>【表示用】Float</UnkC8>
    </Field>
    <Field Def="f32 computed_f01">
      <DisplayName>【表示用】Float_01</DisplayName>
      <Description>メニュー表示用算出値01</Description>
      <DisplayFormat>%.2f</DisplayFormat>
      <Minimum>-100000000</Minimum>
      <Maximum>100000000</Maximum>
      <Increment>1</Increment>
      <SortID>10110010</SortID>
      <UnkC8>【表示用】Float</UnkC8>
    </Field>
    <Field Def="f32 computed_f02">
      <DisplayName>【表示用】Float_02</DisplayName>
      <Description>メニュー表示用算出値02</Description>
      <DisplayFormat>%.2f</DisplayFormat>
      <Minimum>-100000000</Minimum>
      <Maximum>100000000</Maximum>
      <Increment>1</Increment>
      <SortID>10110020</SortID>
      <UnkC8>【表示用】Float</UnkC8>
    </Field>
    <Field Def="f32 computed_f03">
      <DisplayName>【表示用】Float_03</DisplayName>
      <Description>メニュー表示用算出値03</Description>
      <DisplayFormat>%.2f</DisplayFormat>
      <Minimum>-100000000</Minimum>
      <Maximum>100000000</Maximum>
      <Increment>1</Increment>
      <SortID>10110030</SortID>
      <UnkC8>【表示用】Float</UnkC8>
    </Field>
    <Field Def="f32 computed_f04">
      <DisplayName>【表示用】Float_04</DisplayName>
      <Description>メニュー表示用算出値04</Description>
      <DisplayFormat>%.2f</DisplayFormat>
      <Minimum>-100000000</Minimum>
      <Maximum>100000000</Maximum>
      <Increment>1</Increment>
      <SortID>10110040</SortID>
      <UnkC8>【表示用】Float</UnkC8>
    </Field>
    <Field Def="f32 computed_f05">
      <DisplayName>【表示用】Float_05</DisplayName>
      <Description>メニュー表示用算出値05</Description>
      <DisplayFormat>%.2f</DisplayFormat>
      <Minimum>-100000000</Minimum>
      <Maximum>100000000</Maximum>
      <Increment>1</Increment>
      <SortID>10110050</SortID>
      <UnkC8>【表示用】Float</UnkC8>
    </Field>
    <Field Def="f32 computed_f06">
      <DisplayName>【表示用】Float_06</DisplayName>
      <Description>メニュー表示用算出値06</Description>
      <DisplayFormat>%.2f</DisplayFormat>
      <Minimum>-100000000</Minimum>
      <Maximum>100000000</Maximum>
      <Increment>1</Increment>
      <SortID>10110060</SortID>
      <UnkC8>【表示用】Float</UnkC8>
    </Field>
    <Field Def="f32 computed_f07">
      <DisplayName>【表示用】Float_07</DisplayName>
      <Description>メニュー表示用算出値07</Description>
      <DisplayFormat>%.2f</DisplayFormat>
      <Minimum>-100000000</Minimum>
      <Maximum>100000000</Maximum>
      <Increment>1</Increment>
      <SortID>10110070</SortID>
      <UnkC8>【表示用】Float</UnkC8>
    </Field>
    <Field Def="f32 computed_f08">
      <DisplayName>【表示用】Float_08</DisplayName>
      <Description>メニュー表示用算出値08</Description>
      <DisplayFormat>%.2f</DisplayFormat>
      <Minimum>-100000000</Minimum>
      <Maximum>100000000</Maximum>
      <Increment>1</Increment>
      <SortID>10110080</SortID>
      <UnkC8>【表示用】Float</UnkC8>
    </Field>
    <Field Def="f32 computed_f09">
      <DisplayName>【表示用】Float_09</DisplayName>
      <Description>メニュー表示用算出値09</Description>
      <DisplayFormat>%.2f</DisplayFormat>
      <Minimum>-100000000</Minimum>
      <Maximum>100000000</Maximum>
      <Increment>1</Increment>
      <SortID>10110090</SortID>
      <UnkC8>【表示用】Float</UnkC8>
    </Field>
    <Field Def="f32 computed_f10">
      <DisplayName>【表示用】Float_10</DisplayName>
      <Description>メニュー表示用算出値10</Description>
      <DisplayFormat>%.2f</DisplayFormat>
      <Minimum>-100000000</Minimum>
      <Maximum>100000000</Maximum>
      <Increment>1</Increment>
      <SortID>10110100</SortID>
      <UnkC8>【表示用】Float</UnkC8>
    </Field>
    <Field Def="f32 computed_f11">
      <DisplayName>【表示用】Float_11</DisplayName>
      <Description>メニュー表示用算出値11</Description>
      <DisplayFormat>%.2f</DisplayFormat>
      <Minimum>-100000000</Minimum>
      <Maximum>100000000</Maximum>
      <Increment>1</Increment>
      <SortID>10110110</SortID>
      <UnkC8>【表示用】Float</UnkC8>
    </Field>
    <Field Def="f32 computed_f12">
      <DisplayName>【表示用】Float_12</DisplayName>
      <Description>メニュー表示用算出値12</Description>
      <DisplayFormat>%.2f</DisplayFormat>
      <Minimum>-100000000</Minimum>
      <Maximum>100000000</Maximum>
      <Increment>1</Increment>
      <SortID>10110120</SortID>
      <UnkC8>【表示用】Float</UnkC8>
    </Field>
    <Field Def="f32 computed_f13">
      <DisplayName>【表示用】Float_13</DisplayName>
      <Description>メニュー表示用算出値13</Description>
      <DisplayFormat>%.2f</DisplayFormat>
      <Minimum>-100000000</Minimum>
      <Maximum>100000000</Maximum>
      <Increment>1</Increment>
      <SortID>10110130</SortID>
      <UnkC8>【表示用】Float</UnkC8>
    </Field>
    <Field Def="f32 computed_f14">
      <DisplayName>【表示用】Float_14</DisplayName>
      <Description>メニュー表示用算出値14</Description>
      <DisplayFormat>%.2f</DisplayFormat>
      <Minimum>-100000000</Minimum>
      <Maximum>100000000</Maximum>
      <Increment>1</Increment>
      <SortID>10110140</SortID>
      <UnkC8>【表示用】Float</UnkC8>
    </Field>
    <Field Def="f32 computed_f_last">
      <DisplayName>【表示用】Float_15</DisplayName>
      <Description>メニュー表示用算出値15</Description>
      <DisplayFormat>%.2f</DisplayFormat>
      <Minimum>-100000000</Minimum>
      <Maximum>100000000</Maximum>
      <Increment>1</Increment>
      <SortID>10110150</SortID>
      <UnkC8>【表示用】Float</UnkC8>
    </Field>
    <Field Def="f32 missileLockTimeRate = 1">
      <DisplayName>ミサイルロック時間係数</DisplayName>
      <Description>ミサイルロック時間にかける係数</Description>
      <DisplayFormat>%.1f</DisplayFormat>
      <Minimum>0</Minimum>
      <Maximum>99.9</Maximum>
      <Increment>0.1</Increment>
      <SortID>10100010</SortID>
      <UnkC8>ロック性能</UnkC8>
    </Field>
    <Field Def="f32 missileMultiLockTimeRate = 1">
      <DisplayName>マルチロック時間係数</DisplayName>
      <Description>ミサイルマルチロック時間にかける係数</Description>
      <DisplayFormat>%.1f</DisplayFormat>
      <Minimum>0</Minimum>
      <Maximum>99.9</Maximum>
      <Increment>0.1</Increment>
      <SortID>10100020</SortID>
      <UnkC8>ロック性能</UnkC8>
    </Field>
    <Field Def="s32 refId = -1">
      <DisplayName>別FCSパラ参照ID</DisplayName>
      <Description>設定されていると別FCSパラを参照します</Description>
      <Minimum>-1</Minimum>
      <Maximum>1999999999</Maximum>
      <SortID>10025000</SortID>
    </Field>
    <Field Def="f32 perfRateAddScale = 1">
      <DisplayName>予測率加算量補正倍率</DisplayName>
      <Description>予測率加算量の補正倍率</Description>
      <DisplayFormat>%.2f</DisplayFormat>
      <Minimum>0</Minimum>
      <Maximum>999.9</Maximum>
      <SortID>10100110</SortID>
      <UnkC8>ロック性能</UnkC8>
    </Field>
    <Field Def="f32 perfRateSubScale = 1">
      <DisplayName>予測率減算量補正倍率</DisplayName>
      <Description>予測率減算量の補正倍率</Description>
      <DisplayFormat>%.2f</DisplayFormat>
      <Minimum>0</Minimum>
      <Maximum>999.9</Maximum>
      <SortID>10100120</SortID>
      <UnkC8>ロック性能</UnkC8>
    </Field>
    <Field Def="f32 stageMaxVal0">
      <DisplayName>閾値ポイント0</DisplayName>
      <Description>距離[m]、補正計算グラフパラメータと同じ使い方</Description>
      <DisplayFormat>%.1f</DisplayFormat>
      <Minimum>0</Minimum>
      <Maximum>9999.9</Maximum>
      <Increment>0.1</Increment>
      <SortID>10100200</SortID>
      <UnkC8>ロック性能_距離補正</UnkC8>
    </Field>
    <Field Def="f32 stageMaxVal1">
      <DisplayName>閾値ポイント1</DisplayName>
      <Description>距離[m]、補正計算グラフパラメータと同じ使い方</Description>
      <DisplayFormat>%.1f</DisplayFormat>
      <Minimum>0</Minimum>
      <Maximum>9999.9</Maximum>
      <Increment>0.1</Increment>
      <SortID>10100210</SortID>
      <UnkC8>ロック性能_距離補正</UnkC8>
    </Field>
    <Field Def="f32 stageMaxVal2">
      <DisplayName>閾値ポイント2</DisplayName>
      <Description>距離[m]、補正計算グラフパラメータと同じ使い方</Description>
      <DisplayFormat>%.1f</DisplayFormat>
      <Minimum>0</Minimum>
      <Maximum>9999.9</Maximum>
      <Increment>0.1</Increment>
      <SortID>10100220</SortID>
      <UnkC8>ロック性能_距離補正</UnkC8>
    </Field>
    <Field Def="f32 stageMaxVal3">
      <DisplayName>閾値ポイント3</DisplayName>
      <Description>距離[m]、補正計算グラフパラメータと同じ使い方</Description>
      <DisplayFormat>%.1f</DisplayFormat>
      <Minimum>0</Minimum>
      <Maximum>9999.9</Maximum>
      <Increment>0.1</Increment>
      <SortID>10100230</SortID>
      <UnkC8>ロック性能_距離補正</UnkC8>
    </Field>
    <Field Def="f32 stageMaxVal4">
      <DisplayName>閾値ポイント4</DisplayName>
      <Description>距離[m]、補正計算グラフパラメータと同じ使い方</Description>
      <DisplayFormat>%.1f</DisplayFormat>
      <Minimum>0</Minimum>
      <Maximum>9999.9</Maximum>
      <Increment>0.1</Increment>
      <SortID>10100240</SortID>
      <UnkC8>ロック性能_距離補正</UnkC8>
    </Field>
    <Field Def="f32 stageMaxGrowVal0">
      <DisplayName>閾値係数0</DisplayName>
      <Description>加算される予測率、補正計算グラフパラメータと同じ使い方</Description>
      <DisplayFormat>%.1f</DisplayFormat>
      <Minimum>0</Minimum>
      <Maximum>1</Maximum>
      <Increment>0.1</Increment>
      <SortID>10100300</SortID>
      <UnkC8>ロック性能_距離補正</UnkC8>
    </Field>
    <Field Def="f32 stageMaxGrowVal1">
      <DisplayName>閾値係数1</DisplayName>
      <Description>加算される予測率、補正計算グラフパラメータと同じ使い方</Description>
      <DisplayFormat>%.1f</DisplayFormat>
      <Minimum>0</Minimum>
      <Maximum>1</Maximum>
      <Increment>0.1</Increment>
      <SortID>10100310</SortID>
      <UnkC8>ロック性能_距離補正</UnkC8>
    </Field>
    <Field Def="f32 stageMaxGrowVal2">
      <DisplayName>閾値係数2</DisplayName>
      <Description>加算される予測率、補正計算グラフパラメータと同じ使い方</Description>
      <DisplayFormat>%.1f</DisplayFormat>
      <Minimum>0</Minimum>
      <Maximum>1</Maximum>
      <Increment>0.1</Increment>
      <SortID>10100320</SortID>
      <UnkC8>ロック性能_距離補正</UnkC8>
    </Field>
    <Field Def="f32 stageMaxGrowVal3">
      <DisplayName>閾値係数3</DisplayName>
      <Description>加算される予測率、補正計算グラフパラメータと同じ使い方</Description>
      <DisplayFormat>%.1f</DisplayFormat>
      <Minimum>0</Minimum>
      <Maximum>1</Maximum>
      <Increment>0.1</Increment>
      <SortID>10100330</SortID>
      <UnkC8>ロック性能_距離補正</UnkC8>
    </Field>
    <Field Def="f32 stageMaxGrowVal4">
      <DisplayName>閾値係数4</DisplayName>
      <Description>加算される予測率、補正計算グラフパラメータと同じ使い方</Description>
      <DisplayFormat>%.1f</DisplayFormat>
      <Minimum>0</Minimum>
      <Maximum>1</Maximum>
      <Increment>0.1</Increment>
      <SortID>10100340</SortID>
      <UnkC8>ロック性能_距離補正</UnkC8>
    </Field>
    <Field Def="dummy8 pad_end2[16]">
      <DisplayName>パディング</DisplayName>
      <SortID>90000000</SortID>
      <UnkC8>パディング</UnkC8>
    </Field>
  </Fields>
</PARAMDEF>