﻿<?xml version="1.0" encoding="utf-8"?>
<PARAMDEF XmlVersion="3">
  <ParamType>EQUIP_PARAM_BOOSTER_ST</ParamType>
  <DataVersion>7</DataVersion>
  <BigEndian>False</BigEndian>
  <Unicode>True</Unicode>
  <FormatVersion>203</FormatVersion>
  <Fields>
    <Field Def="u8 disableParam_NT:1">
      <DisplayName>NT版出力から外すか</DisplayName>
      <Enum>EQUIP_BOOL</Enum>
      <Description>NT版から除外するか、除外するものに○をつける</Description>
      <Maximum>1</Maximum>
      <SortID>10010000</SortID>
    </Field>
    <Field Def="u8 disableParam_Product:1">
      <DisplayName>製品版出力から外すか</DisplayName>
      <Enum>EQUIP_BOOL</Enum>
      <Description>製品版から除外するか、除外するものに○をつける</Description>
      <Maximum>1</Maximum>
      <SortID>10020000</SortID>
    </Field>
    <Field Def="dummy8 disableParamReserve1:6">
      <DisplayName>パッケージ出力用リザーブ1</DisplayName>
      <Description>パッケージ出力用リザーブ1</Description>
      <SortID>90000000</SortID>
      <UnkC8>パディング</UnkC8>
    </Field>
    <Field Def="dummy8 disableParamReserve2[3]">
      <DisplayName>パッケージ出力用リザーブ2</DisplayName>
      <Description>パッケージ出力用リザーブ2</Description>
      <SortID>90000000</SortID>
      <UnkC8>パディング</UnkC8>
    </Field>
    <Field Def="u16 iconId">
      <DisplayName>アイコンID</DisplayName>
      <Description>メニューアイコンID.</Description>
      <Maximum>9999</Maximum>
      <SortID>77700000</SortID>
      <UnkC8>運用停止</UnkC8>
    </Field>
    <Field Def="u16 modelId">
      <DisplayName>モデルID</DisplayName>
      <Description>モデルID</Description>
      <Maximum>9999</Maximum>
      <SortID>10040000</SortID>
    </Field>
    <Field Def="s32 sortId">
      <DisplayName>ソートID</DisplayName>
      <Description>ソートID(プログラム内で強化レベルを加味しているので s32 では７桁が限界)</Description>
      <Minimum>-1</Minimum>
      <Maximum>9999999</Maximum>
      <SortID>10050000</SortID>
    </Field>
    <Field Def="f32 weight = 1">
      <DisplayName>重量[kg]</DisplayName>
      <Description>重量[kg].</Description>
      <DisplayFormat>%0.3f</DisplayFormat>
      <Minimum>0</Minimum>
      <Maximum>9999999</Maximum>
      <Increment>0.1</Increment>
      <SortID>10070000</SortID>
    </Field>
    <Field Def="s32 energyMax">
      <DisplayName>EN上限値</DisplayName>
      <Description>EN上限値</Description>
      <Minimum>0</Minimum>
      <Maximum>9999</Maximum>
      <SortID>10080000</SortID>
    </Field>
    <Field Def="s32 energyRecoveryPerSec">
      <DisplayName>EN回復量_通常時[EN値/sec] </DisplayName>
      <Description>EN回復量_通常時[EN値/sec]</Description>
      <Minimum>0</Minimum>
      <Maximum>9999</Maximum>
      <SortID>10090000</SortID>
      <UnkC8>EN消費・回復</UnkC8>
    </Field>
    <Field Def="s32 consumeEN">
      <DisplayName>EN消費量_通常時[EN値/sec] </DisplayName>
      <Description>EN消費量_通常時[EN値/sec] </Description>
      <Minimum>-9999</Minimum>
      <Maximum>9999</Maximum>
      <SortID>10090010</SortID>
      <UnkC8>EN消費・回復</UnkC8>
    </Field>
    <Field Def="f32 energyRecoveryDelayTimeSec">
      <DisplayName>EN回復待機時間[sec] </DisplayName>
      <Description>EN回復待機時間[sec] </Description>
      <DisplayFormat>%.2f</DisplayFormat>
      <Minimum>0</Minimum>
      <Maximum>9999</Maximum>
      <SortID>10090020</SortID>
      <UnkC8>EN消費・回復</UnkC8>
    </Field>
    <Field Def="f32 f00_dashBoostMaxSpeedKMPH">
      <DisplayName>【地上B】最高速度[km/h]（※終端速度に統合予定）</DisplayName>
      <Description>ダッシュブースト時の最高速度</Description>
      <Minimum>0</Minimum>
      <Maximum>9999</Maximum>
      <Increment>1</Increment>
      <SortID>88800000</SortID>
      <UnkC8>削除予定</UnkC8>
    </Field>
    <Field Def="f32 f01_dashBoostStartAccelMPSS">
      <DisplayName>【地上B】開始加速度[m/s^2]（※終端速度により廃止予定）</DisplayName>
      <Description>ダッシュブースト時の開始加速度</Description>
      <Minimum>0</Minimum>
      <Maximum>9999</Maximum>
      <Increment>0.1</Increment>
      <SortID>88800000</SortID>
      <UnkC8>削除予定</UnkC8>
    </Field>
    <Field Def="f32 f02_dashBoostMaxAccelMPSS">
      <DisplayName>【地上B】最高加速度[m/s^2]（※終端速度により廃止予定）</DisplayName>
      <Description>ダッシュブースト時の最高加速度</Description>
      <Minimum>0</Minimum>
      <Maximum>9999</Maximum>
      <Increment>0.1</Increment>
      <SortID>88800000</SortID>
      <UnkC8>削除予定</UnkC8>
    </Field>
    <Field Def="f32 f03_dashBoostBeginAccelTimeSec">
      <DisplayName>【地上B】開始加速度継続時間[s]</DisplayName>
      <Description>ダッシュブースト開始加速度の継続時間</Description>
      <Minimum>0</Minimum>
      <Maximum>9999</Maximum>
      <Increment>0.1</Increment>
      <SortID>10100000</SortID>
      <UnkC8>地上ブースト</UnkC8>
    </Field>
    <Field Def="f32 f04_dashBoostBeginToMaxAccelTimeSec">
      <DisplayName>【地上B】開始→最高加速度時間[s]</DisplayName>
      <Description>ダッシュブースト開始時加速度から最高加速度になるまでの時間</Description>
      <Minimum>0</Minimum>
      <Maximum>9999</Maximum>
      <Increment>0.1</Increment>
      <SortID>10100010</SortID>
      <UnkC8>地上ブースト</UnkC8>
    </Field>
    <Field Def="f32 f05_consumeEN_boostMove">
      <DisplayName>【地上B】消費EN[point/s]</DisplayName>
      <Description>地上ブースト継続EN消費[point/sec]</Description>
      <DisplayFormat>%.2f</DisplayFormat>
      <EditFlags>None</EditFlags>
      <Minimum>0</Minimum>
      <Maximum>9999</Maximum>
      <SortID>10100030</SortID>
      <UnkC8>地上ブースト</UnkC8>
    </Field>
    <Field Def="f32 f06_flyBoostHorizontalMaxSpeedKMPH">
      <DisplayName>【空中B】水平最高速度[km/h]（※終端速度に統合予定）</DisplayName>
      <Description>飛行ブースト水平移動最高速度</Description>
      <Minimum>0</Minimum>
      <Maximum>9999</Maximum>
      <Increment>1</Increment>
      <SortID>88800000</SortID>
      <UnkC8>削除予定</UnkC8>
    </Field>
    <Field Def="f32 f07_flyBoostHorizontalStartAccelMPSS">
      <DisplayName>【空中B】水平開始加速度[m/s^2]（※終端速度により廃止予定）</DisplayName>
      <Description>飛行ブースト水平移動開始加速度</Description>
      <Minimum>0</Minimum>
      <Maximum>9999</Maximum>
      <Increment>0.1</Increment>
      <SortID>88800000</SortID>
      <UnkC8>削除予定</UnkC8>
    </Field>
    <Field Def="f32 f08_flyBoostHorizontalMaxAccelMPSS">
      <DisplayName>【空中B】水平最高加速度[m/s^2]（※終端速度により廃止予定）</DisplayName>
      <Description>飛行ブースト水平移動時の最高加速度+</Description>
      <Minimum>0</Minimum>
      <Maximum>9999</Maximum>
      <Increment>0.1</Increment>
      <SortID>88800000</SortID>
      <UnkC8>削除予定</UnkC8>
    </Field>
    <Field Def="f32 f09_flyBoostHorizontalBeginAccelTimeSec">
      <DisplayName>【空中B】水平開始加速度継続時間[s]</DisplayName>
      <Description>飛行ブースト水平移動開始加速度の継続時間</Description>
      <Minimum>0</Minimum>
      <Maximum>9999</Maximum>
      <Increment>0.1</Increment>
      <SortID>10110000</SortID>
      <UnkC8>空中ブースト</UnkC8>
    </Field>
    <Field Def="f32 f10_flyBoostHorizontalBeginToMaxAccelTimeSec">
      <DisplayName>【空中B】水平開始→最高加速度時間[s]  </DisplayName>
      <Description>飛行ブースト水平移動開始時加速度から最高加速度になるまでの時間</Description>
      <Minimum>0</Minimum>
      <Maximum>9999</Maximum>
      <Increment>0.1</Increment>
      <SortID>10110010</SortID>
      <UnkC8>空中ブースト</UnkC8>
    </Field>
    <Field Def="f32 f11_consumeEN_boostMoveAir">
      <DisplayName>【空中B】消費EN[point/s]</DisplayName>
      <Description>空中ブースト継続EN消費[point/sec]</Description>
      <DisplayFormat>%.2f</DisplayFormat>
      <EditFlags>None</EditFlags>
      <Minimum>0</Minimum>
      <Maximum>9999</Maximum>
      <SortID>10110120</SortID>
      <UnkC8>空中ブースト</UnkC8>
    </Field>
    <Field Def="f32 consumeEN_BoostUp">
      <DisplayName>【上昇B】消費EN[point/s]</DisplayName>
      <Description>ブースト上昇継続EN消費[point/sec]</Description>
      <DisplayFormat>%.2f</DisplayFormat>
      <EditFlags>None</EditFlags>
      <Minimum>0</Minimum>
      <Maximum>9999</Maximum>
      <SortID>10130080</SortID>
      <UnkC8>上昇ブースト</UnkC8>
    </Field>
    <Field Def="s32 consumeFixedEN_QB">
      <DisplayName>【QB】瞬間消費EN[point]</DisplayName>
      <Description>QB固定EN消費[point]</Description>
      <EditFlags>None</EditFlags>
      <Minimum>0</Minimum>
      <Maximum>9999</Maximum>
      <SortID>10120040</SortID>
      <UnkC8>クイックブースト</UnkC8>
    </Field>
    <Field Def="f32 QB_EndSpeedKMH = 500">
      <DisplayName>QB終端速度[km/h]</DisplayName>
      <Description>QBの終端速度</Description>
      <EditFlags>None</EditFlags>
      <Minimum>0</Minimum>
      <Maximum>9999</Maximum>
      <Increment>1</Increment>
      <SortID>10120000</SortID>
      <UnkC8>クイックブースト</UnkC8>
    </Field>
    <Field Def="f32 QB_AccelTimeF30 = 10">
      <DisplayName>QB噴射時間[1/30 s]</DisplayName>
      <Description>QB噴射時間</Description>
      <EditFlags>None</EditFlags>
      <Minimum>0</Minimum>
      <Maximum>300</Maximum>
      <Increment>1</Increment>
      <SortID>10120010</SortID>
      <UnkC8>クイックブースト</UnkC8>
    </Field>
    <Field Def="f32 dashBoost_EndSpeedKMH">
      <DisplayName>地上ブーストダッシュ終端速度[km/h]</DisplayName>
      <Description>地上ブーストダッシュの終端速度</Description>
      <EditFlags>None</EditFlags>
      <Minimum>0</Minimum>
      <Maximum>9999</Maximum>
      <Increment>1</Increment>
      <SortID>10100020</SortID>
      <UnkC8>地上ブースト</UnkC8>
    </Field>
    <Field Def="f32 flyBoost_EndSpeedKMH">
      <DisplayName>空中ブーストダッシュ終端速度[km/h]</DisplayName>
      <Description>空中ブーストダッシュの終端速度</Description>
      <EditFlags>None</EditFlags>
      <Minimum>0</Minimum>
      <Maximum>9999</Maximum>
      <Increment>1</Increment>
      <SortID>10110020</SortID>
      <UnkC8>空中ブースト</UnkC8>
    </Field>
    <Field Def="f32 QB_StartAddSpeedKMH">
      <DisplayName>QB初速[km/h]  </DisplayName>
      <Description>QB時の追加初速</Description>
      <EditFlags>None</EditFlags>
      <Minimum>0</Minimum>
      <Maximum>9999</Maximum>
      <Increment>0.1</Increment>
      <SortID>10120020</SortID>
      <UnkC8>クイックブースト</UnkC8>
    </Field>
    <Field Def="f32 flyBoostUpperAccelMPSS">
      <DisplayName>【空中B】上昇加速度[m/s^2]</DisplayName>
      <Description>飛行ブースト上昇加速度</Description>
      <EditFlags>None</EditFlags>
      <Minimum>0</Minimum>
      <Maximum>9999</Maximum>
      <Increment>0.1</Increment>
      <SortID>10110030</SortID>
      <UnkC8>空中ブースト</UnkC8>
    </Field>
    <Field Def="f32 flyBoostUpperMaxSpeedKMH">
      <DisplayName>【空中B】上昇最高速度[km/h]  </DisplayName>
      <Description>飛行ブースト上昇最高速度</Description>
      <EditFlags>None</EditFlags>
      <Minimum>0</Minimum>
      <Maximum>9999</Maximum>
      <Increment>0.1</Increment>
      <SortID>10110040</SortID>
      <UnkC8>空中ブースト</UnkC8>
    </Field>
    <Field Def="f32 flyBoostUpperJumpAccelMPSS">
      <DisplayName>【空中B】ジャンプ入力時開始加速度[m/s^2]</DisplayName>
      <Description>飛行ブーストジャンプ入力時上昇加速度</Description>
      <EditFlags>None</EditFlags>
      <Minimum>0</Minimum>
      <Maximum>9999</Maximum>
      <Increment>0.1</Increment>
      <SortID>10110070</SortID>
      <UnkC8>空中ブースト</UnkC8>
    </Field>
    <Field Def="f32 flyBoostUpperJumpEN">
      <DisplayName>【空中B】ジャンプ入力時消費EN[point/s]</DisplayName>
      <Description>飛行ブーストジャンプ入力時消費EN</Description>
      <EditFlags>None</EditFlags>
      <Minimum>0</Minimum>
      <Maximum>9999</Maximum>
      <SortID>10110110</SortID>
      <UnkC8>空中ブースト</UnkC8>
    </Field>
    <Field Def="s32 sellValue">
      <DisplayName>売却価格</DisplayName>
      <Description>売却価格</Description>
      <Minimum>-1</Minimum>
      <Maximum>99999999</Maximum>
      <SortID>77700000</SortID>
      <UnkC8>運用停止</UnkC8>
    </Field>
    <Field Def="s32 saleValue = -1">
      <DisplayName>販売価格</DisplayName>
      <Description>販売価格</Description>
      <Minimum>-1</Minimum>
      <Maximum>99999999</Maximum>
      <SortID>77700000</SortID>
      <UnkC8>運用停止</UnkC8>
    </Field>
    <Field Def="f32 QB_ReloadTimeSec">
      <DisplayName>QB再使用時間[s]  </DisplayName>
      <Description>QBを開始してからもう一度開始できるようになるまでの時間</Description>
      <EditFlags>None</EditFlags>
      <Minimum>0</Minimum>
      <Maximum>99</Maximum>
      <SortID>10120030</SortID>
      <UnkC8>クイックブースト</UnkC8>
    </Field>
    <Field Def="f32 flyBoostDownMaxSpeedKMH">
      <DisplayName>【空中B】下降最高速度[km/h]</DisplayName>
      <Description>飛行ブースト下降最高速度</Description>
      <EditFlags>None</EditFlags>
      <Minimum>0</Minimum>
      <Maximum>9999</Maximum>
      <Increment>0.1</Increment>
      <SortID>10110050</SortID>
      <UnkC8>空中ブースト</UnkC8>
    </Field>
    <Field Def="f32 flyBoostUpperJumpDownMaxSpeedKMH">
      <DisplayName>【空中B】ジャンプ入力時下降最高速度[km/h]</DisplayName>
      <Description>飛行ブーストジャンプ入力時下降最高速度</Description>
      <EditFlags>None</EditFlags>
      <Minimum>0</Minimum>
      <Maximum>9999</Maximum>
      <Increment>0.1</Increment>
      <SortID>10110060</SortID>
      <UnkC8>空中ブースト</UnkC8>
    </Field>
    <Field Def="f32 energyRecoveryDelayTimeForEmptySec">
      <DisplayName>EN回復待機時間_借金時[sec] </DisplayName>
      <Description>ENが空っぽのときのEN回復待機時間[sec] </Description>
      <DisplayFormat>%.2f</DisplayFormat>
      <Minimum>0</Minimum>
      <Maximum>9999</Maximum>
      <SortID>10090030</SortID>
      <UnkC8>EN消費・回復</UnkC8>
    </Field>
    <Field Def="u32 thrustersParamIDForPC">
      <DisplayName>スラスターパラムID（PC用）</DisplayName>
      <Description>PC用、スラスターパラメータのIDを指定（0でスラスターなし）</Description>
      <Maximum>99999999</Maximum>
      <SortID>10060000</SortID>
    </Field>
    <Field Def="dummy8 pad_end[8]">
      <DisplayName>パディング</DisplayName>
      <SortID>90000000</SortID>
      <UnkC8>パディング</UnkC8>
    </Field>
    <Field Def="f32 computed_f00">
      <DisplayName>【表示用】Float_00</DisplayName>
      <Description>メニュー表示用算出値00</Description>
      <DisplayFormat>%.2f</DisplayFormat>
      <Minimum>-100000000</Minimum>
      <Maximum>100000000</Maximum>
      <Increment>1</Increment>
      <SortID>10160000</SortID>
      <UnkC8>【表示用】Float</UnkC8>
    </Field>
    <Field Def="f32 computed_f01">
      <DisplayName>【表示用】Float_01</DisplayName>
      <Description>メニュー表示用算出値01</Description>
      <DisplayFormat>%.2f</DisplayFormat>
      <Minimum>-100000000</Minimum>
      <Maximum>100000000</Maximum>
      <Increment>1</Increment>
      <SortID>10160010</SortID>
      <UnkC8>【表示用】Float</UnkC8>
    </Field>
    <Field Def="f32 computed_f02">
      <DisplayName>【表示用】Float_02</DisplayName>
      <Description>メニュー表示用算出値02</Description>
      <DisplayFormat>%.2f</DisplayFormat>
      <Minimum>-100000000</Minimum>
      <Maximum>100000000</Maximum>
      <Increment>1</Increment>
      <SortID>10160020</SortID>
      <UnkC8>【表示用】Float</UnkC8>
    </Field>
    <Field Def="f32 computed_f03">
      <DisplayName>【表示用】Float_03</DisplayName>
      <Description>メニュー表示用算出値03</Description>
      <DisplayFormat>%.2f</DisplayFormat>
      <Minimum>-100000000</Minimum>
      <Maximum>100000000</Maximum>
      <Increment>1</Increment>
      <SortID>10160030</SortID>
      <UnkC8>【表示用】Float</UnkC8>
    </Field>
    <Field Def="f32 computed_f04">
      <DisplayName>【表示用】Float_04</DisplayName>
      <Description>メニュー表示用算出値04</Description>
      <DisplayFormat>%.2f</DisplayFormat>
      <Minimum>-100000000</Minimum>
      <Maximum>100000000</Maximum>
      <Increment>1</Increment>
      <SortID>10160040</SortID>
      <UnkC8>【表示用】Float</UnkC8>
    </Field>
    <Field Def="f32 computed_f05">
      <DisplayName>【表示用】Float_05</DisplayName>
      <Description>メニュー表示用算出値05</Description>
      <DisplayFormat>%.2f</DisplayFormat>
      <Minimum>-100000000</Minimum>
      <Maximum>100000000</Maximum>
      <Increment>1</Increment>
      <SortID>10160050</SortID>
      <UnkC8>【表示用】Float</UnkC8>
    </Field>
    <Field Def="f32 computed_f06">
      <DisplayName>【表示用】Float_06</DisplayName>
      <Description>メニュー表示用算出値06</Description>
      <DisplayFormat>%.2f</DisplayFormat>
      <Minimum>-100000000</Minimum>
      <Maximum>100000000</Maximum>
      <Increment>1</Increment>
      <SortID>10160060</SortID>
      <UnkC8>【表示用】Float</UnkC8>
    </Field>
    <Field Def="f32 computed_f07">
      <DisplayName>【表示用】Float_07</DisplayName>
      <Description>メニュー表示用算出値07</Description>
      <DisplayFormat>%.2f</DisplayFormat>
      <Minimum>-100000000</Minimum>
      <Maximum>100000000</Maximum>
      <Increment>1</Increment>
      <SortID>10160070</SortID>
      <UnkC8>【表示用】Float</UnkC8>
    </Field>
    <Field Def="f32 computed_f08">
      <DisplayName>【表示用】Float_08</DisplayName>
      <Description>メニュー表示用算出値08</Description>
      <DisplayFormat>%.2f</DisplayFormat>
      <Minimum>-100000000</Minimum>
      <Maximum>100000000</Maximum>
      <Increment>1</Increment>
      <SortID>10160080</SortID>
      <UnkC8>【表示用】Float</UnkC8>
    </Field>
    <Field Def="f32 computed_f09">
      <DisplayName>【表示用】Float_09</DisplayName>
      <Description>メニュー表示用算出値09</Description>
      <DisplayFormat>%.2f</DisplayFormat>
      <Minimum>-100000000</Minimum>
      <Maximum>100000000</Maximum>
      <Increment>1</Increment>
      <SortID>10160090</SortID>
      <UnkC8>【表示用】Float</UnkC8>
    </Field>
    <Field Def="f32 computed_f10">
      <DisplayName>【表示用】Float_10</DisplayName>
      <Description>メニュー表示用算出値10</Description>
      <DisplayFormat>%.2f</DisplayFormat>
      <Minimum>-100000000</Minimum>
      <Maximum>100000000</Maximum>
      <Increment>1</Increment>
      <SortID>10160100</SortID>
      <UnkC8>【表示用】Float</UnkC8>
    </Field>
    <Field Def="f32 computed_f11">
      <DisplayName>【表示用】Float_11</DisplayName>
      <Description>メニュー表示用算出値11</Description>
      <DisplayFormat>%.2f</DisplayFormat>
      <Minimum>-100000000</Minimum>
      <Maximum>100000000</Maximum>
      <Increment>1</Increment>
      <SortID>10160110</SortID>
      <UnkC8>【表示用】Float</UnkC8>
    </Field>
    <Field Def="f32 computed_f12">
      <DisplayName>【表示用】Float_12</DisplayName>
      <Description>メニュー表示用算出値12</Description>
      <DisplayFormat>%.2f</DisplayFormat>
      <Minimum>-100000000</Minimum>
      <Maximum>100000000</Maximum>
      <Increment>1</Increment>
      <SortID>10160120</SortID>
      <UnkC8>【表示用】Float</UnkC8>
    </Field>
    <Field Def="f32 computed_f13">
      <DisplayName>【表示用】Float_13</DisplayName>
      <Description>メニュー表示用算出値13</Description>
      <DisplayFormat>%.2f</DisplayFormat>
      <Minimum>-100000000</Minimum>
      <Maximum>100000000</Maximum>
      <Increment>1</Increment>
      <SortID>10160130</SortID>
      <UnkC8>【表示用】Float</UnkC8>
    </Field>
    <Field Def="f32 computed_f14">
      <DisplayName>【表示用】Float_14</DisplayName>
      <Description>メニュー表示用算出値14</Description>
      <DisplayFormat>%.2f</DisplayFormat>
      <Minimum>-100000000</Minimum>
      <Maximum>100000000</Maximum>
      <Increment>1</Increment>
      <SortID>10160140</SortID>
      <UnkC8>【表示用】Float</UnkC8>
    </Field>
    <Field Def="f32 computed_f_last">
      <DisplayName>【表示用】Float_15</DisplayName>
      <Description>メニュー表示用算出値15</Description>
      <DisplayFormat>%.2f</DisplayFormat>
      <Minimum>-100000000</Minimum>
      <Maximum>100000000</Maximum>
      <Increment>1</Increment>
      <SortID>10160150</SortID>
      <UnkC8>【表示用】Float</UnkC8>
    </Field>
    <Field Def="f32 upperBoostMaxSpeedKMPH">
      <DisplayName>【垂直上昇B】上昇最高速度[km/h]</DisplayName>
      <Description>大ジャンプ上昇ブースト最高速度[km/h]</Description>
      <Minimum>0</Minimum>
      <Maximum>9999</Maximum>
      <Increment>0.1</Increment>
      <SortID>10130000</SortID>
      <UnkC8>上昇ブースト</UnkC8>
    </Field>
    <Field Def="f32 upperBoostStartAccelMPSS">
      <DisplayName>【垂直上昇B】開始加速度[m/s^2]</DisplayName>
      <Description>大ジャンプ上昇ブースト開始加速度[m/s^2]</Description>
      <Minimum>0</Minimum>
      <Maximum>9999</Maximum>
      <Increment>0.1</Increment>
      <SortID>10130010</SortID>
      <UnkC8>上昇ブースト</UnkC8>
    </Field>
    <Field Def="f32 upperBoostMaxAccelMPSS">
      <DisplayName>【垂直上昇B】最高加速度[m/s^2]</DisplayName>
      <Description>大ジャンプ上昇ブースト時の最高加速度</Description>
      <Minimum>0</Minimum>
      <Maximum>9999</Maximum>
      <Increment>0.1</Increment>
      <SortID>10130020</SortID>
      <UnkC8>上昇ブースト</UnkC8>
    </Field>
    <Field Def="f32 upperBoostBeginAccelTimeSec">
      <DisplayName>【垂直上昇B】開始加速度継続時間[s]</DisplayName>
      <Description>大ジャンプ上昇ブースト開始加速度の継続時間</Description>
      <Minimum>0</Minimum>
      <Maximum>9999</Maximum>
      <Increment>0.1</Increment>
      <SortID>10130030</SortID>
      <UnkC8>上昇ブースト</UnkC8>
    </Field>
    <Field Def="f32 upperBoostBeginToMaxAccelTimeSec">
      <DisplayName>【垂直上昇B】開始→最高加速度時間[s]</DisplayName>
      <Description>大ジャンプ上昇ブースト開始時加速度から最高加速度になるまでの時間</Description>
      <Minimum>0</Minimum>
      <Maximum>9999</Maximum>
      <Increment>0.1</Increment>
      <SortID>10130040</SortID>
      <UnkC8>上昇ブースト</UnkC8>
    </Field>
    <Field Def="f32 upperBoostHorizontalMaxSpeedKMPH">
      <DisplayName>【垂直上昇B】水平移動最高速度[km/h]</DisplayName>
      <Description>大ジャンプ上昇ブースト水平最高速度[km/h]</Description>
      <Minimum>0</Minimum>
      <Maximum>9999</Maximum>
      <Increment>0.1</Increment>
      <SortID>10130050</SortID>
      <UnkC8>上昇ブースト</UnkC8>
    </Field>
    <Field Def="f32 upperBoostHorizontalAccelMPSS">
      <DisplayName>【垂直上昇B】水平移動加速度[m/s^2]</DisplayName>
      <Description>大ジャンプ上昇ブースト水平加速度[m/s^2]</Description>
      <Minimum>0</Minimum>
      <Maximum>9999</Maximum>
      <Increment>0.1</Increment>
      <SortID>10130060</SortID>
      <UnkC8>上昇ブースト</UnkC8>
    </Field>
    <Field Def="f32 upperBoostDownMaxSpeedKMPH">
      <DisplayName>【垂直上昇B】下降最高速度[km/h]  </DisplayName>
      <Description>大ジャンプ上昇ブースト下降最高速度[km/h]</Description>
      <Minimum>0</Minimum>
      <Maximum>9999</Maximum>
      <Increment>0.1</Increment>
      <SortID>10130070</SortID>
      <UnkC8>上昇ブースト</UnkC8>
    </Field>
    <Field Def="f32 assaultBoost_InitSpeedKMH">
      <DisplayName>AB初速[km/h]</DisplayName>
      <Description>アサルトブーストの初速</Description>
      <Minimum>0</Minimum>
      <Maximum>9999</Maximum>
      <Increment>0.1</Increment>
      <SortID>10140000</SortID>
      <UnkC8>アサルトブースト</UnkC8>
    </Field>
    <Field Def="f32 assaultBoost_EndSpeedKMH">
      <DisplayName>AB終端速度[km/h]</DisplayName>
      <Description>アサルトブーストの終端速度</Description>
      <Minimum>0</Minimum>
      <Maximum>9999</Maximum>
      <Increment>0.1</Increment>
      <SortID>10140010</SortID>
      <UnkC8>アサルトブースト</UnkC8>
    </Field>
    <Field Def="f32 assaultBoost_MinAccelTimeF30">
      <DisplayName>AB最低噴射時間[1/30 s]</DisplayName>
      <Description>アサルトブーストの最低噴射時間</Description>
      <Minimum>0</Minimum>
      <Maximum>300</Maximum>
      <Increment>0.1</Increment>
      <SortID>10140020</SortID>
      <UnkC8>アサルトブースト</UnkC8>
    </Field>
    <Field Def="f32 assaultBoost_DrainEnStartTimeF32">
      <DisplayName>AB継続EN消費開始時間[1/30 s]</DisplayName>
      <Description>アサルトブーストのEN消費開始時間</Description>
      <Minimum>0</Minimum>
      <Maximum>300</Maximum>
      <Increment>0.1</Increment>
      <SortID>10140030</SortID>
      <UnkC8>アサルトブースト</UnkC8>
    </Field>
    <Field Def="f32 assaultBoost_ReloadTimeSec">
      <DisplayName>AB再使用時間[s]</DisplayName>
      <Description>アサルトブーストを使ってから次に使えるようになるまでの時間</Description>
      <Minimum>0</Minimum>
      <Maximum>99</Maximum>
      <Increment>0.1</Increment>
      <SortID>10140040</SortID>
      <UnkC8>アサルトブースト</UnkC8>
    </Field>
    <Field Def="u16 assaultBoost_OneShotDrainEnPoint">
      <DisplayName>【AB】瞬間消費EN[point]</DisplayName>
      <Description>アサルトブーストの瞬間消費EN</Description>
      <Maximum>9999</Maximum>
      <SortID>10140050</SortID>
      <UnkC8>アサルトブースト</UnkC8>
    </Field>
    <Field Def="dummy8 pad_1[2]">
      <DisplayName>パディング</DisplayName>
      <SortID>90000000</SortID>
      <UnkC8>パディング</UnkC8>
    </Field>
    <Field Def="f32 assaultBoost_DrainEnPointPerSec">
      <DisplayName>【AB】消費EN[point/s]</DisplayName>
      <Description>アサルトブーストの消費EN</Description>
      <Minimum>0</Minimum>
      <Maximum>9999</Maximum>
      <Increment>0.1</Increment>
      <SortID>10140060</SortID>
      <UnkC8>アサルトブースト</UnkC8>
    </Field>
    <Field Def="dummy8 pad_2[2]">
      <DisplayName>パディング</DisplayName>
      <SortID>90000000</SortID>
      <UnkC8>パディング</UnkC8>
    </Field>
    <Field Def="u16 Maker">
      <DisplayName>企業</DisplayName>
      <Enum>EQUIP_MAKER_TYPE</Enum>
      <Description>製造元</Description>
      <SortID>10030000</SortID>
    </Field>
    <Field Def="f32 bladeHoming_InitSpeedKMH">
      <DisplayName>ブレホ初速[km/h]</DisplayName>
      <Description>ブレホの初速</Description>
      <Minimum>0</Minimum>
      <Maximum>9999</Maximum>
      <Increment>0.1</Increment>
      <SortID>10150000</SortID>
      <UnkC8>ブレードホーミング</UnkC8>
    </Field>
    <Field Def="f32 bladeHoming_EndSpeedKMH">
      <DisplayName>ブレホ終端速度[km/h]</DisplayName>
      <Description>ブレホの終端速度</Description>
      <Minimum>0</Minimum>
      <Maximum>9999</Maximum>
      <Increment>0.1</Increment>
      <SortID>10150010</SortID>
      <UnkC8>ブレードホーミング</UnkC8>
    </Field>
    <Field Def="f32 bladeHoming_MinAccelTimeF30">
      <DisplayName>ブレホ最大噴射時間[1/30 s]</DisplayName>
      <Description>ブレホの最大噴射時間</Description>
      <Minimum>0</Minimum>
      <Maximum>300</Maximum>
      <Increment>0.1</Increment>
      <SortID>10150020</SortID>
      <UnkC8>ブレードホーミング</UnkC8>
    </Field>
    <Field Def="f32 bladeHoming_DrainEnStartTimeF32">
      <DisplayName>ブレホ継続EN消費開始時間[1/30 s]</DisplayName>
      <Description>ブレホのEN消費開始時間</Description>
      <Minimum>0</Minimum>
      <Maximum>300</Maximum>
      <Increment>0.1</Increment>
      <SortID>10150030</SortID>
      <UnkC8>ブレードホーミング</UnkC8>
    </Field>
    <Field Def="u16 bladeHoming_OneShotDrainEnPoint">
      <DisplayName>【ブレホ】瞬間消費EN[point]</DisplayName>
      <Description>ブレホの瞬間消費EN</Description>
      <Maximum>9999</Maximum>
      <SortID>10150040</SortID>
      <UnkC8>ブレードホーミング</UnkC8>
    </Field>
    <Field Def="dummy8 pad_3[2]">
      <DisplayName>パディング</DisplayName>
      <SortID>90000000</SortID>
      <UnkC8>パディング</UnkC8>
    </Field>
    <Field Def="f32 bladeHoming_DrainEnPointPerSec">
      <DisplayName>【ブレホ】消費EN[point/s]</DisplayName>
      <Description>ブレホの消費EN</Description>
      <Minimum>0</Minimum>
      <Maximum>9999</Maximum>
      <Increment>0.1</Increment>
      <SortID>10150050</SortID>
      <UnkC8>ブレードホーミング</UnkC8>
    </Field>
    <Field Def="f32 flyBoostUpperJumpMaxAccelMPSS">
      <DisplayName>【空中B】ジャンプ入力時最高加速度[m/s^2]</DisplayName>
      <Description>飛行ブーストジャンプ入力時上昇加速度</Description>
      <EditFlags>None</EditFlags>
      <Minimum>0</Minimum>
      <Maximum>9999</Maximum>
      <Increment>0.1</Increment>
      <SortID>10110080</SortID>
      <UnkC8>空中ブースト</UnkC8>
    </Field>
    <Field Def="f32 flyBoostUpperJumpBeginAccelTimeSec">
      <DisplayName>【空中B】ジャンプ入力時開始加速度継続時間[s]</DisplayName>
      <Description>大ジャンプ上昇ブースト開始加速度の継続時間</Description>
      <Minimum>0</Minimum>
      <Maximum>9999</Maximum>
      <Increment>0.1</Increment>
      <SortID>10110090</SortID>
      <UnkC8>空中ブースト</UnkC8>
    </Field>
    <Field Def="f32 flyBoostUpperJumpBeginToMaxAccelTimeSec">
      <DisplayName>【空中B】ジャンプ入力時開始→最高加速度時間[s]</DisplayName>
      <Description>大ジャンプ上昇ブースト開始時加速度から最高加速度になるまでの時間</Description>
      <Minimum>0</Minimum>
      <Maximum>9999</Maximum>
      <Increment>0.1</Increment>
      <SortID>10110100</SortID>
      <UnkC8>空中ブースト</UnkC8>
    </Field>
    <Field Def="f32 QB_RegWeight">
      <DisplayName>QB耐重量性能</DisplayName>
      <Description>QBの重量に対する耐性</Description>
      <Minimum>0</Minimum>
      <Maximum>999999</Maximum>
      <Increment>0.1</Increment>
      <SortID>10120040</SortID>
      <UnkC8>クイックブースト</UnkC8>
    </Field>
    <Field Def="s32 refId = -1">
      <DisplayName>別ブースターパラ参照ID</DisplayName>
      <Description>設定されていると別ブースターパラを参照します</Description>
      <Minimum>-1</Minimum>
      <Maximum>1999999999</Maximum>
      <SortID>10025000</SortID>
    </Field>
    <Field Def="f32 assaultBoostSideAvoid_InitSpeedKMH">
      <DisplayName>AB横回避初速[km/h]</DisplayName>
      <Description>アサルトブースト横回避の初速</Description>
      <Minimum>0</Minimum>
      <Maximum>9999</Maximum>
      <Increment>0.1</Increment>
      <SortID>10140100</SortID>
      <UnkC8>アサルトブースト</UnkC8>
    </Field>
    <Field Def="f32 assaultBoostSideAvoid_EndSpeedKMH">
      <DisplayName>AB横回避終端速度[km/h]</DisplayName>
      <Description>アサルトブースト横回避の終端速度</Description>
      <Minimum>0</Minimum>
      <Maximum>9999</Maximum>
      <Increment>0.1</Increment>
      <SortID>10140110</SortID>
      <UnkC8>アサルトブースト</UnkC8>
    </Field>
    <Field Def="f32 assaultBoostSideAvoid_MinAccelTimeF30">
      <DisplayName>AB横回避最低噴射時間[1/30 s]</DisplayName>
      <Description>アサルトブースト横回避の最低噴射時間</Description>
      <Minimum>0</Minimum>
      <Maximum>300</Maximum>
      <Increment>0.1</Increment>
      <SortID>10140120</SortID>
      <UnkC8>アサルトブースト</UnkC8>
    </Field>
    <Field Def="f32 assaultBoostSideAvoid_DrainEnStartTimeF32">
      <DisplayName>AB横回避継続EN消費開始時間[1/30 s]</DisplayName>
      <Description>アサルトブースト横回避のEN消費開始時間</Description>
      <Minimum>0</Minimum>
      <Maximum>300</Maximum>
      <Increment>0.1</Increment>
      <SortID>10140130</SortID>
      <UnkC8>アサルトブースト</UnkC8>
    </Field>
    <Field Def="u16 assaultBoostSideAvoid_OneShotDrainEnPoint">
      <DisplayName>【AB横回避】瞬間消費EN[point]</DisplayName>
      <Description>アサルトブースト横回避の瞬間消費EN</Description>
      <Maximum>9999</Maximum>
      <SortID>10140150</SortID>
      <UnkC8>アサルトブースト</UnkC8>
    </Field>
    <Field Def="dummy8 pad_4[2]">
      <DisplayName>パディング</DisplayName>
      <SortID>90000000</SortID>
      <UnkC8>パディング</UnkC8>
    </Field>
    <Field Def="f32 assaultBoostSideAvoid_DrainEnPointPerSec">
      <DisplayName>【AB横回避】消費EN[point/s]</DisplayName>
      <Description>アサルトブースト横回避の消費EN</Description>
      <Minimum>0</Minimum>
      <Maximum>9999</Maximum>
      <Increment>0.1</Increment>
      <SortID>10140160</SortID>
      <UnkC8>アサルトブースト</UnkC8>
    </Field>
    <Field Def="dummy8 pad_end2[28]">
      <DisplayName>パディング</DisplayName>
      <SortID>90000000</SortID>
      <UnkC8>パディング</UnkC8>
    </Field>
  </Fields>
</PARAMDEF>