﻿<?xml version="1.0" encoding="utf-8"?>
<PARAMDEF XmlVersion="3">
  <ParamType>EQUIPMENT_LINEUP_PARAM</ParamType>
  <DataVersion>1</DataVersion>
  <BigEndian>False</BigEndian>
  <Unicode>True</Unicode>
  <FormatVersion>203</FormatVersion>
  <Fields>
    <Field Def="s32 equipId">
      <DisplayName>ID</DisplayName>
      <Description>装備品のID</Description>
      <Minimum>0</Minimum>
      <Maximum>99999999</Maximum>
      <SortID>2</SortID>
      <UnkC8>装備品</UnkC8>
    </Field>
    <Field Def="s32 price = 1">
      <DisplayName>価格</DisplayName>
      <Description>販売価格。0=売却不可</Description>
      <Minimum>0</Minimum>
      <Maximum>99999999</Maximum>
      <SortID>100</SortID>
      <UnkC8>販売設定</UnkC8>
    </Field>
    <Field Def="u32 eventFlag_forRelease">
      <DisplayName>解禁フラグ</DisplayName>
      <Description>販売解禁用イベントフラグのID</Description>
      <DisplayFormat>%u</DisplayFormat>
      <Maximum>-294967297</Maximum>
      <SortID>102</SortID>
      <UnkC8>販売設定</UnkC8>
    </Field>
    <Field Def="u8 equipType">
      <DisplayName>種類</DisplayName>
      <Enum>EQUIPMENT_LINEUP_EQUIPTYPE</Enum>
      <Description>×：未解禁 ○：解禁済・非所持</Description>
      <Maximum>6</Maximum>
      <SortID>1</SortID>
      <UnkC8>装備品</UnkC8>
    </Field>
    <Field Def="dummy8 pad_0[2]">
      <DisplayName>pad</DisplayName>
      <SortID>99999999</SortID>
    </Field>
    <Field Def="u8 isTrophyTarget">
      <DisplayName>トロフィー対象か</DisplayName>
      <Enum>BOOL_CIRCLECROSS_TYPE</Enum>
      <Description>トロフィー「全パーツ入手」の対象パーツか</Description>
      <DisplayFormat>%u</DisplayFormat>
      <Maximum>1</Maximum>
      <SortID>299</SortID>
    </Field>
    <Field Def="u32 rewardCondition">
      <DisplayName>獲得条件</DisplayName>
      <Enum>EQUIPMENT_UNLOCK_CONDITION_ID</Enum>
      <Description>報酬として獲得する条件</Description>
      <Maximum>6</Maximum>
      <SortID>200</SortID>
      <UnkC8>報酬設定</UnkC8>
    </Field>
    <Field Def="dummy8 pad_1[12]">
      <DisplayName>pad</DisplayName>
      <SortID>99999999</SortID>
    </Field>
  </Fields>
</PARAMDEF>