﻿<?xml version="1.0" encoding="utf-8"?>
<PARAMDEF XmlVersion="3">
  <ParamType>EVENT_FLAG_USAGE_PARAM_ST</ParamType>
  <DataVersion>1</DataVersion>
  <BigEndian>False</BigEndian>
  <Unicode>True</Unicode>
  <FormatVersion>203</FormatVersion>
  <Fields>
    <Field Def="u8 usageType">
      <DisplayName>用途</DisplayName>
      <Enum>EVENT_FLAG_USAGE_TYPE</Enum>
      <Description>フラグの用途。</Description>
      <Maximum>2</Maximum>
      <SortID>1000</SortID>
    </Field>
    <Field Def="dummy8 padding1[3]">
      <DisplayName>パディング</DisplayName>
      <Description>パディング</Description>
      <DisplayFormat>%f</DisplayFormat>
      <SortID>999999</SortID>
    </Field>
    <Field Def="s32 flagNum = 1">
      <DisplayName>確保フラグ数</DisplayName>
      <Description>実際に確保するフラグの数。「番号～番号+確保フラグ数-1」がその用途として確保される範囲となる。</Description>
      <Minimum>1</Minimum>
      <Maximum>999999999</Maximum>
      <SortID>2000</SortID>
    </Field>
    <Field Def="dummy8 padding2[24]">
      <DisplayName>パディング</DisplayName>
      <Description>パディング</Description>
      <SortID>999999</SortID>
    </Field>
  </Fields>
</PARAMDEF>