﻿<?xml version="1.0" encoding="utf-8"?>
<PARAMDEF XmlVersion="3">
  <ParamType>FE_FREEDIALOG_PARAM_ST</ParamType>
  <DataVersion>1</DataVersion>
  <BigEndian>False</BigEndian>
  <Unicode>True</Unicode>
  <FormatVersion>203</FormatVersion>
  <Fields>
    <Field Def="s32 DialogGroup">
      <DisplayName>ダイアロググループ</DisplayName>
      <Description>ダイアログの制御グループ</Description>
      <DisplayFormat>%0.1f</DisplayFormat>
      <EditFlags>None</EditFlags>
      <Minimum>0</Minimum>
      <Maximum>100</Maximum>
      <Increment>0</Increment>
      <SortID>9900</SortID>
    </Field>
    <Field Def="f32 DisplayTime">
      <DisplayName>表示時間(秒)</DisplayName>
      <Description>表示時間(0で無制限)</Description>
      <DisplayFormat>%0.1f</DisplayFormat>
      <EditFlags>None</EditFlags>
      <Minimum>0</Minimum>
      <Maximum>999</Maximum>
      <Increment>0.1</Increment>
      <SortID>9910</SortID>
    </Field>
    <Field Def="f32 BaseRect_left = 25">
      <DisplayName>下地の位置(左)</DisplayName>
      <Description>下地のX座標（左端 0 ～右端100)</Description>
      <DisplayFormat>%0.1f</DisplayFormat>
      <EditFlags>None</EditFlags>
      <Minimum>0</Minimum>
      <Maximum>100</Maximum>
      <Increment>0.1</Increment>
      <SortID>1</SortID>
    </Field>
    <Field Def="f32 BaseRect_top = 25">
      <DisplayName>下地の位置(上)</DisplayName>
      <Description>下地のY座標（上端 0 ～下端100)</Description>
      <DisplayFormat>%0.1f</DisplayFormat>
      <EditFlags>None</EditFlags>
      <Minimum>0</Minimum>
      <Maximum>100</Maximum>
      <Increment>0.1</Increment>
      <SortID>2</SortID>
    </Field>
    <Field Def="f32 BaseRect_w = 50">
      <DisplayName>下地の幅</DisplayName>
      <Description>下地の幅（0～画面全体幅100)</Description>
      <DisplayFormat>%0.1f</DisplayFormat>
      <EditFlags>None</EditFlags>
      <Minimum>0</Minimum>
      <Maximum>100</Maximum>
      <Increment>0.1</Increment>
      <SortID>3</SortID>
    </Field>
    <Field Def="f32 BaseRect_h = 50">
      <DisplayName>下地の高さ</DisplayName>
      <Description>下地の高さ（0～画面全体高100)</Description>
      <DisplayFormat>%0.1f</DisplayFormat>
      <EditFlags>None</EditFlags>
      <Minimum>0</Minimum>
      <Maximum>100</Maximum>
      <Increment>0.1</Increment>
      <SortID>4</SortID>
    </Field>
    <Field Def="u8 BaseColor_r">
      <DisplayName>下地色 R</DisplayName>
      <Description>下地の色 R成分</Description>
      <EditFlags>None</EditFlags>
      <SortID>5</SortID>
    </Field>
    <Field Def="u8 BaseColor_g">
      <DisplayName>下地色 G</DisplayName>
      <Description>下地の色 G成分</Description>
      <EditFlags>None</EditFlags>
      <SortID>6</SortID>
    </Field>
    <Field Def="u8 BaseColor_b">
      <DisplayName>下地色 B</DisplayName>
      <Description>下地の色 B成分</Description>
      <EditFlags>None</EditFlags>
      <SortID>7</SortID>
    </Field>
    <Field Def="u8 BaseColor_a = 200">
      <DisplayName>下地色 A</DisplayName>
      <Description>下地の色 A成分(0 透明～255 不透明)</Description>
      <EditFlags>None</EditFlags>
      <SortID>8</SortID>
    </Field>
    <Field Def="u8 FontColor_r = 255">
      <DisplayName>テキスト色 R</DisplayName>
      <Description>テキストの色 R成分</Description>
      <EditFlags>None</EditFlags>
      <SortID>9</SortID>
    </Field>
    <Field Def="u8 FontColor_g = 255">
      <DisplayName>テキスト色 G</DisplayName>
      <Description>テキストの色 G成分</Description>
      <EditFlags>None</EditFlags>
      <SortID>10</SortID>
    </Field>
    <Field Def="u8 FontColor_b = 255">
      <DisplayName>テキスト色 B</DisplayName>
      <Description>テキストの色 B成分</Description>
      <EditFlags>None</EditFlags>
      <SortID>11</SortID>
    </Field>
    <Field Def="u8 FontColor_a = 255">
      <DisplayName>テキスト色 A</DisplayName>
      <Description>テキストの色 A成分(0 透明～255 不透明)</Description>
      <EditFlags>None</EditFlags>
      <SortID>12</SortID>
    </Field>
    <Field Def="f32 FontScale = 1">
      <DisplayName>フォントの大きさ</DisplayName>
      <Description>フォントの表示倍率</Description>
      <DisplayFormat>%0.1f</DisplayFormat>
      <EditFlags>None</EditFlags>
      <Minimum>0</Minimum>
      <Maximum>999</Maximum>
      <Increment>0.1</Increment>
      <SortID>13</SortID>
    </Field>
    <Field Def="dummy8 reserve[28]">
      <DisplayName>予約</DisplayName>
      <Description>ダミー</Description>
      <SortID>9911</SortID>
    </Field>
  </Fields>
</PARAMDEF>