﻿<?xml version="1.0" encoding="utf-8"?>
<PARAMDEF XmlVersion="3">
  <ParamType>FOOT_IK_SETUP_PARAM_ST</ParamType>
  <DataVersion>3</DataVersion>
  <BigEndian>False</BigEndian>
  <Unicode>True</Unicode>
  <FormatVersion>203</FormatVersion>
  <Fields>
    <Field Def="u8 kneeAxisType = 4">
      <DisplayName>ひざの軸方向</DisplayName>
      <Enum>IK_KNEE_AXIS_TYPE</Enum>
      <SortID>100</SortID>
    </Field>
    <Field Def="u8 useFootLocking:1">
      <DisplayName>足/足首をロック（固定？）するか</DisplayName>
      <Enum>ON_OFF</Enum>
      <Maximum>1</Maximum>
      <SortID>1100</SortID>
    </Field>
    <Field Def="u8 useFootEndRay:1">
      <DisplayName>つま先レイキャストする</DisplayName>
      <Enum>ON_OFF</Enum>
      <Maximum>1</Maximum>
      <SortID>1200</SortID>
    </Field>
    <Field Def="u8 heightOffsetUpDir:1">
      <DisplayName>高さ補正を上方向のみ使用</DisplayName>
      <Enum>ON_OFF</Enum>
      <Description>逆足などの腰が下に下がると足が窮屈になる場合に使用してください</Description>
      <Maximum>1</Maximum>
      <SortID>2000</SortID>
    </Field>
    <Field Def="dummy8 padflag:5">
      <DisplayName>パディング</DisplayName>
      <SortID>99999</SortID>
    </Field>
    <Field Def="dummy8 pad1[2]">
      <DisplayName>パディング</DisplayName>
      <SortID>99999</SortID>
    </Field>
    <Field Def="f32 originalGroundHeightMS">
      <DisplayName>原点から地面への高さ[m]</DisplayName>
      <Minimum>0</Minimum>
      <Maximum>9999</Maximum>
      <SortID>200</SortID>
    </Field>
    <Field Def="f32 minAnkleHeightMS = -5">
      <DisplayName>足首を上げられる最低の高さ[m]</DisplayName>
      <Minimum>-9999</Minimum>
      <Maximum>9999</Maximum>
      <SortID>300</SortID>
    </Field>
    <Field Def="f32 maxAnkleHeightMS = 7">
      <DisplayName>足首を上げられる最大の高さ[m]</DisplayName>
      <Minimum>-9999</Minimum>
      <Maximum>9999</Maximum>
      <SortID>400</SortID>
    </Field>
    <Field Def="f32 cosineMaxKneeAngle = 165">
      <DisplayName>ひざを曲げられる最大の角度[度]</DisplayName>
      <Minimum>0</Minimum>
      <Maximum>180</Maximum>
      <SortID>500</SortID>
    </Field>
    <Field Def="f32 cosineMinKneeAngle = 30">
      <DisplayName>ひざを曲げられる最小の角度[度]</DisplayName>
      <Minimum>0</Minimum>
      <Maximum>180</Maximum>
      <SortID>600</SortID>
    </Field>
    <Field Def="f32 footPlantedAnkleHeightMS = 0.01">
      <DisplayName>足首がこの位置よりも低い場合には足がくっついていると仮定する[m]</DisplayName>
      <Minimum>0</Minimum>
      <Maximum>9999</Maximum>
      <SortID>700</SortID>
    </Field>
    <Field Def="f32 footRaisedAnkleHeightMS = 0.3">
      <DisplayName>足首がこの位置よりも高い場合には足が離れていると仮定する[m]</DisplayName>
      <Minimum>0</Minimum>
      <Maximum>9999</Maximum>
      <SortID>800</SortID>
    </Field>
    <Field Def="f32 raycastDistanceUp = 7">
      <DisplayName>足首よりどれぐらい上からレイキャストするか[m]</DisplayName>
      <Minimum>0</Minimum>
      <Maximum>9999</Maximum>
      <SortID>900</SortID>
    </Field>
    <Field Def="f32 raycastDistanceDown = 5.5">
      <DisplayName>足首からどれぐらい下までレイキャストするか[m]</DisplayName>
      <Minimum>0</Minimum>
      <Maximum>9999</Maximum>
      <SortID>1000</SortID>
    </Field>
    <Field Def="f32 footEndLS_X">
      <DisplayName>つま先位置X[m]</DisplayName>
      <Minimum>-9999</Minimum>
      <Maximum>9999</Maximum>
      <SortID>1300</SortID>
      <UnkB8>footEndLS</UnkB8>
      <UnkC0>FOOT_END_LS</UnkC0>
    </Field>
    <Field Def="f32 footEndLS_Y">
      <DisplayName>つま先位置Y[m]</DisplayName>
      <Minimum>-9999</Minimum>
      <Maximum>9999</Maximum>
      <SortID>1400</SortID>
      <UnkB8>footEndLS</UnkB8>
      <UnkC0>FOOT_END_LS</UnkC0>
    </Field>
    <Field Def="f32 footEndLS_Z">
      <DisplayName>つま先位置Z[m]</DisplayName>
      <Minimum>-9999</Minimum>
      <Maximum>9999</Maximum>
      <SortID>1500</SortID>
      <UnkB8>footEndLS</UnkB8>
      <UnkC0>FOOT_END_LS</UnkC0>
    </Field>
    <Field Def="angle32 maxFootPitchRadians = 45">
      <DisplayName>足首上下最大角[度]</DisplayName>
      <Minimum>-360</Minimum>
      <Maximum>360</Maximum>
      <SortID>1600</SortID>
    </Field>
    <Field Def="angle32 minFootPitchRadians = -45">
      <DisplayName>足首上下最小角[度]</DisplayName>
      <Minimum>-360</Minimum>
      <Maximum>360</Maximum>
      <SortID>1700</SortID>
    </Field>
    <Field Def="angle32 maxFootRollRadians = 20">
      <DisplayName>足首左右最大角[度]</DisplayName>
      <Minimum>-360</Minimum>
      <Maximum>360</Maximum>
      <SortID>1800</SortID>
    </Field>
    <Field Def="angle32 minFootRollRadians = -20">
      <DisplayName>足首左右最小角[度]</DisplayName>
      <Minimum>-360</Minimum>
      <Maximum>360</Maximum>
      <SortID>1900</SortID>
    </Field>
    <Field Def="f32 heightOffsetLimit">
      <DisplayName>FootIKエラー高さ補正制限値</DisplayName>
      <Description>この値の±にクランプされます</Description>
      <Minimum>0</Minimum>
      <Maximum>100</Maximum>
      <SortID>2100</SortID>
    </Field>
    <Field Def="f32 heightOffsetOnGain">
      <DisplayName>高さ補正ONゲイン値</DisplayName>
      <Description>値が大きいほど早く目標高さに補正されます</Description>
      <Minimum>0</Minimum>
      <Maximum>1</Maximum>
      <SortID>2110</SortID>
    </Field>
    <Field Def="f32 heightOffsetOffGain">
      <DisplayName>高さ補正OFFゲイン値</DisplayName>
      <Description>値が小さいほど早く元の高さに戻ります</Description>
      <Minimum>0</Minimum>
      <Maximum>1</Maximum>
      <SortID>2111</SortID>
    </Field>
    <Field Def="f32 forwardUndulationRate">
      <DisplayName>斜面傾き_前後割合</DisplayName>
      <Description>斜面傾き時に斜面に対してどのぐらい傾くのかを指定</Description>
      <Minimum>0</Minimum>
      <Maximum>1</Maximum>
      <SortID>3000</SortID>
    </Field>
    <Field Def="f32 sideUndulationRate">
      <DisplayName>斜面傾き_左右割合</DisplayName>
      <Description>斜面傾き時に斜面に対してどのぐらい傾くのかを指定</Description>
      <Minimum>0</Minimum>
      <Maximum>1</Maximum>
      <SortID>3010</SortID>
    </Field>
    <Field Def="f32 forwardUndulationRateSlide">
      <DisplayName>斜面傾き_前後割合(滑り中）</DisplayName>
      <Description>斜面傾き時に滑り落ちている時に斜面に対してどのぐらい傾くのかを指定</Description>
      <Minimum>0</Minimum>
      <Maximum>1</Maximum>
      <SortID>3020</SortID>
    </Field>
    <Field Def="f32 sideUndulationRateSlide">
      <DisplayName>斜面傾き_左右割合(滑り中）</DisplayName>
      <Description>斜面傾き時に滑り落ちている時に斜面に対してどのぐらい傾くのかを指定</Description>
      <Minimum>0</Minimum>
      <Maximum>1</Maximum>
      <SortID>3030</SortID>
    </Field>
    <Field Def="f32 undulationGain">
      <DisplayName>斜面傾き_ゲイン値</DisplayName>
      <Description>斜面傾きのときの斜面にそうためのゲイン値</Description>
      <Minimum>0</Minimum>
      <Maximum>1</Maximum>
      <SortID>3040</SortID>
    </Field>
    <Field Def="f32 undulationGainSlide">
      <DisplayName>斜面傾き_ゲイン値（滑り中）</DisplayName>
      <Description>斜面傾きの滑り落ちているときの斜面にそうためのゲイン値</Description>
      <Minimum>0</Minimum>
      <Maximum>1</Maximum>
      <SortID>3050</SortID>
    </Field>
    <Field Def="f32 undulationGainDefaultToSlide">
      <DisplayName>斜面傾き_通常から滑り中へのゲイン補正値</DisplayName>
      <Description>斜面傾きの通常から滑り落ちるときのゲイン値の補間値（ゲイン値）</Description>
      <Minimum>0</Minimum>
      <Maximum>1</Maximum>
      <SortID>3060</SortID>
    </Field>
    <Field Def="f32 undulationGainSlideToDefault">
      <DisplayName>斜面傾き_滑り中から通常へのゲイン補正値</DisplayName>
      <Description>斜面傾きの滑り落ちるから通常に戻るときのゲイン値の補間値（ゲイン値）</Description>
      <Minimum>0</Minimum>
      <Maximum>1</Maximum>
      <SortID>3070</SortID>
    </Field>
    <Field Def="f32 lockedDisableMinAngle = 10">
      <DisplayName>ロック解除最小角度[度]</DisplayName>
      <Description>足/足首をロック（固定？）有効時にロックが解除される膝の最小角度</Description>
      <Minimum>-360</Minimum>
      <Maximum>360</Maximum>
      <SortID>1101</SortID>
    </Field>
    <Field Def="f32 lockedDisableMaxAngle = 170">
      <DisplayName>ロック解除最大角度[度]</DisplayName>
      <Description>足/足首をロック（固定？）有効時にロックが解除される膝の最大角度</Description>
      <Minimum>-360</Minimum>
      <Maximum>360</Maximum>
      <SortID>1102</SortID>
    </Field>
    <Field Def="f32 lockedDisableDirAngle = 50">
      <DisplayName>ロック解除範囲角度[度]</DisplayName>
      <Description>足/足首をロック（固定？）有効時にロックが解除される円錐の角度</Description>
      <Minimum>-360</Minimum>
      <Maximum>360</Maximum>
      <SortID>1103</SortID>
    </Field>
    <Field Def="f32 nextLockFactorThreshold = 0.005">
      <DisplayName>ロック解除後の再ロックする際のFactorしきい値</DisplayName>
      <Description>足/足首をロック（固定？）有効時に一度ロックが外れてから再度ロックができるようになるまでの係数のしきい値</Description>
      <Minimum>0</Minimum>
      <Maximum>1</Maximum>
      <SortID>1104</SortID>
    </Field>
    <Field Def="dummy8 pad3[4]">
      <DisplayName>パディング</DisplayName>
      <SortID>99999</SortID>
    </Field>
  </Fields>
</PARAMDEF>