﻿<?xml version="1.0" encoding="utf-8"?>
<PARAMDEF XmlVersion="3">
  <ParamType>FOOT_IK_PARAM_ST</ParamType>
  <DataVersion>2</DataVersion>
  <BigEndian>False</BigEndian>
  <Unicode>True</Unicode>
  <FormatVersion>203</FormatVersion>
  <Fields>
    <Field Def="f32 onOffHokanTime = 0.3">
      <DisplayName>IKをオンオフしたときの補間時間[s]</DisplayName>
      <Minimum>0</Minimum>
      <Maximum>9999</Maximum>
      <SortID>2000</SortID>
    </Field>
    <Field Def="f32 onOffGain = 0.18">
      <DisplayName>足の接地をオンオフするときのゲイン</DisplayName>
      <Minimum>0</Minimum>
      <Maximum>9999</Maximum>
      <SortID>2100</SortID>
    </Field>
    <Field Def="f32 groundAscendingGain = 1">
      <DisplayName>地面の高さが高くなったときのゲイン</DisplayName>
      <Minimum>0</Minimum>
      <Maximum>9999</Maximum>
      <SortID>2200</SortID>
    </Field>
    <Field Def="f32 groundDescendingGain = 1">
      <DisplayName>地面の高さが低くなったときのゲイン</DisplayName>
      <Minimum>0</Minimum>
      <Maximum>9999</Maximum>
      <SortID>2300</SortID>
    </Field>
    <Field Def="f32 footRaisedGain = 0.2">
      <DisplayName>足が上がったときのゲイン</DisplayName>
      <Minimum>0</Minimum>
      <Maximum>9999</Maximum>
      <SortID>2400</SortID>
    </Field>
    <Field Def="f32 footPlantedGain = 1">
      <DisplayName>足が接地したときのゲイン</DisplayName>
      <Minimum>0</Minimum>
      <Maximum>9999</Maximum>
      <SortID>2500</SortID>
    </Field>
    <Field Def="f32 footLockingGain = 0.8">
      <DisplayName>足がロック/アンロックしたときのゲイン</DisplayName>
      <Minimum>0</Minimum>
      <Maximum>9999</Maximum>
      <SortID>2700</SortID>
    </Field>
    <Field Def="f32 ankleRotationGain = 0.5">
      <DisplayName>足首の角度ゲイン</DisplayName>
      <Minimum>0</Minimum>
      <Maximum>9999</Maximum>
      <SortID>2800</SortID>
    </Field>
    <Field Def="u8 twistKneeAxisType = 1">
      <DisplayName>ひねり用ひざ関節の回転を無視する軸方向</DisplayName>
      <Enum>IK_KNEE_AXIS_TYPE</Enum>
      <Maximum>1</Maximum>
      <SortID>2900</SortID>
    </Field>
    <Field Def="u8 footPlacementOn:1 = 1">
      <DisplayName>足の接地が有効か</DisplayName>
      <Enum>ON_OFF</Enum>
      <Maximum>1</Maximum>
      <SortID>2600</SortID>
    </Field>
    <Field Def="u8 isSlopeSlideOffset:1 = 1">
      <DisplayName>斜面を滑るときの表示調整</DisplayName>
      <Enum>ON_OFF</Enum>
      <Maximum>1</Maximum>
      <SortID>3000</SortID>
    </Field>
    <Field Def="dummy8 pad2:6">
      <DisplayName>パディング</DisplayName>
      <SortID>99999</SortID>
    </Field>
    <Field Def="dummy8 pad3[2]">
      <DisplayName>パディング</DisplayName>
      <SortID>99999</SortID>
    </Field>
    <Field Def="f32 forwardUndulationRate">
      <DisplayName>斜面傾き_前後割合</DisplayName>
      <Description>斜面傾き時に斜面に対してどのぐらい傾くのかを指定</Description>
      <Minimum>0</Minimum>
      <Maximum>1</Maximum>
      <SortID>3005</SortID>
    </Field>
    <Field Def="f32 sideUndulationRate">
      <DisplayName>斜面傾き_左右割合</DisplayName>
      <Description>斜面傾き時に斜面に対してどのぐらい傾くのかを指定</Description>
      <Minimum>0</Minimum>
      <Maximum>1</Maximum>
      <SortID>3010</SortID>
    </Field>
    <Field Def="f32 undulationGain">
      <DisplayName>斜面傾き_ゲイン値</DisplayName>
      <Description>斜面傾きのときの斜面にそうためのゲイン値</Description>
      <Minimum>0</Minimum>
      <Maximum>1</Maximum>
      <SortID>3040</SortID>
    </Field>
    <Field Def="dummy8 pad4[16]">
      <DisplayName>パディング</DisplayName>
      <SortID>99999</SortID>
    </Field>
  </Fields>
</PARAMDEF>