﻿<?xml version="1.0" encoding="utf-8"?>
<PARAMDEF XmlVersion="3">
  <ParamType>GAME_PRESENCE_PARAM</ParamType>
  <DataVersion>1</DataVersion>
  <BigEndian>False</BigEndian>
  <Unicode>True</Unicode>
  <FormatVersion>203</FormatVersion>
  <Fields>
    <Field Def="u8 canAutoNavigation">
      <DisplayName>自動遷移が可能か</DisplayName>
      <Enum>GAME_PRESENCE_PARAM_CIRCLECROSS_TYPE</Enum>
      <Description>自動遷移が可能か</Description>
      <Maximum>1</Maximum>
      <SortID>1</SortID>
    </Field>
    <Field Def="u8 canSystemErrorHandling">
      <DisplayName>システムエラーハンドリングが可能か</DisplayName>
      <Enum>GAME_PRESENCE_PARAM_CIRCLECROSS_TYPE</Enum>
      <Description>システムエラーハンドリングが可能か</Description>
      <Maximum>1</Maximum>
      <SortID>2</SortID>
    </Field>
    <Field Def="u8 requestPause">
      <DisplayName>ポーズするか</DisplayName>
      <Enum>GAME_PRESENCE_PARAM_CIRCLECROSS_TYPE</Enum>
      <Description>ポーズするか</Description>
      <Maximum>1</Maximum>
      <SortID>3</SortID>
    </Field>
    <Field Def="dummy8 reserved[29]">
      <DisplayName>----</DisplayName>
      <Description>予約</Description>
      <DisplayFormat>%d</DisplayFormat>
      <EditFlags>Wrap</EditFlags>
      <SortID>5</SortID>
    </Field>
  </Fields>
</PARAMDEF>