﻿<?xml version="1.0" encoding="utf-8"?>
<PARAMDEF XmlVersion="3">
  <ParamType>GRAPHICS_CONFIG_CS_MOTION_BLUR_QUALITY_DETAIL</ParamType>
  <DataVersion>1</DataVersion>
  <BigEndian>False</BigEndian>
  <Unicode>True</Unicode>
  <FormatVersion>203</FormatVersion>
  <Fields>
    <Field Def="u8 enabled = 1">
      <DisplayName>モーションブラー有効</DisplayName>
      <Enum>ON_OFF</Enum>
      <Description>モーションブラー有効</Description>
      <DisplayFormat>%u</DisplayFormat>
      <EditFlags>None</EditFlags>
      <Maximum>1</Maximum>
    </Field>
    <Field Def="u8 ombEnabled = 1">
      <DisplayName>OMB(オブジェクトモーションブラー)有効</DisplayName>
      <Enum>ON_OFF</Enum>
      <Description>OMB(オブジェクトモーションブラー)有効</Description>
      <DisplayFormat>%u</DisplayFormat>
      <EditFlags>None</EditFlags>
      <Maximum>1</Maximum>
    </Field>
    <Field Def="u8 forceScaleVelocityBuffer = 1">
      <DisplayName>内部で使用するベロシティバッファの解像度を下げる</DisplayName>
      <Enum>ON_OFF</Enum>
      <Description>内部で使用するベロシティバッファの解像度を下げる。高精度ベロシティバッファを使っていない場合は効果ない</Description>
      <DisplayFormat>%u</DisplayFormat>
      <EditFlags>None</EditFlags>
      <Maximum>1</Maximum>
    </Field>
    <Field Def="u8 cheapFilterMode">
      <DisplayName>通常、Reconstructionフィルタで処理されるが、軽い処理にダウングレードする</DisplayName>
      <Enum>ON_OFF</Enum>
      <Description>通常、Reconstructionフィルタで処理されるが、軽い処理にダウングレードする</Description>
      <DisplayFormat>%u</DisplayFormat>
      <EditFlags>None</EditFlags>
      <Maximum>1</Maximum>
      <SortID>20</SortID>
    </Field>
    <Field Def="s32 sampleCountBias = -2">
      <DisplayName>サンプルカウントにオフセットを与える</DisplayName>
      <Description>サンプルカウントにオフセットを与える※2の倍数に設定して下さい</Description>
      <EditFlags>None</EditFlags>
      <Minimum>-4</Minimum>
      <Maximum>2</Maximum>
      <SortID>10</SortID>
    </Field>
    <Field Def="s32 recurrenceCountBias">
      <DisplayName>再帰ブラー回数にオフセットを与える</DisplayName>
      <Description>再帰ブラー回数にオフセットを与える</Description>
      <EditFlags>None</EditFlags>
      <Minimum>-1</Minimum>
      <Maximum>1</Maximum>
      <SortID>10</SortID>
    </Field>
    <Field Def="f32 blurMaxLengthScale = 0.75">
      <DisplayName>ブラー最大長さパラメータに対するスケール値</DisplayName>
      <Description>ブラー最大長さパラメータに対するスケール値</Description>
      <EditFlags>None</EditFlags>
      <Minimum>0</Minimum>
      <Maximum>1</Maximum>
      <Increment>0.1</Increment>
      <SortID>10</SortID>
    </Field>
  </Fields>
</PARAMDEF>