﻿<?xml version="1.0" encoding="utf-8"?>
<PARAMDEF XmlVersion="3">
  <ParamType>GRAPHICS_CONFIG_CS_DOF_QUALITY_DETAIL</ParamType>
  <DataVersion>1</DataVersion>
  <BigEndian>False</BigEndian>
  <Unicode>True</Unicode>
  <FormatVersion>203</FormatVersion>
  <Fields>
    <Field Def="u8 enabled = 1">
      <DisplayName>DOF許可</DisplayName>
      <Enum>ON_OFF</Enum>
      <Description>DOF許可</Description>
      <DisplayFormat>%u</DisplayFormat>
      <EditFlags>None</EditFlags>
      <Maximum>1</Maximum>
      <SortID>1</SortID>
    </Field>
    <Field Def="dummy8 pad1[3]">
      <DisplayName>pad</DisplayName>
      <SortID>9999</SortID>
    </Field>
    <Field Def="s32 forceHiResoBlur = -1">
      <DisplayName>HiResolutionBlur の設定を変更する</DisplayName>
      <Description>HiResolutionBlur の設定を変更する(-1:強制オフ、0:そのまま、1:強制オン)</Description>
      <EditFlags>None</EditFlags>
      <Minimum>-1</Minimum>
      <Maximum>1</Maximum>
      <SortID>2</SortID>
    </Field>
    <Field Def="s32 maxBlurLevel = 1">
      <DisplayName>最大ブラーレベル</DisplayName>
      <Description>最大ブラーレベル。2:最大、1:レベルを一段落とす、0:さらに精度を落とす</Description>
      <EditFlags>None</EditFlags>
      <Minimum>0</Minimum>
      <Maximum>2</Maximum>
      <SortID>3</SortID>
    </Field>
  </Fields>
</PARAMDEF>