﻿<?xml version="1.0" encoding="utf-8"?>
<PARAMDEF XmlVersion="3">
  <ParamType>GRAPHICS_CONFIG_CS_WATER_QUALITY_DETAIL</ParamType>
  <DataVersion>1</DataVersion>
  <BigEndian>False</BigEndian>
  <Unicode>True</Unicode>
  <FormatVersion>203</FormatVersion>
  <Fields>
    <Field Def="u8 interactionEnabled = 1">
      <DisplayName>インタラクション有効</DisplayName>
      <Enum>ON_OFF</Enum>
      <Description>インタラクション有効</Description>
      <DisplayFormat>%u</DisplayFormat>
      <EditFlags>None</EditFlags>
      <Maximum>1</Maximum>
      <SortID>1</SortID>
    </Field>
    <Field Def="dummy8 pad1[3]">
      <DisplayName>pad</DisplayName>
      <SortID>9999</SortID>
    </Field>
  </Fields>
</PARAMDEF>