﻿<?xml version="1.0" encoding="utf-8"?>
<PARAMDEF XmlVersion="3">
  <ParamType>GRASS_TYPE_PARAM_ST</ParamType>
  <DataVersion>1</DataVersion>
  <BigEndian>False</BigEndian>
  <Unicode>True</Unicode>
  <FormatVersion>203</FormatVersion>
  <Fields>
    <Field Def="s8 lod0ClusterType">
      <DisplayName>LOD0のクラスタータイプ</DisplayName>
      <Enum>GRASS_CLUSTER_TYPE_ENUM</Enum>
      <DisplayFormat>%u</DisplayFormat>
      <Minimum>0</Minimum>
      <Maximum>255</Maximum>
      <SortID>100</SortID>
    </Field>
    <Field Def="s8 lod1ClusterType">
      <DisplayName>LOD1のクラスタータイプ</DisplayName>
      <Enum>GRASS_CLUSTER_TYPE_ENUM</Enum>
      <DisplayFormat>%u</DisplayFormat>
      <Minimum>0</Minimum>
      <Maximum>255</Maximum>
      <SortID>200</SortID>
    </Field>
    <Field Def="s8 lod2ClusterType">
      <DisplayName>LOD2のクラスタータイプ</DisplayName>
      <Enum>GRASS_CLUSTER_TYPE_ENUM</Enum>
      <DisplayFormat>%u</DisplayFormat>
      <Minimum>0</Minimum>
      <Maximum>255</Maximum>
      <SortID>300</SortID>
    </Field>
    <Field Def="dummy8 pad1[1]">
      <DisplayFormat>%d</DisplayFormat>
      <EditFlags>Wrap</EditFlags>
      <SortID>999999999</SortID>
    </Field>
    <Field Def="f32 baseDensity = 1">
      <DisplayName>基本密度</DisplayName>
      <EditFlags>None</EditFlags>
      <Minimum>0</Minimum>
      <Maximum>10</Maximum>
      <Increment>0.1</Increment>
      <SortID>500</SortID>
    </Field>
    <Field Def="fixstrW modelName[16]">
      <DisplayName>モデル名</DisplayName>
      <SortID>600</SortID>
    </Field>
    <Field Def="fixstrW flatTextureName[32]">
      <DisplayName>フラットのテクスチャー名</DisplayName>
      <SortID>700</SortID>
    </Field>
    <Field Def="fixstrW billboardTextureName[32]">
      <DisplayName>ビルボードのテクスチャー名</DisplayName>
      <SortID>800</SortID>
    </Field>
    <Field Def="u8 normalInfluence">
      <DisplayName>傾きの影響（％）</DisplayName>
      <DisplayFormat>%u</DisplayFormat>
      <EditFlags>None</EditFlags>
      <Maximum>100</Maximum>
      <SortID>900</SortID>
    </Field>
    <Field Def="u8 inclinationMax = 90">
      <DisplayName>傾きの最大角度（度）</DisplayName>
      <DisplayFormat>%u</DisplayFormat>
      <EditFlags>None</EditFlags>
      <Maximum>180</Maximum>
      <SortID>1000</SortID>
    </Field>
    <Field Def="u8 inclinationJitter">
      <DisplayName>傾斜角のランダム性（度）</DisplayName>
      <DisplayFormat>%u</DisplayFormat>
      <EditFlags>None</EditFlags>
      <Maximum>180</Maximum>
      <SortID>1100</SortID>
    </Field>
    <Field Def="u8 scaleBaseMin = 100">
      <DisplayName>幅のスケール範囲(min，％)</DisplayName>
      <DisplayFormat>%u</DisplayFormat>
      <EditFlags>None</EditFlags>
      <Maximum>200</Maximum>
      <SortID>1200</SortID>
    </Field>
    <Field Def="u8 scaleBaseMax = 100">
      <DisplayName>幅のスケール範囲(max，％)</DisplayName>
      <DisplayFormat>%u</DisplayFormat>
      <EditFlags>None</EditFlags>
      <Maximum>200</Maximum>
      <SortID>1300</SortID>
    </Field>
    <Field Def="u8 scaleHeightMin = 100">
      <DisplayName>高さのスケール範囲(min，％)</DisplayName>
      <DisplayFormat>%u</DisplayFormat>
      <EditFlags>None</EditFlags>
      <Maximum>200</Maximum>
      <SortID>1400</SortID>
    </Field>
    <Field Def="u8 scaleHeightMax = 100">
      <DisplayName>高さのスケール範囲(max，％)</DisplayName>
      <DisplayFormat>%u</DisplayFormat>
      <EditFlags>None</EditFlags>
      <Maximum>200</Maximum>
      <SortID>1500</SortID>
    </Field>
    <Field Def="u8 colorShade1_r = 255">
      <DisplayName>乗算カラー１ (赤）</DisplayName>
      <DisplayFormat>%u</DisplayFormat>
      <EditFlags>None</EditFlags>
      <SortID>1600</SortID>
    </Field>
    <Field Def="u8 colorShade1_g = 255">
      <DisplayName>乗算カラー１ （緑）</DisplayName>
      <DisplayFormat>%u</DisplayFormat>
      <EditFlags>None</EditFlags>
      <SortID>1700</SortID>
    </Field>
    <Field Def="u8 colorShade1_b = 255">
      <DisplayName>乗算カラー １（青）</DisplayName>
      <DisplayFormat>%u</DisplayFormat>
      <EditFlags>None</EditFlags>
      <SortID>1800</SortID>
    </Field>
    <Field Def="u8 colorShade2_r = 255">
      <DisplayName>乗算カラー２ （赤）</DisplayName>
      <DisplayFormat>%u</DisplayFormat>
      <EditFlags>None</EditFlags>
      <SortID>1900</SortID>
    </Field>
    <Field Def="u8 colorShade2_g = 255">
      <DisplayName>乗算カラー２ （緑）</DisplayName>
      <DisplayFormat>%u</DisplayFormat>
      <EditFlags>None</EditFlags>
      <SortID>2000</SortID>
    </Field>
    <Field Def="u8 colorShade2_b = 255">
      <DisplayName>乗算カラー ２（青）</DisplayName>
      <DisplayFormat>%u</DisplayFormat>
      <EditFlags>None</EditFlags>
      <SortID>2100</SortID>
    </Field>
    <Field Def="s8 flatSplitType">
      <DisplayName>平面の分離</DisplayName>
      <Enum>GRASS_FLAT_SPLIT_TYPE_ENUM</Enum>
      <DisplayFormat>%u</DisplayFormat>
      <Minimum>0</Minimum>
      <Maximum>255</Maximum>
      <SortID>2200</SortID>
    </Field>
    <Field Def="u8 flatBladeCount = 2">
      <DisplayName>平面の枚数</DisplayName>
      <DisplayFormat>%u</DisplayFormat>
      <Minimum>1</Minimum>
      <Maximum>8</Maximum>
      <SortID>2300</SortID>
    </Field>
    <Field Def="s8 flatSlant">
      <DisplayName>平面の角度（度）</DisplayName>
      <Minimum>-90</Minimum>
      <Maximum>90</Maximum>
      <SortID>2400</SortID>
    </Field>
    <Field Def="f32 flatRadius">
      <DisplayName>平面の距離</DisplayName>
      <Minimum>-10</Minimum>
      <Maximum>10</Maximum>
      <Increment>0.1</Increment>
      <SortID>2500</SortID>
    </Field>
    <Field Def="u8 castShadow = 1">
      <DisplayName>影を落とすか</DisplayName>
      <Enum>GRASS_SHADOW_TYPE_ENUM</Enum>
      <DisplayFormat>%u</DisplayFormat>
      <SortID>2600</SortID>
    </Field>
    <Field Def="u8 windAmplitude = 255">
      <DisplayName>振幅(揺れの大きさ)</DisplayName>
      <DisplayFormat>%u</DisplayFormat>
      <SortID>2700</SortID>
    </Field>
    <Field Def="u8 useDmyPolyDir">
      <DisplayName>平面の角度をダミポリ方向に合わせる</DisplayName>
      <Enum>BOOL_CIRCLECROSS_TYPE</Enum>
      <Description>ダミポリの鋭角な角度を正面として処理するか</Description>
      <DisplayFormat>%u</DisplayFormat>
      <Maximum>1</Maximum>
      <SortID>2410</SortID>
    </Field>
    <Field Def="u8 windCycle = 128">
      <DisplayName>周期(速度)</DisplayName>
      <DisplayFormat>%u</DisplayFormat>
      <SortID>2900</SortID>
    </Field>
    <Field Def="f32 orientationAngle = -1">
      <DisplayName>方向（度）</DisplayName>
      <Description>-1の場合はランダム</Description>
      <Minimum>-1</Minimum>
      <Maximum>360</Maximum>
      <Increment>1</Increment>
      <SortID>3000</SortID>
    </Field>
    <Field Def="f32 orientationRange = -1">
      <DisplayName>方向の範囲（度）</DisplayName>
      <Minimum>-1</Minimum>
      <Maximum>180</Maximum>
      <Increment>1</Increment>
      <SortID>3100</SortID>
    </Field>
    <Field Def="fixstrW simpleModelName[16]">
      <DisplayName>Simpleモデル名</DisplayName>
      <SortID>850</SortID>
    </Field>
    <Field Def="u16 lodRangeId">
      <DisplayName>GrassLodRangeパラムのID</DisplayName>
      <SortID>90</SortID>
    </Field>
    <Field Def="dummy8 pad3[2]">
      <DisplayFormat>%d</DisplayFormat>
      <EditFlags>Wrap</EditFlags>
      <SortID>999999999</SortID>
    </Field>
    <Field Def="s32 sfxId = -1">
      <DisplayName>SfxId</DisplayName>
      <Description>ModelAndSfxのときに発生させるSfxId</Description>
      <Minimum>-1</Minimum>
      <Maximum>99999999</Maximum>
      <SortID>850</SortID>
    </Field>
    <Field Def="dummy8 pad[24]">
      <DisplayFormat>%d</DisplayFormat>
      <EditFlags>Wrap</EditFlags>
      <SortID>999999999</SortID>
    </Field>
  </Fields>
</PARAMDEF>