﻿<?xml version="1.0" encoding="utf-8"?>
<PARAMDEF XmlVersion="3">
  <ParamType>JIGGLER_BEHAVIOR_TARGET_BONE_RATE_PARAM_ST</ParamType>
  <DataVersion>1</DataVersion>
  <BigEndian>False</BigEndian>
  <Unicode>True</Unicode>
  <FormatVersion>203</FormatVersion>
  <Fields>
    <Field Def="fixstr strTargetBoneName[24]">
      <DisplayName>ターゲットボーン名</DisplayName>
      <Description>ターゲットとなるボーン名</Description>
      <SortID>100</SortID>
    </Field>
    <Field Def="f32 selfRotRateX">
      <DisplayName>自分のX軸回転割合</DisplayName>
      <Description>自分の回転量の割合（0の場合はターゲットボーンの姿勢になる）</Description>
      <Minimum>0</Minimum>
      <Maximum>1</Maximum>
      <SortID>200</SortID>
    </Field>
    <Field Def="f32 selfRotRateY">
      <DisplayName>自分のY軸回転割合</DisplayName>
      <Description>自分の回転量の割合（0の場合はターゲットボーンの姿勢になる）</Description>
      <Minimum>0</Minimum>
      <Maximum>1</Maximum>
      <SortID>200</SortID>
    </Field>
    <Field Def="f32 selfRotRateZ">
      <DisplayName>自分のZ軸回転割合</DisplayName>
      <Description>自分の回転量の割合（0の場合はターゲットボーンの姿勢になる）</Description>
      <Minimum>0</Minimum>
      <Maximum>1</Maximum>
      <SortID>200</SortID>
    </Field>
    <Field Def="dummy8 pad_end[28]">
      <DisplayName>パディング</DisplayName>
      <SortID>201</SortID>
    </Field>
  </Fields>
</PARAMDEF>