﻿<?xml version="1.0" encoding="utf-8"?>
<PARAMDEF XmlVersion="3">
  <ParamType>JIGGLER_BEHAVIOR_WORLD_FIX_PARAM_ST</ParamType>
  <DataVersion>1</DataVersion>
  <BigEndian>False</BigEndian>
  <Unicode>True</Unicode>
  <FormatVersion>203</FormatVersion>
  <Fields>
    <Field Def="f32 rotRate">
      <DisplayName>固定する割合</DisplayName>
      <Description>ワールドに対して固定する割合</Description>
      <Minimum>0</Minimum>
      <Maximum>1</Maximum>
      <SortID>100</SortID>
    </Field>
    <Field Def="dummy8 pad_end[28]">
      <DisplayName>パディング</DisplayName>
      <SortID>101</SortID>
    </Field>
  </Fields>
</PARAMDEF>