﻿<?xml version="1.0" encoding="utf-8"?>
<PARAMDEF XmlVersion="3">
  <ParamType>JUMP_SPECIFY_ALT_PARAM_ST</ParamType>
  <DataVersion>1</DataVersion>
  <BigEndian>False</BigEndian>
  <Unicode>True</Unicode>
  <FormatVersion>203</FormatVersion>
  <Fields>
    <Field Def="f32 jumpSpecifyAlt_GoalAlt = -1">
      <DisplayName>到達高度[m]</DisplayName>
      <Description>ジャンプ開始からどれだけの高度まで行くか</Description>
      <Minimum>-1</Minimum>
      <Maximum>100000000</Maximum>
      <Increment>1</Increment>
      <SortID>1000</SortID>
    </Field>
    <Field Def="f32 jumpSpecifyAlt_GravityScale = -1">
      <DisplayName>重力倍率</DisplayName>
      <Description>ジャンプ中の重力倍率</Description>
      <Minimum>-1</Minimum>
      <Maximum>1</Maximum>
      <SortID>2000</SortID>
    </Field>
    <Field Def="f32 jumpSpecifyAlt_PrevSpeedRateH = -1">
      <DisplayName>直前の速度の引き継ぎ倍率_水平</DisplayName>
      <Description>開始時に水平方向の速度をどれだけ引き継ぐか</Description>
      <Minimum>-1</Minimum>
      <Maximum>1</Maximum>
      <SortID>3000</SortID>
    </Field>
    <Field Def="f32 jumpSpecifyAlt_HorizontalMaxSpeedKMPH = -1">
      <DisplayName>水平最高速度[km/h]</DisplayName>
      <Description>ジャンプ中の水平最高速度</Description>
      <Minimum>-1</Minimum>
      <Maximum>999999</Maximum>
      <Increment>1</Increment>
      <SortID>4000</SortID>
    </Field>
    <Field Def="f32 jumpSpecifyAlt_HorizontalMaxAccelMPSS = -1">
      <DisplayName>水平加速度[m/s^2]</DisplayName>
      <Description>ジャンプ中の水平加速度</Description>
      <Minimum>-1</Minimum>
      <Maximum>999999</Maximum>
      <Increment>0.1</Increment>
      <SortID>5000</SortID>
    </Field>
    <Field Def="f32 jumpSpecifyAlt_MiddleInputAngDeg = -1">
      <DisplayName>斜めジャンプ時中間角度</DisplayName>
      <Description>ジャンプ開始時の入力に応じた上昇角度</Description>
      <Minimum>-1</Minimum>
      <Maximum>90</Maximum>
      <Increment>0.1</Increment>
      <SortID>6000</SortID>
    </Field>
    <Field Def="f32 jumpSpecifyAlt_MaxInputAngDeg = -1">
      <DisplayName>斜めジャンプ時最大角度</DisplayName>
      <Description>ジャンプ開始時の入力に応じた上昇角度</Description>
      <Minimum>-1</Minimum>
      <Maximum>90</Maximum>
      <Increment>0.1</Increment>
      <SortID>7000</SortID>
    </Field>
    <Field Def="dummy8 pad_end[16]">
      <DisplayName>パディング3</DisplayName>
      <SortID>7001</SortID>
    </Field>
  </Fields>
</PARAMDEF>