﻿<?xml version="1.0" encoding="utf-8"?>
<PARAMDEF XmlVersion="3">
  <ParamType>KEY_ASSIGN_DISPLAY_PARAM</ParamType>
  <DataVersion>1</DataVersion>
  <BigEndian>False</BigEndian>
  <Unicode>True</Unicode>
  <FormatVersion>203</FormatVersion>
  <Fields>
    <Field Def="s32 textID">
      <DisplayName>テキスト</DisplayName>
      <Description>キー指定あり⇒項目名、1行ヘルプのID。キー指定なし⇒カテゴリ名のID</Description>
      <Minimum>0</Minimum>
      <Maximum>99999999</Maximum>
      <SortID>1</SortID>
      <UnkC8>割り当て項目</UnkC8>
    </Field>
    <Field Def="s32 key = -1">
      <DisplayName>キー</DisplayName>
      <Enum>CS_UI_KEY</Enum>
      <Description>割り当て対象のユーザー入力キー。指定が無い時はカテゴリ表示用項目として扱う</Description>
      <Minimum>-1</Minimum>
      <Maximum>9999</Maximum>
      <SortID>2</SortID>
      <UnkC8>割り当て項目</UnkC8>
    </Field>
    <Field Def="u8 enableUnassign = 1">
      <DisplayName>解除</DisplayName>
      <Enum>NPC_BOOL</Enum>
      <Description>割り当ての解除が可能か</Description>
      <Maximum>1</Maximum>
      <SortID>3</SortID>
      <UnkC8>割り当て制限</UnkC8>
    </Field>
    <Field Def="u8 enablePadConfig = 1">
      <DisplayName>パッド</DisplayName>
      <Enum>NPC_BOOL</Enum>
      <Description>パッド操作の割り当て変更が可能か</Description>
      <Maximum>1</Maximum>
      <SortID>4</SortID>
      <UnkC8>割り当て制限</UnkC8>
    </Field>
    <Field Def="u8 enableMouseConfig = 1">
      <DisplayName>マウス</DisplayName>
      <Enum>NPC_BOOL</Enum>
      <Description>マウス操作の割り当て変更が可能か</Description>
      <Maximum>1</Maximum>
      <SortID>5</SortID>
      <UnkC8>割り当て制限</UnkC8>
    </Field>
    <Field Def="u8 group">
      <DisplayName>グループ</DisplayName>
      <Enum>CS_KEY_ASSIGN_GROUP</Enum>
      <Description>割り当ての重複判定用グループ。同一グループでは重複不可</Description>
      <Maximum>1</Maximum>
      <SortID>6</SortID>
      <UnkC8>割り当て制限</UnkC8>
    </Field>
    <Field Def="s32 mappingTextID">
      <DisplayName>テキスト</DisplayName>
      <Description>操作一覧で表示する項目名。0:：一覧に表示しない</Description>
      <Minimum>0</Minimum>
      <Maximum>99999999</Maximum>
      <SortID>7</SortID>
      <UnkC8>操作一覧表示</UnkC8>
    </Field>
    <Field Def="u8 enableDispConfigMenu = 1">
      <DisplayName>メニュー表示</DisplayName>
      <Enum>NPC_BOOL</Enum>
      <Description>キーコンフィグメニューに編集項目として表示するかどうか</Description>
      <Maximum>1</Maximum>
      <SortID>8</SortID>
      <UnkC8>割り当て項目</UnkC8>
    </Field>
    <Field Def="dummy8 reserved[15]">
      <DisplayName>予約</DisplayName>
      <Description>予約領域</Description>
      <DisplayFormat>%d</DisplayFormat>
      <EditFlags>Wrap</EditFlags>
      <SortID>10</SortID>
    </Field>
  </Fields>
</PARAMDEF>