﻿<?xml version="1.0" encoding="utf-8"?>
<PARAMDEF XmlVersion="3">
  <ParamType>LOCK_CAM_PARAM_ST</ParamType>
  <DataVersion>7</DataVersion>
  <BigEndian>False</BigEndian>
  <Unicode>True</Unicode>
  <FormatVersion>203</FormatVersion>
  <Fields>
    <Field Def="f32 camDistTarget = 4">
      <DisplayName>カメラ距離目標[m]</DisplayName>
      <Description>カメラ用</Description>
      <DisplayFormat>%0.3f</DisplayFormat>
      <EditFlags>None</EditFlags>
      <Minimum>0.1</Minimum>
      <Maximum>100</Maximum>
      <SortID>100</SortID>
    </Field>
    <Field Def="f32 rotRangeMinX = -40">
      <DisplayName>X軸回転最小値[deg]</DisplayName>
      <Description>カメラ用</Description>
      <DisplayFormat>%0.3f</DisplayFormat>
      <EditFlags>None</EditFlags>
      <Minimum>-80</Minimum>
      <Maximum>80</Maximum>
      <Increment>0.1</Increment>
      <SortID>200</SortID>
    </Field>
    <Field Def="f32 lockRotXShiftRatio_Base = 0.6">
      <DisplayName>ロックX回転シフト率の基準値(-1.0～1.0)</DisplayName>
      <Description>0.0 の時はロックオンターゲットが画面の中心、1.0 の時は画面の一番上、-1.0 の時は画面の一番下。</Description>
      <DisplayFormat>%0.3f</DisplayFormat>
      <EditFlags>None</EditFlags>
      <Minimum>-1</Minimum>
      <Maximum>1</Maximum>
      <SortID>310</SortID>
    </Field>
    <Field Def="f32 chrOrgOffset_Y = 1.42">
      <DisplayName>キャラ基点オフセット(キャラ空間)</DisplayName>
      <Description>カメラの注視点の高さ（キャラのルート位置から）（接地時）</Description>
      <DisplayFormat>%0.3f</DisplayFormat>
      <EditFlags>None</EditFlags>
      <Minimum>-100</Minimum>
      <Maximum>9999</Maximum>
      <SortID>400</SortID>
    </Field>
    <Field Def="f32 chrLockRangeMaxRadius = 1000">
      <DisplayName>キャラ範囲最大半径[m]</DisplayName>
      <Description>ロック用</Description>
      <DisplayFormat>%0.3f</DisplayFormat>
      <EditFlags>None</EditFlags>
      <Minimum>0</Minimum>
      <Maximum>9999</Maximum>
      <Increment>1</Increment>
      <SortID>500</SortID>
    </Field>
    <Field Def="f32 camFovY = 43">
      <DisplayName>縦画角[deg]</DisplayName>
      <Description>カメラ用</Description>
      <DisplayFormat>%0.3f</DisplayFormat>
      <EditFlags>None</EditFlags>
      <Minimum>0</Minimum>
      <Maximum>180</Maximum>
      <Increment>0.1</Increment>
      <SortID>600</SortID>
    </Field>
    <Field Def="f32 chrTransChaseRateForNormalX = 0.3">
      <DisplayName>通常時キャラ追尾率左右(0.0～1.0)</DisplayName>
      <Description>カメラ用</Description>
      <DisplayFormat>%0.3f</DisplayFormat>
      <EditFlags>None</EditFlags>
      <Minimum>0</Minimum>
      <Maximum>1</Maximum>
      <SortID>710</SortID>
    </Field>
    <Field Def="f32 chrTransChaseRateForNormalU = 0.3">
      <DisplayName>キャラ追尾率上(0.0～1.0)</DisplayName>
      <Description>カメラ用</Description>
      <DisplayFormat>%0.3f</DisplayFormat>
      <EditFlags>None</EditFlags>
      <Minimum>0</Minimum>
      <Maximum>1</Maximum>
      <SortID>700</SortID>
    </Field>
    <Field Def="f32 chrTransChaseRateForNormalF = 0.3">
      <DisplayName>通常時キャラ追尾率前(0.0～1.0)</DisplayName>
      <Description>カメラ用</Description>
      <DisplayFormat>%0.3f</DisplayFormat>
      <EditFlags>None</EditFlags>
      <Minimum>0</Minimum>
      <Maximum>1</Maximum>
      <SortID>720</SortID>
    </Field>
    <Field Def="f32 chrTransChaseRateForNormalB = 1">
      <DisplayName>通常時キャラ追尾率後(0.0～1.0)</DisplayName>
      <Description>カメラ用</Description>
      <DisplayFormat>%0.3f</DisplayFormat>
      <EditFlags>None</EditFlags>
      <Minimum>0</Minimum>
      <Maximum>1</Maximum>
      <SortID>730</SortID>
    </Field>
    <Field Def="f32 lockRotXShiftRatio_LerpRate = 0.01">
      <DisplayName>ロックX回転シフト率の補間率(0.0～1.0)</DisplayName>
      <Description>距離と関係なくロックX軸回転シフト率を補間する</Description>
      <DisplayFormat>%0.3f</DisplayFormat>
      <EditFlags>None</EditFlags>
      <Minimum>0</Minimum>
      <Maximum>1</Maximum>
      <Increment>0.001</Increment>
      <SortID>335</SortID>
    </Field>
    <Field Def="f32 shoulderOverDeg">
      <DisplayName>肩越し視点角度[deg]</DisplayName>
      <Description>0以外の場合に肩越し視点になります。正の値なら自機が画面の左側、負の値なら右側になります</Description>
      <DisplayFormat>%0.3f</DisplayFormat>
      <EditFlags>None</EditFlags>
      <Minimum>-80</Minimum>
      <Maximum>80</Maximum>
      <SortID>1200</SortID>
    </Field>
    <Field Def="f32 lockCamParamLerpRate = 0.5">
      <DisplayName>パラメータ補間率(0.0～1.0)</DisplayName>
      <Description>カメラ用</Description>
      <DisplayFormat>%0.3f</DisplayFormat>
      <EditFlags>None</EditFlags>
      <Minimum>0</Minimum>
      <Maximum>1</Maximum>
      <SortID>1300</SortID>
    </Field>
    <Field Def="u8 shoulderOverChangeDirectionMethod = 2">
      <DisplayName>肩越し視点旋回方法</DisplayName>
      <Enum>LOCK_CAM_OVER_SHOULDER_DIRECTION_CHANGE_TYPE</Enum>
      <Description>仕様テスト用、後は削除予定</Description>
      <Maximum>3</Maximum>
      <SortID>1210</SortID>
    </Field>
    <Field Def="dummy8 pad2[3]">
      <DisplayName>pad2[3]</DisplayName>
      <SortID>5001</SortID>
    </Field>
    <Field Def="f32 shoulderOverChangeDirectionSpeed = 0.1">
      <DisplayName>肩越し視点旋回方法_押し続ける（角度）_スピード(0.0～1.0)</DisplayName>
      <Description>肩越し視点旋回方法押し続ける（角度）用。視点の変化スピード。0の場合変化しない。</Description>
      <DisplayFormat>%0.3f</DisplayFormat>
      <EditFlags>None</EditFlags>
      <Minimum>0</Minimum>
      <Maximum>1</Maximum>
      <SortID>1220</SortID>
    </Field>
    <Field Def="f32 shoulderOverChangeDirectionTimeThreshold = 0.5">
      <DisplayName>肩越し視点旋回方法_押し続ける（時間）_時間閾値[sec]</DisplayName>
      <Description>肩越し視点旋回方法「押し続ける（時間）」用。視点変換の閾値（秒）。</Description>
      <DisplayFormat>%0.3f</DisplayFormat>
      <EditFlags>None</EditFlags>
      <Minimum>0.01</Minimum>
      <Maximum>10</Maximum>
      <SortID>1230</SortID>
    </Field>
    <Field Def="f32 shoulderOverChangeDirectionLerpRate = 0.5">
      <DisplayName>肩越し視点旋回時補間率(0.0～1.0)</DisplayName>
      <Description>肩越し視点旋回時の補間率（共通）。（酔わないためにうまく調整する必要がある）</Description>
      <DisplayFormat>%0.3f</DisplayFormat>
      <EditFlags>None</EditFlags>
      <Minimum>0</Minimum>
      <Maximum>1</Maximum>
      <SortID>1290</SortID>
    </Field>
    <Field Def="f32 chrTransChaseRateParam_AccelMaxX = 30">
      <DisplayName>キャラ追尾率（左右）が最低になるX方向加速度[m/s^2]</DisplayName>
      <Description>左右方向への加速度がこの値以上だと、左右の追尾率が最も低くなる</Description>
      <DisplayFormat>%0.3f</DisplayFormat>
      <EditFlags>None</EditFlags>
      <Minimum>0</Minimum>
      <Maximum>9999</Maximum>
      <SortID>1600</SortID>
    </Field>
    <Field Def="f32 chrTransChaseRateParam_ChaseRateDecreaseMaxX = 0.2">
      <DisplayName>加速度（左右）による追尾率（左右）の減少量の最大値</DisplayName>
      <Description>加速度がある時、追尾率が下がる（加速感が出るために）。この値は減少量の最大値</Description>
      <DisplayFormat>%0.3f</DisplayFormat>
      <EditFlags>None</EditFlags>
      <Minimum>0</Minimum>
      <Maximum>1</Maximum>
      <SortID>1650</SortID>
    </Field>
    <Field Def="f32 chrTransChaseRateForNormalX_LerpRate = 0.3">
      <DisplayName>キャラ追尾率（左右）の補間率(0.0～1.0)</DisplayName>
      <Description>追尾率が上がる場合だけ補間される</Description>
      <DisplayFormat>%0.3f</DisplayFormat>
      <EditFlags>None</EditFlags>
      <Minimum>0</Minimum>
      <Maximum>1</Maximum>
      <Increment>0.001</Increment>
      <SortID>810</SortID>
    </Field>
    <Field Def="f32 shoulderOverChangeDirectionShortTimeThreshold = 0.2">
      <DisplayName>肩越し視点旋回方法_短く弾く_時間閾値[sec]</DisplayName>
      <Description>肩越し視点旋回方法「短く弾く」用。視点変換の閾値（秒）。1フレーム以下の場合はどうなるかはわからない。</Description>
      <DisplayFormat>%0.3f</DisplayFormat>
      <EditFlags>None</EditFlags>
      <Minimum>0.01</Minimum>
      <Maximum>5</Maximum>
      <SortID>1235</SortID>
    </Field>
    <Field Def="f32 chrTransChaseRateParam_AccelMaxY = 40">
      <DisplayName>キャラ追尾率（上下）が最低になるY方向加速度[m/s^2]</DisplayName>
      <Description>上下方向への加速度がこの値以上だと、上下の追尾率が最も低くなる</Description>
      <DisplayFormat>%0.3f</DisplayFormat>
      <EditFlags>None</EditFlags>
      <Minimum>0</Minimum>
      <Maximum>9999</Maximum>
      <SortID>1800</SortID>
    </Field>
    <Field Def="f32 chrTransChaseRateParam_ChaseRateDecreaseMaxY = 0.2">
      <DisplayName>加速度（上下）による追尾率（上下）の減少量の最大値</DisplayName>
      <Description>加速度がある時、追尾率が下がる（加速感が出るために）。この値は減少量の最大値</Description>
      <DisplayFormat>%0.3f</DisplayFormat>
      <EditFlags>None</EditFlags>
      <Minimum>0</Minimum>
      <Maximum>1</Maximum>
      <SortID>2050</SortID>
    </Field>
    <Field Def="f32 chrTransChaseRateForNormalY_LerpRate = 0.3">
      <DisplayName>キャラ追尾率（上下）の補間率(0.0～1.0)</DisplayName>
      <Description>追尾率が上がる場合だけ補間される</Description>
      <DisplayFormat>%0.3f</DisplayFormat>
      <EditFlags>None</EditFlags>
      <Minimum>0</Minimum>
      <Maximum>1</Maximum>
      <Increment>0.001</Increment>
      <SortID>800</SortID>
    </Field>
    <Field Def="f32 shoulderOverChangeDirectionMinAngleThreshold">
      <DisplayName>肩越し視点旋回方法_短く弾く_回転入力最小閾値[rad]</DisplayName>
      <Description>肩越し視点旋回方法「短く弾く」用。ミスで触ってしまうのを避けるために、この値以上にスティック入力する場合だけ方向変換</Description>
      <DisplayFormat>%0.3f</DisplayFormat>
      <EditFlags>None</EditFlags>
      <Minimum>0</Minimum>
      <Maximum>1</Maximum>
      <Increment>0.001</Increment>
      <SortID>1236</SortID>
    </Field>
    <Field Def="f32 lockRotChaseRate = 0.3">
      <DisplayName>ロック回転追尾率(0.0～1.0)</DisplayName>
      <Description>ロックした相手にカメラを向ける際の追尾率</Description>
      <DisplayFormat>%0.3f</DisplayFormat>
      <EditFlags>None</EditFlags>
      <Minimum>0</Minimum>
      <Maximum>1</Maximum>
      <SortID>300</SortID>
    </Field>
    <Field Def="f32 rotSpeed_Min_X = 100">
      <DisplayName>X軸回転速度最小値[deg/sec]</DisplayName>
      <Description>X軸回転速度最小値[deg/sec]</Description>
      <DisplayFormat>%0.3f</DisplayFormat>
      <EditFlags>None</EditFlags>
      <Minimum>0</Minimum>
      <Maximum>9999</Maximum>
      <Increment>0.1</Increment>
      <SortID>300</SortID>
    </Field>
    <Field Def="f32 rotSpeed_Max_X = 100">
      <DisplayName>X軸回転速度最大値[deg/sec]</DisplayName>
      <Description>X軸回転速度最大値[deg/sec]</Description>
      <DisplayFormat>%0.3f</DisplayFormat>
      <EditFlags>None</EditFlags>
      <Minimum>0</Minimum>
      <Maximum>9999</Maximum>
      <Increment>0.1</Increment>
      <SortID>300</SortID>
    </Field>
    <Field Def="f32 rotHiSpeed_Min_X = 180">
      <DisplayName>X軸高速回転速度最小値[deg/sec]</DisplayName>
      <Description>X軸高速回転速度最小値[deg/sec]</Description>
      <DisplayFormat>%0.3f</DisplayFormat>
      <EditFlags>None</EditFlags>
      <Minimum>0</Minimum>
      <Maximum>9999</Maximum>
      <Increment>0.1</Increment>
      <SortID>300</SortID>
    </Field>
    <Field Def="f32 rotHiSpeed_Max_X = 180">
      <DisplayName>X軸高速回転速度最大値[deg/sec]</DisplayName>
      <Description>X軸高速回転速度最大値[deg/sec]</Description>
      <DisplayFormat>%0.3f</DisplayFormat>
      <EditFlags>None</EditFlags>
      <Minimum>0</Minimum>
      <Maximum>9999</Maximum>
      <Increment>0.1</Increment>
      <SortID>300</SortID>
    </Field>
    <Field Def="u16 priority">
      <DisplayName>優先度</DisplayName>
      <Description>パラメータが適用される優先度。同じ優先度の場合はシステム側で決めている優先度</Description>
      <DisplayFormat>%u</DisplayFormat>
      <Maximum>9999</Maximum>
      <SortID>3000</SortID>
    </Field>
    <Field Def="u8 doInverseTurnDirection:1">
      <DisplayName>旋回方向を反転するか</DisplayName>
      <Description>0: 反転しない（自機が画面の左側にいる時左へ旋回すると肩越し方向を切り替える）、1: 反転する（自機が画面の左側にいる時右へ旋回すると肩越し方向を切り替える）</Description>
      <Maximum>1</Maximum>
      <SortID>1250</SortID>
    </Field>
    <Field Def="u8 doUseOverShoulderViewWhenLockOn:1 = 1">
      <DisplayName>ロックオン時は肩越し視点にするかどうか</DisplayName>
      <Description>0: フリーカメラ 1: 肩越し視点</Description>
      <Maximum>1</Maximum>
      <SortID>1260</SortID>
    </Field>
    <Field Def="u8 doUseOverShoulderViewWhenNotLockOn:1 = 1">
      <DisplayName>ロックオンではない時は肩越し視点にするかどうか</DisplayName>
      <Description>0: フリーカメラ 1: 肩越し視点</Description>
      <Maximum>1</Maximum>
      <SortID>1270</SortID>
    </Field>
    <Field Def="u8 doIgnoreOptionRotSpeedRate:1">
      <DisplayName>オプションの回転速度率を無視するか</DisplayName>
      <Description>0:オプションの回転速度率が適用される 1:オプションの回転速度率を無視する（5と見なす）</Description>
      <Maximum>1</Maximum>
      <SortID>305</SortID>
    </Field>
    <Field Def="dummy8 padding0:4">
      <DisplayName>パディング0</DisplayName>
      <SortID>5002</SortID>
    </Field>
    <Field Def="dummy8 padding01[1]">
      <DisplayName>パディング</DisplayName>
      <SortID>5003</SortID>
    </Field>
    <Field Def="f32 locksiteMoveFactor">
      <DisplayName>ロックサイト先回り係数</DisplayName>
      <Description>ロックサイトがどれくらい速く先周り移動するか、移動速度にかける係数</Description>
      <DisplayFormat>%0.3f</DisplayFormat>
      <EditFlags>None</EditFlags>
      <Minimum>0</Minimum>
      <Maximum>99</Maximum>
      <Increment>0.001</Increment>
      <SortID>3500</SortID>
    </Field>
    <Field Def="f32 rotRangeMaxX = 80">
      <DisplayName>X軸回転最大値[deg] </DisplayName>
      <Description>射撃姿勢時のカメラ制御用</Description>
      <DisplayFormat>%0.2f</DisplayFormat>
      <EditFlags>None</EditFlags>
      <Minimum>-80</Minimum>
      <Maximum>80</Maximum>
      <SortID>210</SortID>
    </Field>
    <Field Def="f32 rotRangeMinY = -360">
      <DisplayName>Y軸回転最小値[deg] </DisplayName>
      <Description>射撃姿勢時のカメラ制御用</Description>
      <DisplayFormat>%0.3f</DisplayFormat>
      <EditFlags>None</EditFlags>
      <Minimum>-360</Minimum>
      <Maximum>360</Maximum>
      <SortID>220</SortID>
    </Field>
    <Field Def="f32 rotRangeMaxY = 360">
      <DisplayName>Y軸回転最大値[deg] </DisplayName>
      <Description>射撃姿勢時のカメラ制御用</Description>
      <DisplayFormat>%0.3f</DisplayFormat>
      <EditFlags>None</EditFlags>
      <Minimum>-360</Minimum>
      <Maximum>360</Maximum>
      <SortID>230</SortID>
    </Field>
    <Field Def="f32 chrTransChaseRateForNormalD = 0.3">
      <DisplayName>キャラ追尾率下(0.0～1.0)</DisplayName>
      <Description>カメラ用</Description>
      <DisplayFormat>%0.3f</DisplayFormat>
      <EditFlags>None</EditFlags>
      <Minimum>0</Minimum>
      <Maximum>1</Maximum>
      <SortID>705</SortID>
    </Field>
    <Field Def="f32 lockRotXShiftRatio_Min">
      <DisplayName>ロックX回転シフト率の最小値(-1.0～1.0)</DisplayName>
      <Description>0.0 の時はロックオンターゲットが画面の中心、1.0 の時は画面の一番上、-1.0 の時は画面の一番下。</Description>
      <DisplayFormat>%0.3f</DisplayFormat>
      <EditFlags>None</EditFlags>
      <Minimum>-1</Minimum>
      <Maximum>1</Maximum>
      <SortID>320</SortID>
    </Field>
    <Field Def="f32 lockRotXShiftRatio_Max = 0.6">
      <DisplayName>ロックX回転シフト率の最大値(-1.0～1.0)</DisplayName>
      <Description>0.0 の時はロックオンターゲットが画面の中心、1.0 の時は画面の一番上、-1.0 の時は画面の一番下。</Description>
      <DisplayFormat>%0.3f</DisplayFormat>
      <EditFlags>None</EditFlags>
      <Minimum>-1</Minimum>
      <Maximum>1</Maximum>
      <SortID>330</SortID>
    </Field>
    <Field Def="f32 lockRotXShiftRatio_LerpMinDist = 100">
      <DisplayName>ロックX回転シフト率の補間距離(近)</DisplayName>
      <Description>ターゲットがこの距離以内になると、ロックX回転シフト率が最大値になる。以外になると補間</Description>
      <DisplayFormat>%0.1f</DisplayFormat>
      <EditFlags>None</EditFlags>
      <Minimum>0</Minimum>
      <Maximum>10000</Maximum>
      <Increment>0.1</Increment>
      <SortID>340</SortID>
    </Field>
    <Field Def="f32 lockRotXShiftRatio_LerpMidMinDist = 200">
      <DisplayName>ロックX回転シフト率の補間距離(中近)</DisplayName>
      <Description>ターゲットがこの距離以外になると、ロックX回転シフト率が基準値になる。以内になると補間</Description>
      <DisplayFormat>%0.1f</DisplayFormat>
      <EditFlags>None</EditFlags>
      <Minimum>0</Minimum>
      <Maximum>10000</Maximum>
      <Increment>0.1</Increment>
      <SortID>350</SortID>
    </Field>
    <Field Def="f32 lockRotXShiftRatio_LerpMidMaxDist = 300">
      <DisplayName>ロックX回転シフト率の補間距離(中遠)</DisplayName>
      <Description>ターゲットがこの距離以内になると、ロックX回転シフト率が基準値になる。以外になると補間</Description>
      <DisplayFormat>%0.1f</DisplayFormat>
      <EditFlags>None</EditFlags>
      <Minimum>0</Minimum>
      <Maximum>10000</Maximum>
      <Increment>0.1</Increment>
      <SortID>360</SortID>
    </Field>
    <Field Def="f32 lockRotXShiftRatio_LerpMaxDist = 1000">
      <DisplayName>ロックX回転シフト率の補間距離(遠)</DisplayName>
      <Description>ターゲットがこの距離以外になると、ロックX回転シフト率が最小値になる。以内になると補間</Description>
      <DisplayFormat>%0.1f</DisplayFormat>
      <EditFlags>None</EditFlags>
      <Minimum>0</Minimum>
      <Maximum>10000</Maximum>
      <Increment>0.1</Increment>
      <SortID>370</SortID>
    </Field>
    <Field Def="f32 chrTransChaseRateParam_ChaseRateDecreaseBySpeedMaxX = 0.3">
      <DisplayName>速度（左右）によるキャラ追尾率（左右）の減少量の最大値</DisplayName>
      <Description>QBとブースト中のスピード感を出したい</Description>
      <DisplayFormat>%0.3f</DisplayFormat>
      <EditFlags>None</EditFlags>
      <Minimum>0</Minimum>
      <Maximum>1</Maximum>
      <SortID>1010</SortID>
    </Field>
    <Field Def="f32 chrTransChaseRateParam_MaxHorizontalSpeed = 250">
      <DisplayName>キャラ追尾率（水平）が最低になる水平方向速度[m/s]</DisplayName>
      <Description>速度が最大値以下の場合、追尾率の減少量と速度とは線形関係</Description>
      <DisplayFormat>%0.1f</DisplayFormat>
      <EditFlags>None</EditFlags>
      <Minimum>0</Minimum>
      <Maximum>2000</Maximum>
      <Increment>1</Increment>
      <SortID>1040</SortID>
    </Field>
    <Field Def="f32 chrTransChaseRateParam_ChaseRateDecreaseBySpeedMaxFront = 0.3">
      <DisplayName>速度（前）によるキャラ追尾率（前）の減少量の最大値</DisplayName>
      <Description>QBとブースト中のスピード感を出したい</Description>
      <DisplayFormat>%0.3f</DisplayFormat>
      <EditFlags>None</EditFlags>
      <Minimum>0</Minimum>
      <Maximum>1</Maximum>
      <SortID>1020</SortID>
    </Field>
    <Field Def="f32 chrTransChaseRateParam_ChaseRateDecreaseBySpeedMaxBack = 0.2">
      <DisplayName>速度（後）によるキャラ追尾率（後）の減少量の最大値</DisplayName>
      <Description>QBとブースト中のスピード感を出したい</Description>
      <DisplayFormat>%0.3f</DisplayFormat>
      <EditFlags>None</EditFlags>
      <Minimum>0</Minimum>
      <Maximum>1</Maximum>
      <SortID>1030</SortID>
    </Field>
    <Field Def="f32 closeToTargetDistance = 20">
      <DisplayName>ロックオンターゲットにの近すぎる距離[m]</DisplayName>
      <Description>自機とターゲットとの距離がこの範囲内になると実装都合に肩越し角度とX軸回転に特殊処理が入っている</Description>
      <DisplayFormat>%0.1f</DisplayFormat>
      <EditFlags>None</EditFlags>
      <Minimum>0</Minimum>
      <Maximum>1000</Maximum>
      <Increment>0.1</Increment>
      <SortID>380</SortID>
    </Field>
    <Field Def="f32 overShoulderRadLerpRate = 0.03">
      <DisplayName>肩越し角度の補間率(0.0～1.0)</DisplayName>
      <Description>肩越し角度の補間率、パラメータ補間率から独立した</Description>
      <DisplayFormat>%0.3f</DisplayFormat>
      <EditFlags>None</EditFlags>
      <Minimum>0</Minimum>
      <Maximum>1</Maximum>
      <Increment>0.001</Increment>
      <SortID>1280</SortID>
    </Field>
    <Field Def="f32 overShoulderRadLerpRateWhenLockOnOff = 0.1">
      <DisplayName>ロックオンオフの切り替える時の肩越し角度の補間率(0.0～1.0)</DisplayName>
      <Description>ロックオンオフの切り替える時用肩越し角度の補間率</Description>
      <DisplayFormat>%0.3f</DisplayFormat>
      <EditFlags>None</EditFlags>
      <Minimum>0</Minimum>
      <Maximum>1</Maximum>
      <Increment>0.001</Increment>
      <SortID>1293</SortID>
    </Field>
    <Field Def="f32 overShoulderRadLerpRateLerpRate = 0.6">
      <DisplayName>肩越し角度の補間率の補間率(0.0～1.0)</DisplayName>
      <Description>肩越し角度の補間率の補間率（補間率が急に変わることを避けるために補間する）</Description>
      <DisplayFormat>%0.3f</DisplayFormat>
      <EditFlags>None</EditFlags>
      <Minimum>0</Minimum>
      <Maximum>1</Maximum>
      <Increment>0.001</Increment>
      <SortID>1297</SortID>
    </Field>
    <Field Def="f32 chrTransChaseRateForQBX = 0.3">
      <DisplayName>QB時キャラ追尾率（左右）(0.0～1.0)</DisplayName>
      <DisplayFormat>%0.3f</DisplayFormat>
      <EditFlags>None</EditFlags>
      <Minimum>0</Minimum>
      <Maximum>1</Maximum>
      <Increment>0.001</Increment>
      <SortID>740</SortID>
    </Field>
    <Field Def="f32 chrTransChaseRateForQBF = 0.3">
      <DisplayName>QB時キャラ追尾率（前）(0.0～1.0)</DisplayName>
      <DisplayFormat>%0.3f</DisplayFormat>
      <EditFlags>None</EditFlags>
      <Minimum>0</Minimum>
      <Maximum>1</Maximum>
      <Increment>0.001</Increment>
      <SortID>750</SortID>
    </Field>
    <Field Def="f32 chrTransChaseRateForQBB = 0.3">
      <DisplayName>QB時キャラ追尾率（後）(0.0～1.0)</DisplayName>
      <DisplayFormat>%0.3f</DisplayFormat>
      <EditFlags>None</EditFlags>
      <Minimum>0</Minimum>
      <Maximum>1</Maximum>
      <Increment>0.001</Increment>
      <SortID>760</SortID>
    </Field>
    <Field Def="f32 chrTransChaseRateForBoostX = 0.3">
      <DisplayName>ブースト時キャラ追尾率（左右）(0.0～1.0)</DisplayName>
      <DisplayFormat>%0.3f</DisplayFormat>
      <EditFlags>None</EditFlags>
      <Minimum>0</Minimum>
      <Maximum>1</Maximum>
      <Increment>0.001</Increment>
      <SortID>770</SortID>
    </Field>
    <Field Def="f32 chrTransChaseRateForBoostF = 0.3">
      <DisplayName>ブースト時キャラ追尾率（前）(0.0～1.0)</DisplayName>
      <DisplayFormat>%0.3f</DisplayFormat>
      <EditFlags>None</EditFlags>
      <Minimum>0</Minimum>
      <Maximum>1</Maximum>
      <Increment>0.001</Increment>
      <SortID>780</SortID>
    </Field>
    <Field Def="f32 chrTransChaseRateForBoostB = 0.3">
      <DisplayName>ブースト時キャラ追尾率（後）(0.0～1.0)</DisplayName>
      <DisplayFormat>%0.3f</DisplayFormat>
      <EditFlags>None</EditFlags>
      <Minimum>0</Minimum>
      <Maximum>1</Maximum>
      <Increment>0.001</Increment>
      <SortID>790</SortID>
    </Field>
    <Field Def="f32 chrTransChaseRateForNormalF_LerpRate = 0.3">
      <DisplayName>キャラ追尾率（前）の補間率(0.0～1.0)</DisplayName>
      <Description>追尾率が上がる場合だけ補間される</Description>
      <DisplayFormat>%0.3f</DisplayFormat>
      <EditFlags>None</EditFlags>
      <Minimum>0</Minimum>
      <Maximum>1</Maximum>
      <Increment>0.001</Increment>
      <SortID>820</SortID>
    </Field>
    <Field Def="f32 chrTransChaseRateForNormalB_LerpRate = 0.3">
      <DisplayName>キャラ追尾率（後）の補間率(0.0～1.0)</DisplayName>
      <Description>追尾率が上がる場合だけ補間される</Description>
      <DisplayFormat>%0.3f</DisplayFormat>
      <EditFlags>None</EditFlags>
      <Minimum>0</Minimum>
      <Maximum>1</Maximum>
      <Increment>0.001</Increment>
      <SortID>830</SortID>
    </Field>
    <Field Def="f32 shootTargetLookUpAngAtUnlock">
      <DisplayName>非ロック時射撃地点カメラ俯角[deg] </DisplayName>
      <Description>フリーカメラ時(非ロック時等操作可能な際）にカメラが俯く角度</Description>
      <DisplayFormat>%0.1f</DisplayFormat>
      <EditFlags>None</EditFlags>
      <Minimum>-90</Minimum>
      <Maximum>90</Maximum>
      <Increment>0.1</Increment>
      <SortID>250</SortID>
    </Field>
    <Field Def="f32 shootTargetLookUpAngAtLock">
      <DisplayName>ロック時射撃地点カメラ俯角[deg] </DisplayName>
      <Description>ロック時にカメラが俯く角度</Description>
      <DisplayFormat>%0.1f</DisplayFormat>
      <EditFlags>None</EditFlags>
      <Minimum>-90</Minimum>
      <Maximum>90</Maximum>
      <Increment>0.1</Increment>
      <SortID>255</SortID>
    </Field>
    <Field Def="f32 lockRotChasePlayAngHorizontal">
      <DisplayName>ロック回転追尾遊び角度(水平)[deg]</DisplayName>
      <Description>ロックオンターゲットの遊び角度(水平方向)</Description>
      <DisplayFormat>%0.2f</DisplayFormat>
      <EditFlags>None</EditFlags>
      <Minimum>0</Minimum>
      <Maximum>180</Maximum>
      <SortID>260</SortID>
    </Field>
    <Field Def="f32 camLookupOffsetY">
      <DisplayName>見上げ：注視点補正Y(高さ)[m]</DisplayName>
      <DisplayFormat>%0.1f</DisplayFormat>
      <EditFlags>None</EditFlags>
      <Minimum>-9999</Minimum>
      <Maximum>9999</Maximum>
      <Increment>0.1</Increment>
      <SortID>430</SortID>
    </Field>
    <Field Def="f32 camLookupOffsetZ">
      <DisplayName>見上げ：注視点補正Z(前後)[m]</DisplayName>
      <DisplayFormat>%0.1f</DisplayFormat>
      <EditFlags>None</EditFlags>
      <Minimum>-9999</Minimum>
      <Maximum>9999</Maximum>
      <Increment>0.1</Increment>
      <SortID>440</SortID>
    </Field>
    <Field Def="f32 camLookdownOffsetY">
      <DisplayName>見下し：注視点補正Y(高さ)[m]</DisplayName>
      <DisplayFormat>%0.1f</DisplayFormat>
      <EditFlags>None</EditFlags>
      <Minimum>-9999</Minimum>
      <Maximum>9999</Maximum>
      <Increment>0.1</Increment>
      <SortID>450</SortID>
    </Field>
    <Field Def="f32 camLookdownOffsetZ">
      <DisplayName>見下し：注視点補正Z(前後)[m]</DisplayName>
      <DisplayFormat>%0.1f</DisplayFormat>
      <EditFlags>None</EditFlags>
      <Minimum>-9999</Minimum>
      <Maximum>9999</Maximum>
      <Increment>0.1</Increment>
      <SortID>460</SortID>
    </Field>
    <Field Def="f32 lockRotChaseRateRecoverRateAfterCrossing = 0.1">
      <DisplayName>すれ違い後ロック回転追尾率の回復率(0.0～1.0)</DisplayName>
      <Description>大きいほどすれ違い後カメラの（ターゲットへの）回転が速くなる</Description>
      <DisplayFormat>%0.3f</DisplayFormat>
      <EditFlags>None</EditFlags>
      <Minimum>0</Minimum>
      <Maximum>1</Maximum>
      <SortID>1510</SortID>
    </Field>
    <Field Def="f32 crossingLockRotChaseRate = 0.01">
      <DisplayName>すれ違い時のロック回転追尾率(0.0～1.0)</DisplayName>
      <Description>すれ違い効果中適用されるロック回転追尾率、小さいほど自機の運動が直線になる</Description>
      <DisplayFormat>%0.3f</DisplayFormat>
      <EditFlags>None</EditFlags>
      <Minimum>0</Minimum>
      <Maximum>1</Maximum>
      <Increment>0.001</Increment>
      <SortID>1520</SortID>
    </Field>
    <Field Def="f32 crossingLastTime = 0.5">
      <DisplayName>すれ違い効果の持続時間[sec]</DisplayName>
      <DisplayFormat>%0.3f</DisplayFormat>
      <EditFlags>None</EditFlags>
      <Minimum>0</Minimum>
      <Maximum>10</Maximum>
      <SortID>1530</SortID>
    </Field>
    <Field Def="f32 crossingHorizontalDistanceThreshold = 20">
      <DisplayName>すれ違いの水平距離の閾値[m]</DisplayName>
      <Description>自機とロックオンターゲットとの距離が閾値以上になる場合だけすれ違いが可能</Description>
      <DisplayFormat>%0.1f</DisplayFormat>
      <EditFlags>None</EditFlags>
      <Minimum>0</Minimum>
      <Maximum>100</Maximum>
      <Increment>1</Increment>
      <SortID>1540</SortID>
    </Field>
    <Field Def="f32 crossingRelativeVelocityThreshold = 50">
      <DisplayName>すれ違いの相対速度の閾値[m/s]</DisplayName>
      <Description>自機とロックオンターゲットとの水平相対速度が閾値以上になる場合だけすれ違い可能</Description>
      <DisplayFormat>%0.1f</DisplayFormat>
      <EditFlags>None</EditFlags>
      <Minimum>0</Minimum>
      <Maximum>1000</Maximum>
      <Increment>1</Increment>
      <SortID>1550</SortID>
    </Field>
    <Field Def="f32 lockRotChasePlayAngVertical">
      <DisplayName>ロック回転追尾遊び角度(垂直)[deg]</DisplayName>
      <Description>ロックオンターゲットの遊び角度(垂直方向)</Description>
      <DisplayFormat>%0.2f</DisplayFormat>
      <EditFlags>None</EditFlags>
      <Minimum>0</Minimum>
      <Maximum>90</Maximum>
      <SortID>265</SortID>
    </Field>
    <Field Def="f32 lockRotChasePlayAngHorizontalReturnLerpRate = 0.01">
      <DisplayName>ロック回転追尾遊び角度(水平)の戻り補間率(0.0～1.0)</DisplayName>
      <Description>ロックオンターゲットが遊び角度から徐々に画面中央に戻る際にの補間率</Description>
      <DisplayFormat>%0.3f</DisplayFormat>
      <EditFlags>None</EditFlags>
      <Minimum>0</Minimum>
      <Maximum>1</Maximum>
      <Increment>0.001</Increment>
      <SortID>270</SortID>
    </Field>
    <Field Def="f32 lockRotChasePlayAngVerticalReturnLerpRate = 0.01">
      <DisplayName>ロック回転追尾遊び角度(垂直)の戻り補間率(0.0～1.0)</DisplayName>
      <Description>ロックオンターゲットが遊び角度から徐々に画面中央に戻る際にの補間率</Description>
      <DisplayFormat>%0.3f</DisplayFormat>
      <EditFlags>None</EditFlags>
      <Minimum>0</Minimum>
      <Maximum>1</Maximum>
      <Increment>0.001</Increment>
      <SortID>275</SortID>
    </Field>
    <Field Def="f32 camAutoPullWhenLookUpRotXThreshold = -1">
      <DisplayName>カメラが上に見る際に自動引くが発生するX軸回転角度の閾値[deg]</DisplayName>
      <Description>カメラのX軸回転角度がこの値以上になるとカメラを自動上げる効果が効く。-1と設定される場合はカメラが自機の足元の高さまで降りてくる場合効く。無効にしたければ最大値の90に設定してください。</Description>
      <DisplayFormat>%.1f</DisplayFormat>
      <EditFlags>None</EditFlags>
      <Minimum>-1</Minimum>
      <Maximum>90</Maximum>
      <Increment>1</Increment>
      <SortID>2100</SortID>
    </Field>
    <Field Def="f32 camAutoPullWhenLookUpWeight = 0.8">
      <DisplayName>カメラが上に見る際に自動引き効果の重み(0.0～1.0)</DisplayName>
      <Description>大きいほどカメラの回転を下げます。つまり自機の足元まで見えるようになります。小さくすると、敵の全体が見えるようになります。</Description>
      <DisplayFormat>%.3f</DisplayFormat>
      <EditFlags>None</EditFlags>
      <Minimum>0</Minimum>
      <Maximum>1</Maximum>
      <Increment>0.001</Increment>
      <SortID>2200</SortID>
    </Field>
    <Field Def="f32 camAutoPullWhenLookUpCamDistWeight = 5">
      <DisplayName>カメラが上に見る際に自動引き距離の倍率</DisplayName>
      <Description>大きいほどカメラがより引きます</Description>
      <DisplayFormat>%.1f</DisplayFormat>
      <EditFlags>None</EditFlags>
      <Minimum>1</Minimum>
      <Maximum>10</Maximum>
      <Increment>1</Increment>
      <SortID>2300</SortID>
    </Field>
    <Field Def="f32 camAutoPullWhenLookUpCamDistMax = 30">
      <DisplayName>カメラが上に見る際に自動引きの最大距離[m]</DisplayName>
      <DisplayFormat>%.1f</DisplayFormat>
      <EditFlags>None</EditFlags>
      <Minimum>0</Minimum>
      <Maximum>100</Maximum>
      <Increment>1</Increment>
      <SortID>2400</SortID>
    </Field>
    <Field Def="f32 chrOrgOffset_Y_Up = 10">
      <DisplayName>キャラ基点オフセット（空中上昇中）[m]</DisplayName>
      <Description>カメラの注視点の高さ（キャラのルート位置から）（空中上昇中）</Description>
      <DisplayFormat>%.1f</DisplayFormat>
      <EditFlags>None</EditFlags>
      <Minimum>0</Minimum>
      <Maximum>20</Maximum>
      <Increment>0.1</Increment>
      <SortID>401</SortID>
    </Field>
    <Field Def="f32 chrOrgOffset_Y_Down = 6">
      <DisplayName>キャラ基点オフセット（空中落下中）[m]</DisplayName>
      <Description>カメラの注視点の高さ（キャラのルート位置から）（空中落下中）</Description>
      <DisplayFormat>%.1f</DisplayFormat>
      <EditFlags>None</EditFlags>
      <Minimum>0</Minimum>
      <Maximum>20</Maximum>
      <Increment>0.1</Increment>
      <SortID>402</SortID>
    </Field>
    <Field Def="f32 chrOrgOffset_Y_LerpRate = 0.1">
      <DisplayName>キャラ基点オフセット補間率(0.0～1.0)</DisplayName>
      <DisplayFormat>%.3f</DisplayFormat>
      <EditFlags>None</EditFlags>
      <Minimum>0</Minimum>
      <Maximum>1</Maximum>
      <Increment>0.001</Increment>
      <SortID>403</SortID>
    </Field>
    <Field Def="f32 chrOrgOffset_Y_MuteAirLerpRate = 0.03">
      <DisplayName>キャラ基点オフセット（空中）無効化前後の補間率(0.0～1.0)</DisplayName>
      <Description>TAEフラグの「カメラ空中オフセットを無効化(PC用)」の前後のオフセットの補間率</Description>
      <DisplayFormat>%.3f</DisplayFormat>
      <EditFlags>None</EditFlags>
      <Minimum>0</Minimum>
      <Maximum>1</Maximum>
      <Increment>0.001</Increment>
      <SortID>404</SortID>
    </Field>
    <Field Def="f32 playerFadeDist = 16">
      <DisplayName>プレイヤーのディザフェード距離</DisplayName>
      <Description>ディザフェードが有効になるカメラと操作キャラの距離</Description>
      <DisplayFormat>%.3f</DisplayFormat>
      <EditFlags>None</EditFlags>
      <Minimum>0</Minimum>
      <Maximum>100</Maximum>
      <Increment>0.1</Increment>
      <SortID>5000</SortID>
    </Field>
    <Field Def="f32 rotSpeed_Min_Y = 100">
      <DisplayName>Y軸回転速度最小値[deg/sec]</DisplayName>
      <Description>Y軸回転速度最小値[deg/sec]</Description>
      <DisplayFormat>%0.3f</DisplayFormat>
      <EditFlags>None</EditFlags>
      <Minimum>0</Minimum>
      <Maximum>9999</Maximum>
      <Increment>0.1</Increment>
      <SortID>300</SortID>
    </Field>
    <Field Def="f32 rotSpeed_Max_Y = 100">
      <DisplayName>Y軸回転速度最大値[deg/sec]</DisplayName>
      <Description>Y軸回転速度最大値[deg/sec]</Description>
      <DisplayFormat>%0.3f</DisplayFormat>
      <EditFlags>None</EditFlags>
      <Minimum>0</Minimum>
      <Maximum>9999</Maximum>
      <Increment>0.1</Increment>
      <SortID>300</SortID>
    </Field>
    <Field Def="f32 rotHiSpeed_Min_Y = 180">
      <DisplayName>Y軸高速回転速度最小値[deg/sec]</DisplayName>
      <Description>Y軸高速回転速度最小値[deg/sec]</Description>
      <DisplayFormat>%0.3f</DisplayFormat>
      <EditFlags>None</EditFlags>
      <Minimum>0</Minimum>
      <Maximum>9999</Maximum>
      <Increment>0.1</Increment>
      <SortID>300</SortID>
    </Field>
    <Field Def="f32 rotHiSpeed_Max_Y = 180">
      <DisplayName>Y軸高速回転速度最大値[deg/sec]</DisplayName>
      <Description>Y軸高速回転速度最大値[deg/sec]</Description>
      <DisplayFormat>%0.3f</DisplayFormat>
      <EditFlags>None</EditFlags>
      <Minimum>0</Minimum>
      <Maximum>9999</Maximum>
      <Increment>0.1</Increment>
      <SortID>300</SortID>
    </Field>
    <Field Def="dummy8 reserve031[32]">
      <DisplayName>予約31</DisplayName>
      <SortID>5004</SortID>
    </Field>
  </Fields>
</PARAMDEF>