﻿<?xml version="1.0" encoding="utf-8"?>
<PARAMDEF XmlVersion="3">
  <ParamType>LOOK_AT_SPINE_PARAM_ST</ParamType>
  <DataVersion>1</DataVersion>
  <BigEndian>False</BigEndian>
  <Unicode>True</Unicode>
  <FormatVersion>203</FormatVersion>
  <Fields>
    <Field Def="f32 baseRate = 1">
      <DisplayName>基準割合</DisplayName>
      <Description>基準割合</Description>
      <Minimum>0</Minimum>
      <Maximum>1</Maximum>
      <SortID>10</SortID>
    </Field>
    <Field Def="f32 spineBoneRateXZ = 1">
      <DisplayName>腰（BD_Root）間接の左右割合</DisplayName>
      <Description>腰（BD_Root）間接の左右割合</Description>
      <Minimum>0</Minimum>
      <Maximum>1</Maximum>
      <SortID>20</SortID>
    </Field>
    <Field Def="f32 clavicleBoneRateXZ">
      <DisplayName>肩関節の左右割合</DisplayName>
      <Description>肩関節の左右割合</Description>
      <Minimum>0</Minimum>
      <Maximum>1</Maximum>
      <SortID>20</SortID>
    </Field>
    <Field Def="f32 handBoneRateXZ">
      <DisplayName>手首間接の左右割合</DisplayName>
      <Description>手首間接の左右割合</Description>
      <Minimum>0</Minimum>
      <Maximum>1</Maximum>
      <SortID>20</SortID>
    </Field>
    <Field Def="f32 spineBoneRateY = 1">
      <DisplayName>腰（BD_Root）間接の上割合</DisplayName>
      <Description>腰（BD_Root）間接の上割合</Description>
      <Minimum>0</Minimum>
      <Maximum>1</Maximum>
      <SortID>30</SortID>
    </Field>
    <Field Def="f32 clavicleBoneRateY">
      <DisplayName>肩関節の上割合</DisplayName>
      <Description>肩関節の上割合</Description>
      <Minimum>0</Minimum>
      <Maximum>1</Maximum>
      <SortID>30</SortID>
    </Field>
    <Field Def="f32 handBoneRateY">
      <DisplayName>手首間接の上割合</DisplayName>
      <Description>手首間接の上割合</Description>
      <Minimum>0</Minimum>
      <Maximum>1</Maximum>
      <SortID>30</SortID>
    </Field>
    <Field Def="f32 spineRotLeftMax = -80">
      <DisplayName>腰の左向く限界角度(-180～180)</DisplayName>
      <Description>腰の左向く限界角度(-180～180)</Description>
      <DisplayFormat>%.2f</DisplayFormat>
      <EditFlags>None</EditFlags>
      <Minimum>-180</Minimum>
      <Maximum>180</Maximum>
      <Increment>0.1</Increment>
      <SortID>2</SortID>
    </Field>
    <Field Def="f32 spineRotRightMax = 20">
      <DisplayName>腰の右向く限界角度(-180～180)</DisplayName>
      <Description>腰の右向く限界角度(-180～180)</Description>
      <DisplayFormat>%.2f</DisplayFormat>
      <EditFlags>None</EditFlags>
      <Minimum>-180</Minimum>
      <Maximum>180</Maximum>
      <Increment>0.1</Increment>
      <SortID>2</SortID>
    </Field>
    <Field Def="f32 spineRotUpMax = 80">
      <DisplayName>腰の上向く限界角度(-180～180)</DisplayName>
      <Description>腰の上向く限界角度(-180～180)</Description>
      <DisplayFormat>%.2f</DisplayFormat>
      <EditFlags>None</EditFlags>
      <Minimum>-180</Minimum>
      <Maximum>180</Maximum>
      <Increment>0.1</Increment>
    </Field>
    <Field Def="f32 spineRotDownMax = -20">
      <DisplayName>腰の下向く限界角度(-180～180)</DisplayName>
      <Description>腰の下向く限界角度(-180～180)</Description>
      <DisplayFormat>%.2f</DisplayFormat>
      <EditFlags>None</EditFlags>
      <Minimum>-180</Minimum>
      <Maximum>180</Maximum>
      <Increment>0.1</Increment>
    </Field>
    <Field Def="f32 spine1BoneRateXZ = 1">
      <DisplayName>腰（SpineA）間接の左右割合</DisplayName>
      <Description>腰（SpineA）間接の左右割合</Description>
      <Minimum>-1</Minimum>
      <Maximum>1</Maximum>
      <SortID>20</SortID>
    </Field>
    <Field Def="f32 spine1BoneRateY = 1">
      <DisplayName>腰（SpineA）間接の上下割合</DisplayName>
      <Description>腰（SpineA）間接の上下割合</Description>
      <Minimum>-1</Minimum>
      <Maximum>1</Maximum>
      <SortID>31</SortID>
    </Field>
    <Field Def="f32 flyRootRotUpMax = 30">
      <DisplayName>空中射撃時の体の傾きの上方向限界角度(-180～180)</DisplayName>
      <Description>空中での体の上向く限界角度(-180～180)</Description>
      <DisplayFormat>%.2f</DisplayFormat>
      <EditFlags>None</EditFlags>
      <Minimum>-180</Minimum>
      <Maximum>180</Maximum>
      <Increment>0.1</Increment>
      <SortID>50</SortID>
    </Field>
    <Field Def="f32 flyRootRotDownMax = -30">
      <DisplayName>空中射撃時の体の傾きの下方向限界角度(-180～180)</DisplayName>
      <Description>空中での体の下向く限界角度(-180～180)</Description>
      <DisplayFormat>%.2f</DisplayFormat>
      <EditFlags>None</EditFlags>
      <Minimum>-180</Minimum>
      <Maximum>180</Maximum>
      <Increment>0.1</Increment>
      <SortID>50</SortID>
    </Field>
    <Field Def="f32 flyRootBoneRateY = 0.5">
      <DisplayName>空中射撃時の体の傾きの上割合</DisplayName>
      <Description>空中でのRoot間接の上割合</Description>
      <Minimum>0</Minimum>
      <Maximum>1</Maximum>
      <SortID>50</SortID>
    </Field>
    <Field Def="f32 flySpineBoneRateY = 0.1">
      <DisplayName>空中腰（BD_Root）間接の上割合</DisplayName>
      <Description>空中での腰（BD_Root）間接の上割合</Description>
      <Minimum>0</Minimum>
      <Maximum>1</Maximum>
      <SortID>50</SortID>
    </Field>
    <Field Def="f32 flySpine1BoneRateY = 0.2">
      <DisplayName>空中腰（SpineA）間接の上下割合</DisplayName>
      <Description>空中での腰（SpineA）間接の上下割合</Description>
      <Minimum>-1</Minimum>
      <Maximum>1</Maximum>
      <SortID>51</SortID>
    </Field>
    <Field Def="f32 flyClavicleBoneRateY">
      <DisplayName>空中肩関節の上割合</DisplayName>
      <Description>空中での肩関節の上割合</Description>
      <Minimum>0</Minimum>
      <Maximum>1</Maximum>
      <SortID>50</SortID>
    </Field>
    <Field Def="f32 flyHandBoneRateY">
      <DisplayName>空中手首間接の上割合</DisplayName>
      <Description>空中での手首間接の上割合</Description>
      <Minimum>0</Minimum>
      <Maximum>1</Maximum>
      <SortID>50</SortID>
    </Field>
    <Field Def="f32 spineAexABoneRateXZ = 1">
      <DisplayName>腰（SpineA_EX_A）間接の左右割合</DisplayName>
      <Description>腰（SpineA_EX_A）間接の左右割合</Description>
      <Minimum>-1</Minimum>
      <Maximum>1</Maximum>
      <SortID>20</SortID>
    </Field>
    <Field Def="f32 spineAexABoneRateY = 1">
      <DisplayName>腰（SpineA_EX_A）間接の上下割合</DisplayName>
      <Description>腰（SpineA_EX_A）間接の上下割合</Description>
      <Minimum>-1</Minimum>
      <Maximum>1</Maximum>
      <SortID>31</SortID>
    </Field>
    <Field Def="f32 flySpineAexABoneRateY = 0.2">
      <DisplayName>空中腰（SpineA_EX_A）間接の上下割合</DisplayName>
      <Description>空中での腰（SpineA_EX_A）間接の上下割合</Description>
      <Minimum>-1</Minimum>
      <Maximum>1</Maximum>
      <SortID>51</SortID>
    </Field>
    <Field Def="f32 spineAexBBoneRateXZ = 1">
      <DisplayName>腰（SpineA_EX_B）間接の左右割合</DisplayName>
      <Description>腰（SpineA_EX_B）間接の左右割合</Description>
      <Minimum>-1</Minimum>
      <Maximum>1</Maximum>
      <SortID>20</SortID>
    </Field>
    <Field Def="f32 spineAexBBoneRateY = 1">
      <DisplayName>腰（SpineA_EX_B）間接の上下割合</DisplayName>
      <Description>腰（SpineA_EX_B）間接の上下割合</Description>
      <Minimum>-1</Minimum>
      <Maximum>1</Maximum>
      <SortID>31</SortID>
    </Field>
    <Field Def="f32 flySpineAexBBoneRateY = 0.2">
      <DisplayName>空中腰（SpineA_EX_B）間接の上下割合</DisplayName>
      <Description>空中での腰（SpineA_EX_B）間接の上下割合</Description>
      <Minimum>-1</Minimum>
      <Maximum>1</Maximum>
      <SortID>51</SortID>
    </Field>
    <Field Def="f32 pelvisBoneRateXZ = 1">
      <DisplayName>股関節（Pelvis）間接の左右割合</DisplayName>
      <Description>股関節（Pelvis）間接の左右割合</Description>
      <Minimum>0</Minimum>
      <Maximum>1</Maximum>
      <SortID>20</SortID>
    </Field>
    <Field Def="f32 pelvisBoneRateY = 1">
      <DisplayName>股関節（Pelvis）間接の上下割合</DisplayName>
      <Description>股関節（Pelvis）間接の上下割合</Description>
      <Minimum>0</Minimum>
      <Maximum>1</Maximum>
      <SortID>31</SortID>
    </Field>
    <Field Def="f32 flyPelvisBoneRateY = 0.2">
      <DisplayName>空中股関節（Pelvis）間接の上下割合</DisplayName>
      <Description>空中での股関節（Pelvis）間接の上下割合</Description>
      <Minimum>0</Minimum>
      <Maximum>1</Maximum>
      <SortID>51</SortID>
    </Field>
    <Field Def="f32 spineBoneRateYD = 1">
      <DisplayName>腰（BD_Root）間接の下割合</DisplayName>
      <Description>腰（BD_Root）間接の下割合</Description>
      <Minimum>0</Minimum>
      <Maximum>1</Maximum>
      <SortID>30</SortID>
    </Field>
    <Field Def="f32 clavicleBoneRateYD">
      <DisplayName>肩関節の下割合</DisplayName>
      <Description>肩関節の下割合</Description>
      <Minimum>0</Minimum>
      <Maximum>1</Maximum>
      <SortID>30</SortID>
    </Field>
    <Field Def="f32 handBoneRateYD">
      <DisplayName>手首間接の下割合</DisplayName>
      <Description>手首間接の下割合</Description>
      <Minimum>0</Minimum>
      <Maximum>1</Maximum>
      <SortID>30</SortID>
    </Field>
    <Field Def="f32 flyRootBoneRateYD = 0.5">
      <DisplayName>空中射撃時の体の傾きの下割合</DisplayName>
      <Description>空中でのRoot間接の下割合</Description>
      <Minimum>0</Minimum>
      <Maximum>1</Maximum>
      <SortID>50</SortID>
    </Field>
    <Field Def="f32 flySpineBoneRateYD = 0.1">
      <DisplayName>空中腰（BD_Root）間接の下割合</DisplayName>
      <Description>空中での腰（BD_Root）間接の下割合</Description>
      <Minimum>0</Minimum>
      <Maximum>1</Maximum>
      <SortID>50</SortID>
    </Field>
    <Field Def="f32 flyClavicleBoneRateYD">
      <DisplayName>空中肩関節の下割合</DisplayName>
      <Description>空中での肩関節の下割合</Description>
      <Minimum>0</Minimum>
      <Maximum>1</Maximum>
      <SortID>50</SortID>
    </Field>
    <Field Def="f32 flyHandBoneRateYD">
      <DisplayName>空中手首間接の下割合</DisplayName>
      <Description>空中での手首間接の下割合</Description>
      <Minimum>0</Minimum>
      <Maximum>1</Maximum>
      <SortID>50</SortID>
    </Field>
    <Field Def="s32 priority">
      <DisplayName>優先度</DisplayName>
      <Description>TAEで指定したときのパラメータの優先度</Description>
      <Minimum>0</Minimum>
      <Maximum>9999</Maximum>
      <SortID>100</SortID>
    </Field>
    <Field Def="u8 bParentRateTakeOver">
      <DisplayName>腕や肩を親関節が目標角度になってなくても目標角度に向ける</DisplayName>
      <Enum>ON_OFF</Enum>
      <Description>腕を先に向けて腰を遅らせるときにONにする</Description>
      <Maximum>1</Maximum>
      <SortID>70</SortID>
    </Field>
    <Field Def="dummy8 reserved1[3]">
      <DisplayName>パディング</DisplayName>
      <DisplayFormat>%f</DisplayFormat>
      <EditFlags>Wrap</EditFlags>
      <SortID>101</SortID>
    </Field>
    <Field Def="f32 lookAtRotAngDegPerSecXZ = 300">
      <DisplayName>全体の水平回転速度_射撃開始時[deg/sec]</DisplayName>
      <Description>腰、腕のLookAt全体の最高角速度</Description>
      <DisplayFormat>%.1f</DisplayFormat>
      <EditFlags>None</EditFlags>
      <Minimum>0</Minimum>
      <Maximum>9999</Maximum>
      <Increment>0.1</Increment>
      <SortID>70</SortID>
    </Field>
    <Field Def="f32 lookAtRotAngDegPerSecY = 300">
      <DisplayName>全体の垂直回転速度_射撃開始時[deg/sec]</DisplayName>
      <Description>腰、腕のLookAt全体の最高角速度</Description>
      <DisplayFormat>%.1f</DisplayFormat>
      <EditFlags>None</EditFlags>
      <Minimum>0</Minimum>
      <Maximum>9999</Maximum>
      <Increment>0.1</Increment>
      <SortID>70</SortID>
    </Field>
    <Field Def="f32 spineRotAngDegPerSecXZ = 9999">
      <DisplayName>腰の水平回転速度[deg/sec]</DisplayName>
      <Description>腰の最高角速度</Description>
      <DisplayFormat>%.1f</DisplayFormat>
      <EditFlags>None</EditFlags>
      <Minimum>0</Minimum>
      <Maximum>9999</Maximum>
      <Increment>0.1</Increment>
      <SortID>71</SortID>
    </Field>
    <Field Def="f32 spineRotAngDegPerSecY = 9999">
      <DisplayName>腰の垂直回転速度[deg/sec]</DisplayName>
      <Description>腰の最高角速度</Description>
      <DisplayFormat>%.1f</DisplayFormat>
      <EditFlags>None</EditFlags>
      <Minimum>0</Minimum>
      <Maximum>9999</Maximum>
      <Increment>0.1</Increment>
      <SortID>71</SortID>
    </Field>
    <Field Def="f32 armRotAngDegPerSecXZ = 9999">
      <DisplayName>腕の水平回転速度[deg/sec]</DisplayName>
      <Description>腕の最高角速度</Description>
      <DisplayFormat>%.1f</DisplayFormat>
      <EditFlags>None</EditFlags>
      <Minimum>0</Minimum>
      <Maximum>9999</Maximum>
      <Increment>0.1</Increment>
      <SortID>71</SortID>
    </Field>
    <Field Def="f32 armRotAngDegPerSecY = 9999">
      <DisplayName>腕の垂直回転速度[deg/sec]</DisplayName>
      <Description>腕の最高角速度</Description>
      <DisplayFormat>%.1f</DisplayFormat>
      <EditFlags>None</EditFlags>
      <Minimum>0</Minimum>
      <Maximum>9999</Maximum>
      <Increment>0.1</Increment>
      <SortID>71</SortID>
    </Field>
    <Field Def="f32 lookAtDisableRotAngDegPerSecXZ = 300">
      <DisplayName>【廃止予定】全体の水平回転速度_射撃終了時[deg/sec]</DisplayName>
      <Description>腰、腕のLookAt全体の最高角速度（非射撃時）</Description>
      <DisplayFormat>%.1f</DisplayFormat>
      <EditFlags>None</EditFlags>
      <Minimum>0</Minimum>
      <Maximum>9999</Maximum>
      <Increment>0.1</Increment>
      <SortID>70</SortID>
    </Field>
    <Field Def="f32 lookAtDisableRotAngDegPerSecY = 300">
      <DisplayName>【廃止予定】全体の垂直回転速度_射撃終了時[deg/sec]</DisplayName>
      <Description>腰、腕のLookAt全体の最高角速度（非射撃時）</Description>
      <DisplayFormat>%.1f</DisplayFormat>
      <EditFlags>None</EditFlags>
      <Minimum>0</Minimum>
      <Maximum>9999</Maximum>
      <Increment>0.1</Increment>
      <SortID>70</SortID>
    </Field>
    <Field Def="f32 lookAtDisableRotTimeSec = 0.3">
      <DisplayName>全体の射撃終了時回転時間[sec]</DisplayName>
      <Description>腰、腕のLookAt全体のLookAt解除時間</Description>
      <DisplayFormat>%.1f</DisplayFormat>
      <EditFlags>None</EditFlags>
      <Minimum>0</Minimum>
      <Maximum>99</Maximum>
      <Increment>0.1</Increment>
      <SortID>70</SortID>
    </Field>
    <Field Def="f32 lookAtDisableFlyRotTimeSec = 0.3">
      <DisplayName>全体の空中射撃終了時回転時間[sec]</DisplayName>
      <Description>腰、腕のLookAt全体のLookAt解除時間（空中用）</Description>
      <DisplayFormat>%.1f</DisplayFormat>
      <EditFlags>None</EditFlags>
      <Minimum>0</Minimum>
      <Maximum>99</Maximum>
      <Increment>0.1</Increment>
      <SortID>70</SortID>
    </Field>
    <Field Def="f32 changeParamIntpTimeSec">
      <DisplayName>このパラメータに切り替わったときの補間時間[sec]</DisplayName>
      <Description>他のパラメータから切り替わってきたときの補間時間</Description>
      <DisplayFormat>%.2f</DisplayFormat>
      <EditFlags>None</EditFlags>
      <Minimum>0</Minimum>
      <Maximum>99</Maximum>
      <SortID>90</SortID>
    </Field>
    <Field Def="f32 switchTargetIntpTimeSec">
      <DisplayName>ターゲットが切り替わったときの補間時間[sec]</DisplayName>
      <Description>ターゲットが切り替わったときにLookAt方向を変えるための補間時間</Description>
      <DisplayFormat>%.2f</DisplayFormat>
      <EditFlags>None</EditFlags>
      <Minimum>0</Minimum>
      <Maximum>99</Maximum>
      <SortID>90</SortID>
    </Field>
    <Field Def="dummy8 reserved4[56]">
      <DisplayName>パディング</DisplayName>
      <DisplayFormat>%f</DisplayFormat>
      <EditFlags>Wrap</EditFlags>
      <SortID>102</SortID>
    </Field>
  </Fields>
</PARAMDEF>