﻿<?xml version="1.0" encoding="utf-8"?>
<PARAMDEF XmlVersion="3">
  <ParamType>MAIL_PARAM_ST</ParamType>
  <DataVersion>2</DataVersion>
  <BigEndian>False</BigEndian>
  <Unicode>True</Unicode>
  <FormatVersion>203</FormatVersion>
  <Fields>
    <Field Def="u8 disableParam_NT:1">
      <DisplayName>NT版出力から外すか</DisplayName>
      <Enum>BOOL_CIRCLECROSS_TYPE</Enum>
      <Description>NT版から除外するか、除外するものに○をつける</Description>
      <Maximum>1</Maximum>
      <SortID>90000</SortID>
    </Field>
    <Field Def="u8 disableParam_Product:1">
      <DisplayName>製品版出力から外すか</DisplayName>
      <Enum>BOOL_CIRCLECROSS_TYPE</Enum>
      <Description>製品版から除外するか、除外するものに○をつける</Description>
      <Maximum>1</Maximum>
      <SortID>90010</SortID>
    </Field>
    <Field Def="dummy8 disableParamReserve1:6">
      <DisplayName>パッケージ出力用リザーブ1</DisplayName>
      <Description>パッケージ出力用リザーブ1</Description>
      <SortID>90011</SortID>
    </Field>
    <Field Def="dummy8 disableParamReserve2[3]">
      <DisplayName>パッケージ出力用リザーブ2</DisplayName>
      <Description>パッケージ出力用リザーブ2</Description>
      <SortID>90012</SortID>
    </Field>
    <Field Def="s32 senderTextID = -1">
      <DisplayName>送信者名テキストID</DisplayName>
      <Description>送信者名を FNR_MenuText.xlsm のIDで指定</Description>
      <Minimum>-1</Minimum>
      <Maximum>2000000000</Maximum>
      <SortID>1</SortID>
    </Field>
    <Field Def="dummy8 reserved1[8]">
      <DisplayName>---</DisplayName>
      <Description>----</Description>
      <SortID>90013</SortID>
    </Field>
    <Field Def="u32 backImageID">
      <DisplayName>背景画像ID</DisplayName>
      <Description>背景画像のID</Description>
      <Maximum>999999999</Maximum>
      <SortID>2</SortID>
    </Field>
    <Field Def="dummy8 attachedFile_reserved[7]">
      <DisplayName>---</DisplayName>
      <Description>----</Description>
      <SortID>90014</SortID>
      <UnkB8>attachedFile</UnkB8>
      <UnkC0>ATTACHED_FILE</UnkC0>
      <UnkC8>添付ファイル</UnkC8>
    </Field>
    <Field Def="u8 attachedFile_type">
      <DisplayName>カテゴリ</DisplayName>
      <Enum>MAIL_ATTACHED_FILE_TYPE</Enum>
      <Description>添付ファイルのデータ種別</Description>
      <SortID>3</SortID>
      <UnkB8>attachedFile</UnkB8>
      <UnkC0>ATTACHED_FILE</UnkC0>
      <UnkC8>添付ファイル</UnkC8>
    </Field>
    <Field Def="u32 attachedFile_ID">
      <Description>添付ファイルのデータID</Description>
      <Maximum>999999999</Maximum>
      <SortID>4</SortID>
      <UnkB8>attachedFile</UnkB8>
      <UnkC0>ATTACHED_FILE</UnkC0>
      <UnkC8>添付ファイル</UnkC8>
    </Field>
    <Field Def="u32 page0_textID">
      <DisplayName>テキストID</DisplayName>
      <Description>1ページ目：本文のテキストID</Description>
      <Maximum>999999999</Maximum>
      <SortID>5</SortID>
      <UnkB8>page0</UnkB8>
      <UnkC0>CONTENT</UnkC0>
      <UnkC8>ページ1</UnkC8>
    </Field>
    <Field Def="u32 page0_imageID">
      <DisplayName>画像ID</DisplayName>
      <Description>1ページ目：本文中の画像ID</Description>
      <Maximum>999999999</Maximum>
      <SortID>6</SortID>
      <UnkB8>page0</UnkB8>
      <UnkC0>CONTENT</UnkC0>
      <UnkC8>ページ1</UnkC8>
    </Field>
    <Field Def="u8 page0_layout = 1">
      <DisplayName>レイアウト</DisplayName>
      <Enum>MAIL_LAYOUT_TYPE</Enum>
      <Description>1ページ目：レイアウト</Description>
      <Minimum>1</Minimum>
      <Maximum>10</Maximum>
      <SortID>7</SortID>
      <UnkB8>page0</UnkB8>
      <UnkC0>CONTENT</UnkC0>
      <UnkC8>ページ1</UnkC8>
    </Field>
    <Field Def="dummy8 page0_reserved1[3]">
      <DisplayName>予約</DisplayName>
      <Description>----</Description>
      <DisplayFormat>%d</DisplayFormat>
      <EditFlags>Wrap</EditFlags>
      <SortID>90015</SortID>
      <UnkB8>page0</UnkB8>
      <UnkC0>CONTENT</UnkC0>
      <UnkC8>ページ1</UnkC8>
    </Field>
    <Field Def="u32 page0_blockEffect_0">
      <DisplayName>ブロック1</DisplayName>
      <Description>1ブロック目の負荷演出</Description>
      <Maximum>999999999</Maximum>
      <SortID>100</SortID>
      <UnkB8>page0</UnkB8>
      <UnkC0>CONTENT</UnkC0>
      <UnkC8>ページ1負荷演出</UnkC8>
    </Field>
    <Field Def="u32 page0_blockEffect_1">
      <DisplayName>ブロック2</DisplayName>
      <Description>2ブロック目の負荷演出</Description>
      <Maximum>999999999</Maximum>
      <SortID>101</SortID>
      <UnkB8>page0</UnkB8>
      <UnkC0>CONTENT</UnkC0>
      <UnkC8>ページ1負荷演出</UnkC8>
    </Field>
    <Field Def="u32 page0_blockEffect_2">
      <DisplayName>ブロック3</DisplayName>
      <Description>3ブロック目の負荷演出</Description>
      <Maximum>999999999</Maximum>
      <SortID>102</SortID>
      <UnkB8>page0</UnkB8>
      <UnkC0>CONTENT</UnkC0>
      <UnkC8>ページ1負荷演出</UnkC8>
    </Field>
    <Field Def="dummy8 page0_reserved2[8]">
      <DisplayName>予約</DisplayName>
      <Description>----</Description>
      <DisplayFormat>%d</DisplayFormat>
      <EditFlags>Wrap</EditFlags>
      <SortID>90016</SortID>
      <UnkB8>page0</UnkB8>
      <UnkC0>CONTENT</UnkC0>
      <UnkC8>ページ1</UnkC8>
    </Field>
    <Field Def="u32 page1_textID">
      <DisplayName>テキストID</DisplayName>
      <Description>2ページ目：本文のテキストID</Description>
      <Maximum>999999999</Maximum>
      <SortID>8</SortID>
      <UnkB8>page1</UnkB8>
      <UnkC0>CONTENT</UnkC0>
      <UnkC8>ページ2</UnkC8>
    </Field>
    <Field Def="u32 page1_imageID">
      <DisplayName>画像ID</DisplayName>
      <Description>2ページ目：本文中の画像ID</Description>
      <Maximum>999999999</Maximum>
      <SortID>9</SortID>
      <UnkB8>page1</UnkB8>
      <UnkC0>CONTENT</UnkC0>
      <UnkC8>ページ2</UnkC8>
    </Field>
    <Field Def="u8 page1_layout = 1">
      <DisplayName>レイアウト</DisplayName>
      <Enum>MAIL_LAYOUT_TYPE</Enum>
      <Description>2ページ目：レイアウト</Description>
      <Minimum>1</Minimum>
      <Maximum>10</Maximum>
      <SortID>10</SortID>
      <UnkB8>page1</UnkB8>
      <UnkC0>CONTENT</UnkC0>
      <UnkC8>ページ2</UnkC8>
    </Field>
    <Field Def="dummy8 page1_reserved1[3]">
      <DisplayName>予約</DisplayName>
      <Description>----</Description>
      <DisplayFormat>%d</DisplayFormat>
      <EditFlags>Wrap</EditFlags>
      <SortID>90017</SortID>
      <UnkB8>page1</UnkB8>
      <UnkC0>CONTENT</UnkC0>
      <UnkC8>ページ2</UnkC8>
    </Field>
    <Field Def="u32 page1_blockEffect_0">
      <DisplayName>ブロック1</DisplayName>
      <Description>1ブロック目の負荷演出</Description>
      <Maximum>999999999</Maximum>
      <SortID>200</SortID>
      <UnkB8>page1</UnkB8>
      <UnkC0>CONTENT</UnkC0>
      <UnkC8>ページ2負荷演出</UnkC8>
    </Field>
    <Field Def="u32 page1_blockEffect_1">
      <DisplayName>ブロック2</DisplayName>
      <Description>2ブロック目の負荷演出</Description>
      <Maximum>999999999</Maximum>
      <SortID>201</SortID>
      <UnkB8>page1</UnkB8>
      <UnkC0>CONTENT</UnkC0>
      <UnkC8>ページ2負荷演出</UnkC8>
    </Field>
    <Field Def="u32 page1_blockEffect_2">
      <DisplayName>ブロック3</DisplayName>
      <Description>3ブロック目の負荷演出</Description>
      <Maximum>999999999</Maximum>
      <SortID>202</SortID>
      <UnkB8>page1</UnkB8>
      <UnkC0>CONTENT</UnkC0>
      <UnkC8>ページ2負荷演出</UnkC8>
    </Field>
    <Field Def="dummy8 page1_reserved2[8]">
      <DisplayName>予約</DisplayName>
      <Description>----</Description>
      <DisplayFormat>%d</DisplayFormat>
      <EditFlags>Wrap</EditFlags>
      <SortID>90018</SortID>
      <UnkB8>page1</UnkB8>
      <UnkC0>CONTENT</UnkC0>
      <UnkC8>ページ2</UnkC8>
    </Field>
    <Field Def="u32 page2_textID">
      <DisplayName>テキストID</DisplayName>
      <Description>3ページ目：本文のテキストID</Description>
      <Maximum>999999999</Maximum>
      <SortID>11</SortID>
      <UnkB8>page2</UnkB8>
      <UnkC0>CONTENT</UnkC0>
      <UnkC8>ページ3</UnkC8>
    </Field>
    <Field Def="u32 page2_imageID">
      <DisplayName>画像ID</DisplayName>
      <Description>3ページ目：本文中の画像ID</Description>
      <Maximum>999999999</Maximum>
      <SortID>12</SortID>
      <UnkB8>page2</UnkB8>
      <UnkC0>CONTENT</UnkC0>
      <UnkC8>ページ3</UnkC8>
    </Field>
    <Field Def="u8 page2_layout = 1">
      <DisplayName>レイアウト</DisplayName>
      <Enum>MAIL_LAYOUT_TYPE</Enum>
      <Description>3ページ目：レイアウト</Description>
      <Minimum>1</Minimum>
      <Maximum>10</Maximum>
      <SortID>13</SortID>
      <UnkB8>page2</UnkB8>
      <UnkC0>CONTENT</UnkC0>
      <UnkC8>ページ3</UnkC8>
    </Field>
    <Field Def="dummy8 page2_reserved1[3]">
      <DisplayName>予約</DisplayName>
      <Description>----</Description>
      <DisplayFormat>%d</DisplayFormat>
      <EditFlags>Wrap</EditFlags>
      <SortID>90019</SortID>
      <UnkB8>page2</UnkB8>
      <UnkC0>CONTENT</UnkC0>
      <UnkC8>ページ3</UnkC8>
    </Field>
    <Field Def="u32 page2_blockEffect_0">
      <DisplayName>ブロック1</DisplayName>
      <Description>1ブロック目の負荷演出</Description>
      <Maximum>999999999</Maximum>
      <SortID>300</SortID>
      <UnkB8>page2</UnkB8>
      <UnkC0>CONTENT</UnkC0>
      <UnkC8>ページ3負荷演出</UnkC8>
    </Field>
    <Field Def="u32 page2_blockEffect_1">
      <DisplayName>ブロック2</DisplayName>
      <Description>2ブロック目の負荷演出</Description>
      <Maximum>999999999</Maximum>
      <SortID>301</SortID>
      <UnkB8>page2</UnkB8>
      <UnkC0>CONTENT</UnkC0>
      <UnkC8>ページ3負荷演出</UnkC8>
    </Field>
    <Field Def="u32 page2_blockEffect_2">
      <DisplayName>ブロック3</DisplayName>
      <Description>3ブロック目の負荷演出</Description>
      <Maximum>999999999</Maximum>
      <SortID>302</SortID>
      <UnkB8>page2</UnkB8>
      <UnkC0>CONTENT</UnkC0>
      <UnkC8>ページ3負荷演出</UnkC8>
    </Field>
    <Field Def="dummy8 page2_reserved2[8]">
      <DisplayName>予約</DisplayName>
      <Description>----</Description>
      <DisplayFormat>%d</DisplayFormat>
      <EditFlags>Wrap</EditFlags>
      <SortID>90020</SortID>
      <UnkB8>page2</UnkB8>
      <UnkC0>CONTENT</UnkC0>
      <UnkC8>ページ3</UnkC8>
    </Field>
  </Fields>
</PARAMDEF>