﻿<?xml version="1.0" encoding="utf-8"?>
<PARAMDEF XmlVersion="3">
  <ParamType>MAP_AREA_PARAM_ST</ParamType>
  <DataVersion>3</DataVersion>
  <BigEndian>False</BigEndian>
  <Unicode>True</Unicode>
  <FormatVersion>203</FormatVersion>
  <Fields>
    <Field Def="u8 disableParam_NT:1">
      <DisplayName>NT版出力から外すか</DisplayName>
      <Enum>NPC_BOOL</Enum>
      <Description>NT版から除外するか、除外するものに○をつける</Description>
      <Maximum>1</Maximum>
      <SortID>1</SortID>
    </Field>
    <Field Def="u8 disableParam_Product:1">
      <DisplayName>製品版出力から外すか</DisplayName>
      <Enum>NPC_BOOL</Enum>
      <Description>製品版から除外するか、除外するものに○をつける</Description>
      <Maximum>1</Maximum>
      <SortID>2</SortID>
    </Field>
    <Field Def="dummy8 disableParamReserve1:6">
      <DisplayName>パッケージ出力用リザーブ1</DisplayName>
      <Description>パッケージ出力用リザーブ1</Description>
      <SortID>22</SortID>
    </Field>
    <Field Def="dummy8 disableParamReserve2[3]">
      <DisplayName>パッケージ出力用リザーブ2</DisplayName>
      <Description>パッケージ出力用リザーブ2</Description>
      <SortID>23</SortID>
    </Field>
    <Field Def="u8 EnvMapCap00:1">
      <DisplayName>朝</DisplayName>
      <Enum>NPC_BOOL</Enum>
      <Maximum>1</Maximum>
      <SortID>3</SortID>
      <UnkC8>環境マップ撮影</UnkC8>
    </Field>
    <Field Def="u8 EnvMapCap01:1">
      <DisplayName>昼A</DisplayName>
      <Enum>NPC_BOOL</Enum>
      <Maximum>1</Maximum>
      <SortID>4</SortID>
      <UnkC8>環境マップ撮影</UnkC8>
    </Field>
    <Field Def="u8 EnvMapCap02:1">
      <DisplayName>昼B</DisplayName>
      <Enum>NPC_BOOL</Enum>
      <Maximum>1</Maximum>
      <SortID>5</SortID>
      <UnkC8>環境マップ撮影</UnkC8>
    </Field>
    <Field Def="u8 EnvMapCap03:1">
      <DisplayName>夕</DisplayName>
      <Enum>NPC_BOOL</Enum>
      <Maximum>1</Maximum>
      <SortID>6</SortID>
      <UnkC8>環境マップ撮影</UnkC8>
    </Field>
    <Field Def="u8 EnvMapCap04:1">
      <DisplayName>夜</DisplayName>
      <Enum>NPC_BOOL</Enum>
      <Maximum>1</Maximum>
      <SortID>7</SortID>
      <UnkC8>環境マップ撮影</UnkC8>
    </Field>
    <Field Def="u8 EnvMapCap05:1">
      <DisplayName>深夜A</DisplayName>
      <Enum>NPC_BOOL</Enum>
      <Maximum>1</Maximum>
      <SortID>8</SortID>
      <UnkC8>環境マップ撮影</UnkC8>
    </Field>
    <Field Def="u8 EnvMapCap06:1">
      <DisplayName>深夜B</DisplayName>
      <Enum>NPC_BOOL</Enum>
      <Maximum>1</Maximum>
      <SortID>9</SortID>
      <UnkC8>環境マップ撮影</UnkC8>
    </Field>
    <Field Def="dummy8 padding_1:1">
      <DisplayName>パディング</DisplayName>
      <SortID>24</SortID>
      <UnkC8>環境マップ撮影</UnkC8>
    </Field>
    <Field Def="dummy8 Reserve_0[3]">
      <DisplayName>リザーブ</DisplayName>
      <Description>リザーブ</Description>
      <DisplayFormat>%d</DisplayFormat>
      <EditFlags>Wrap</EditFlags>
      <SortID>25</SortID>
    </Field>
    <Field Def="u32 SkydomeParam00">
      <DisplayName>朝</DisplayName>
      <Maximum>99999999</Maximum>
      <SortID>10</SortID>
      <UnkC8>天球アセット</UnkC8>
    </Field>
    <Field Def="u32 SkydomeParam01">
      <DisplayName>昼A</DisplayName>
      <Maximum>99999999</Maximum>
      <SortID>11</SortID>
      <UnkC8>天球アセット</UnkC8>
    </Field>
    <Field Def="u32 SkydomeParam02">
      <DisplayName>昼B</DisplayName>
      <Maximum>99999999</Maximum>
      <SortID>12</SortID>
      <UnkC8>天球アセット</UnkC8>
    </Field>
    <Field Def="u32 SkydomeParam03">
      <DisplayName>夕</DisplayName>
      <Maximum>99999999</Maximum>
      <SortID>13</SortID>
      <UnkC8>天球アセット</UnkC8>
    </Field>
    <Field Def="u32 SkydomeParam04">
      <DisplayName>夜</DisplayName>
      <Maximum>99999999</Maximum>
      <SortID>14</SortID>
      <UnkC8>天球アセット</UnkC8>
    </Field>
    <Field Def="u32 SkydomeParam05">
      <DisplayName>深夜A</DisplayName>
      <Maximum>99999999</Maximum>
      <SortID>15</SortID>
      <UnkC8>天球アセット</UnkC8>
    </Field>
    <Field Def="u32 SkydomeParam06">
      <DisplayName>深夜B</DisplayName>
      <Maximum>99999999</Maximum>
      <SortID>16</SortID>
      <UnkC8>天球アセット</UnkC8>
    </Field>
    <Field Def="dummy8 Reserve_1[4]">
      <DisplayName>リザーブ</DisplayName>
      <Description>リザーブ</Description>
      <DisplayFormat>%d</DisplayFormat>
      <EditFlags>Wrap</EditFlags>
      <SortID>26</SortID>
    </Field>
  </Fields>
</PARAMDEF>