﻿<?xml version="1.0" encoding="utf-8"?>
<PARAMDEF XmlVersion="3">
  <ParamType>MAP_DEFAULT_INFO_PARAM_ST</ParamType>
  <DataVersion>2</DataVersion>
  <BigEndian>False</BigEndian>
  <Unicode>True</Unicode>
  <FormatVersion>203</FormatVersion>
  <Fields>
    <Field Def="u8 disableParam_NT:1">
      <DisplayName>NT版出力から外すか</DisplayName>
      <Enum>BOOL_CIRCLECROSS_TYPE</Enum>
      <Description>○をつけたパラメータをNT版パッケージでは除外します</Description>
      <EditFlags>None</EditFlags>
      <Maximum>1</Maximum>
    </Field>
    <Field Def="dummy8 disableParamReserve1:7">
      <DisplayName>パッケージ出力用リザーブ1</DisplayName>
      <Description>パッケージ出力用リザーブ1</Description>
      <DisplayFormat>%d</DisplayFormat>
      <SortID>10000</SortID>
    </Field>
    <Field Def="dummy8 disableParamReserve2[3]">
      <DisplayName>パッケージ出力用リザーブ2</DisplayName>
      <Description>パッケージ出力用リザーブ2</Description>
      <DisplayFormat>%d</DisplayFormat>
      <SortID>10001</SortID>
    </Field>
    <Field Def="u8 MapAiSightType">
      <DisplayName>マップ視界タイプ</DisplayName>
      <Enum>MAP_AI_SIGHT_TYPE</Enum>
      <Description>マップ視界タイプ</Description>
      <EditFlags>None</EditFlags>
      <Maximum>3</Maximum>
      <SortID>120</SortID>
    </Field>
    <Field Def="u8 SoundIndoorType">
      <DisplayName>サウンド屋内、完全屋内振り分け</DisplayName>
      <Enum>SOUND_INDOOR_TYPE</Enum>
      <Description>マップGD設定の「屋内」をサウンド用の「屋内」、「完全屋内」どちらに振り分けるかを設定します(SEQ09833)</Description>
      <EditFlags>None</EditFlags>
      <Maximum>1</Maximum>
      <SortID>108</SortID>
    </Field>
    <Field Def="s8 ReverbDefaultType = -1">
      <DisplayName>リバーブデフォルト設定</DisplayName>
      <Enum>SOUND_MAP_DEFAULT_REVERB_TYPE</Enum>
      <Description>このマップのリバーブデフォルトタイプを指定します</Description>
      <EditFlags>None</EditFlags>
      <Minimum>-1</Minimum>
      <Maximum>64</Maximum>
      <SortID>109</SortID>
    </Field>
    <Field Def="dummy8 Reserve0[1]">
      <DisplayName>リザーブ</DisplayName>
      <Description>リザーブ</Description>
      <SortID>9999</SortID>
    </Field>
    <Field Def="s32 MapAdditionalSoundBankId = -1">
      <DisplayName>マップ追加バンクID</DisplayName>
      <Description>追加で読み込むサウンドの「マップ追加バンク」のIDを指定します(-1:マップ追加バンクなし)(SEQ15725)</Description>
      <EditFlags>None</EditFlags>
      <Minimum>-1</Minimum>
      <Maximum>99999</Maximum>
      <SortID>112</SortID>
    </Field>
    <Field Def="s8 OverrideGIResolution_XSS = -1">
      <DisplayName>GI解像度上書き設定_XSSプラット</DisplayName>
      <Enum>MAP_GI_RESOLUTION_OVERRIDE_TYPE</Enum>
      <Description>XSS(Xbox SeriesS,Lockhart)で使用するGI解像度上書きします</Description>
      <EditFlags>None</EditFlags>
      <Minimum>-1</Minimum>
      <Maximum>2</Maximum>
      <SortID>5101</SortID>
    </Field>
    <Field Def="s8 OverrideGIResolution_XSX = -1">
      <DisplayName>GI解像度上書き設定_XSXプラット</DisplayName>
      <Enum>MAP_GI_RESOLUTION_OVERRIDE_TYPE</Enum>
      <Description>XSX(Xbox SeriesX,Anaconda)で使用するGI解像度上書きします</Description>
      <EditFlags>None</EditFlags>
      <Minimum>-1</Minimum>
      <Maximum>2</Maximum>
      <SortID>5101</SortID>
    </Field>
    <Field Def="dummy8 Reserve1[6]">
      <DisplayName>リザーブ</DisplayName>
      <Description>リザーブ</Description>
      <SortID>9999</SortID>
    </Field>
  </Fields>
</PARAMDEF>