﻿<?xml version="1.0" encoding="utf-8"?>
<PARAMDEF XmlVersion="3">
  <ParamType>MENUPROPERTY_SPEC</ParamType>
  <DataVersion>2</DataVersion>
  <BigEndian>False</BigEndian>
  <Unicode>True</Unicode>
  <FormatVersion>203</FormatVersion>
  <Fields>
    <Field Def="s32 CaptionTextID">
      <DisplayName>項目名テキストID</DisplayName>
      <Minimum>-1</Minimum>
      <Maximum>999999999</Maximum>
      <SortID>100</SortID>
    </Field>
    <Field Def="s32 IconID">
      <DisplayName>項目アイコンID</DisplayName>
      <Minimum>-1</Minimum>
      <Maximum>999999999</Maximum>
      <SortID>110</SortID>
    </Field>
    <Field Def="u32 RequiredPropertyID">
      <DisplayName>必要スキル</DisplayName>
      <Enum>MENU_PROPERTY_ID</Enum>
      <Minimum>-1</Minimum>
      <Maximum>999999999</Maximum>
      <SortID>120</SortID>
    </Field>
    <Field Def="s8 CompareType">
      <DisplayName>優劣判定</DisplayName>
      <Enum>MENU_PROPERTY_CMP_TYPE</Enum>
      <Minimum>-1</Minimum>
      <Maximum>999999999</Maximum>
      <SortID>130</SortID>
    </Field>
    <Field Def="u8 FormatType">
      <DisplayName>書式</DisplayName>
      <Enum>MENU_PROPERTY_FORMAT_TYPE</Enum>
      <Minimum>-1</Minimum>
      <Maximum>999999999</Maximum>
      <SortID>140</SortID>
    </Field>
    <Field Def="fixstrW AdhocCaption[9]">
      <DisplayName>項目名仮テキスト</DisplayName>
      <SortID>102</SortID>
    </Field>
    <Field Def="s32 HelpTextID">
      <DisplayName>ヘルプテキストID</DisplayName>
      <Minimum>-999999999</Minimum>
      <Maximum>999999999</Maximum>
      <SortID>104</SortID>
    </Field>
    <Field Def="u8 EditType">
      <DisplayName>編集タイプ</DisplayName>
      <Enum>MENU_PROPERTY_EDIT_TYPE</Enum>
      <Minimum>-1</Minimum>
      <Maximum>999999999</Maximum>
      <SortID>150</SortID>
      <UnkC8>プロパティ編集</UnkC8>
    </Field>
    <Field Def="u8 EditParamBool">
      <DisplayName>ブール値</DisplayName>
      <Enum>BOOL_CIRCLECROSS_TYPE</Enum>
      <Description>スライダー：ループするか</Description>
      <Minimum>-1</Minimum>
      <Maximum>999999999</Maximum>
      <SortID>154</SortID>
      <UnkC8>プロパティ編集</UnkC8>
    </Field>
    <Field Def="s16 IndexRefParamID">
      <DisplayName>インデックス参照パラメータ</DisplayName>
      <Enum>MENU_PROPERTY_INDEXREF_PARAM_ID</Enum>
      <Minimum>-1</Minimum>
      <Maximum>999999999</Maximum>
      <SortID>800</SortID>
    </Field>
    <Field Def="u8 ExtractedParamOperaion">
      <DisplayName>抽出パラ演算</DisplayName>
      <Enum>MENU_PROPERTY_EXTRACTED_PARAM_OPERATION_TYPE</Enum>
      <Description>抽出パラ0 と 抽出パラ1 の演算</Description>
      <SortID>9</SortID>
    </Field>
    <Field Def="dummy8 reserved1[15]">
      <DisplayName>予約</DisplayName>
      <Description>----</Description>
      <DisplayFormat>%d</DisplayFormat>
      <EditFlags>Wrap</EditFlags>
      <SortID>801</SortID>
      <UnkC8>パディング</UnkC8>
    </Field>
    <Field Def="s32 EditParam2">
      <DisplayName>パラメータ2</DisplayName>
      <Description>スライダー：増減値</Description>
      <Minimum>-999999999</Minimum>
      <Maximum>999999999</Maximum>
      <SortID>153</SortID>
      <UnkC8>プロパティ編集</UnkC8>
    </Field>
    <Field Def="s32 EditParam0">
      <DisplayName>パラメータ0</DisplayName>
      <Description>スライダー：最小値　その他：使用しない</Description>
      <Minimum>-999999999</Minimum>
      <Maximum>999999999</Maximum>
      <SortID>151</SortID>
      <UnkC8>プロパティ編集</UnkC8>
    </Field>
    <Field Def="s32 EditParam1">
      <DisplayName>パラメータ1</DisplayName>
      <Description>スライダー：最大値</Description>
      <Minimum>-999999999</Minimum>
      <Maximum>999999999</Maximum>
      <SortID>152</SortID>
      <UnkC8>プロパティ編集</UnkC8>
    </Field>
    <Field Def="u16 extract0_Target">
      <DisplayName>対象</DisplayName>
      <Enum>MENU_PROPERTY_EXTRACT_TARGET_TYPE</Enum>
      <Description>抽出対象パラメータ</Description>
      <UnkB8>ExtractParam0</UnkB8>
      <UnkC0>EXTRACT_PARAM</UnkC0>
      <UnkC8>抽出パラメータ0</UnkC8>
    </Field>
    <Field Def="u8 extract0_MemberType">
      <DisplayName>型</DisplayName>
      <Enum>MENU_PROPERTY_EXTRACT_PRIMITIVE_TYPE</Enum>
      <Description>抽出型(数式で自動入力するので編集厳禁)</Description>
      <SortID>2</SortID>
      <UnkB8>ExtractParam0</UnkB8>
      <UnkC0>EXTRACT_PARAM</UnkC0>
      <UnkC8>抽出パラメータ0</UnkC8>
    </Field>
    <Field Def="u8 extract0_Operation">
      <DisplayName>補正式</DisplayName>
      <Enum>MENU_PROPERTY_EXTRACT_OPERATION_TYPE</Enum>
      <Description>抽出したパラメータの補正方法</Description>
      <SortID>3</SortID>
      <UnkB8>ExtractParam0</UnkB8>
      <UnkC0>EXTRACT_PARAM</UnkC0>
      <UnkC8>抽出パラメータ0</UnkC8>
    </Field>
    <Field Def="s32 extract0_MemberTailOffset = -1">
      <DisplayName>位置</DisplayName>
      <Description>抽出位置(数式で自動入力するので編集厳禁)</Description>
      <Minimum>-1</Minimum>
      <Maximum>999999999</Maximum>
      <SortID>1</SortID>
      <UnkB8>ExtractParam0</UnkB8>
      <UnkC0>EXTRACT_PARAM</UnkC0>
      <UnkC8>抽出パラメータ0</UnkC8>
    </Field>
    <Field Def="f32 extract0_Constant0">
      <DisplayName>補正用定数0</DisplayName>
      <Description>抽出したパラメータの補正用定数0</Description>
      <Minimum>-1E+09</Minimum>
      <Maximum>1E+09</Maximum>
      <Increment>1</Increment>
      <SortID>4</SortID>
      <UnkB8>ExtractParam0</UnkB8>
      <UnkC0>EXTRACT_PARAM</UnkC0>
      <UnkC8>抽出パラメータ0</UnkC8>
    </Field>
    <Field Def="f32 extract0_Constant1">
      <DisplayName>補正用定数1</DisplayName>
      <Description>抽出したパラメータの補正用定数1</Description>
      <Minimum>-1E+09</Minimum>
      <Maximum>1E+09</Maximum>
      <Increment>1</Increment>
      <SortID>5</SortID>
      <UnkB8>ExtractParam0</UnkB8>
      <UnkC0>EXTRACT_PARAM</UnkC0>
      <UnkC8>抽出パラメータ0</UnkC8>
    </Field>
    <Field Def="dummy8 extract0_reserved[4]">
      <DisplayName>予約</DisplayName>
      <Description>----</Description>
      <DisplayFormat>%d</DisplayFormat>
      <EditFlags>Wrap</EditFlags>
      <SortID>802</SortID>
      <UnkB8>ExtractParam0</UnkB8>
      <UnkC0>EXTRACT_PARAM</UnkC0>
      <UnkC8>パディング</UnkC8>
    </Field>
    <Field Def="u16 extract1_Target">
      <DisplayName>対象</DisplayName>
      <Enum>MENU_PROPERTY_EXTRACT_TARGET_TYPE</Enum>
      <Description>抽出対象パラメータ</Description>
      <SortID>10</SortID>
      <UnkB8>ExtractParam1</UnkB8>
      <UnkC0>EXTRACT_PARAM</UnkC0>
      <UnkC8>抽出パラメータ1</UnkC8>
    </Field>
    <Field Def="u8 extract1_MemberType">
      <DisplayName>型</DisplayName>
      <Enum>MENU_PROPERTY_EXTRACT_PRIMITIVE_TYPE</Enum>
      <Description>抽出型(数式で自動入力するので編集厳禁)</Description>
      <SortID>12</SortID>
      <UnkB8>ExtractParam1</UnkB8>
      <UnkC0>EXTRACT_PARAM</UnkC0>
      <UnkC8>抽出パラメータ1</UnkC8>
    </Field>
    <Field Def="u8 extract1_Operation">
      <DisplayName>補正式</DisplayName>
      <Enum>MENU_PROPERTY_EXTRACT_OPERATION_TYPE</Enum>
      <Description>抽出したパラメータの補正方法</Description>
      <SortID>13</SortID>
      <UnkB8>ExtractParam1</UnkB8>
      <UnkC0>EXTRACT_PARAM</UnkC0>
      <UnkC8>抽出パラメータ1</UnkC8>
    </Field>
    <Field Def="s32 extract1_MemberTailOffset = -1">
      <DisplayName>位置</DisplayName>
      <Description>抽出位置(数式で自動入力するので編集厳禁)</Description>
      <Minimum>-1</Minimum>
      <Maximum>999999999</Maximum>
      <SortID>11</SortID>
      <UnkB8>ExtractParam1</UnkB8>
      <UnkC0>EXTRACT_PARAM</UnkC0>
      <UnkC8>抽出パラメータ1</UnkC8>
    </Field>
    <Field Def="f32 extract1_Constant0">
      <DisplayName>補正用定数0</DisplayName>
      <Description>抽出したパラメータの補正用定数0</Description>
      <Minimum>-1E+09</Minimum>
      <Maximum>1E+09</Maximum>
      <Increment>1</Increment>
      <SortID>14</SortID>
      <UnkB8>ExtractParam1</UnkB8>
      <UnkC0>EXTRACT_PARAM</UnkC0>
      <UnkC8>抽出パラメータ1</UnkC8>
    </Field>
    <Field Def="f32 extract1_Constant1">
      <DisplayName>補正用定数1</DisplayName>
      <Description>抽出したパラメータの補正用定数1</Description>
      <Minimum>-1E+09</Minimum>
      <Maximum>1E+09</Maximum>
      <Increment>1</Increment>
      <SortID>15</SortID>
      <UnkB8>ExtractParam1</UnkB8>
      <UnkC0>EXTRACT_PARAM</UnkC0>
      <UnkC8>抽出パラメータ1</UnkC8>
    </Field>
    <Field Def="dummy8 extract1_reserved[4]">
      <DisplayName>予約</DisplayName>
      <Description>----</Description>
      <DisplayFormat>%d</DisplayFormat>
      <EditFlags>Wrap</EditFlags>
      <SortID>803</SortID>
      <UnkB8>ExtractParam1</UnkB8>
      <UnkC0>EXTRACT_PARAM</UnkC0>
      <UnkC8>パディング</UnkC8>
    </Field>
  </Fields>
</PARAMDEF>