﻿<?xml version="1.0" encoding="utf-8"?>
<PARAMDEF XmlVersion="3">
  <ParamType>MENU_PARTS_MODEL_REND_PARAM_ST</ParamType>
  <DataVersion>1</DataVersion>
  <BigEndian>False</BigEndian>
  <Unicode>True</Unicode>
  <FormatVersion>203</FormatVersion>
  <Fields>
    <Field Def="s16 initModelDegX">
      <DisplayName>モデル初期角度X</DisplayName>
      <Description>モデルの初期角度X軸</Description>
      <DisplayFormat>%f</DisplayFormat>
      <Minimum>-180</Minimum>
      <Maximum>180</Maximum>
      <SortID>1</SortID>
    </Field>
    <Field Def="s16 initModelDegY">
      <DisplayName>モデル初期角度Y</DisplayName>
      <Description>モデルの初期角度Y軸</Description>
      <DisplayFormat>%f</DisplayFormat>
      <Minimum>-180</Minimum>
      <Maximum>180</Maximum>
      <SortID>2</SortID>
    </Field>
  </Fields>
</PARAMDEF>