﻿<?xml version="1.0" encoding="utf-8"?>
<PARAMDEF XmlVersion="3">
  <ParamType>MENU_ERRORHANDLING_PARAM</ParamType>
  <DataVersion>1</DataVersion>
  <BigEndian>False</BigEndian>
  <Unicode>True</Unicode>
  <FormatVersion>203</FormatVersion>
  <Fields>
    <Field Def="s32 ErrorCode">
      <DisplayName>エラーコード</DisplayName>
      <Enum>MENU_ERRORHANDLING_PARAM_ERROR_CODE</Enum>
      <Description>エラーコード</Description>
      <Maximum>1</Maximum>
      <SortID>100</SortID>
    </Field>
    <Field Def="s32 MsgID">
      <DisplayName>メッセージID</DisplayName>
      <Description>エラーメッセージのID</Description>
      <Minimum>0</Minimum>
      <Maximum>999999999</Maximum>
      <SortID>201</SortID>
      <UnkC8>エラーメッセージ</UnkC8>
    </Field>
    <Field Def="s16 MsgCategory">
      <DisplayName>カテゴリ</DisplayName>
      <Enum>MSGBOX_MSG_CATE</Enum>
      <Description>エラーメッセージのカテゴリ</Description>
      <Minimum>0</Minimum>
      <Maximum>999</Maximum>
      <SortID>200</SortID>
      <UnkC8>エラーメッセージ</UnkC8>
    </Field>
    <Field Def="dummy8 reserved[22]">
      <DisplayName>----</DisplayName>
      <Description>予約</Description>
      <DisplayFormat>%d</DisplayFormat>
      <EditFlags>Wrap</EditFlags>
      <SortID>202</SortID>
    </Field>
  </Fields>
</PARAMDEF>