﻿<?xml version="1.0" encoding="utf-8"?>
<PARAMDEF XmlVersion="3">
  <ParamType>MENU_PARAM_ST</ParamType>
  <DataVersion>1</DataVersion>
  <BigEndian>False</BigEndian>
  <Unicode>True</Unicode>
  <FormatVersion>203</FormatVersion>
  <Fields>
    <Field Def="f32 SoloPlayDeath_ToFadeOutTime = 2.5">
      <DisplayName>ソロプレイ死亡時フェードアウト開始時間[秒]</DisplayName>
      <Description>ソロプレイ死亡時で「YOU DIED」表示後、何秒経過したらフェードアウトを開始するか</Description>
      <DisplayFormat>%.2f</DisplayFormat>
      <EditFlags>None</EditFlags>
      <Minimum>0</Minimum>
      <Maximum>99</Maximum>
      <Increment>0.1</Increment>
      <SortID>10</SortID>
    </Field>
    <Field Def="f32 PartyGhostDeath_ToFadeOutTime = 2">
      <DisplayName>ホワイト、ブラックゴースト死亡時フェードアウト開始時間[秒]</DisplayName>
      <Description>ホワイト、ブラックゴースト死亡時で「YOU DIED」表示後、何秒経過したらフェードアウトを開始するか</Description>
      <DisplayFormat>%.2f</DisplayFormat>
      <EditFlags>None</EditFlags>
      <Minimum>0</Minimum>
      <Maximum>99</Maximum>
      <Increment>0.1</Increment>
      <SortID>20</SortID>
    </Field>
    <Field Def="s32 PlayerMaxHpLimit = 2500">
      <DisplayName>プレイヤー最大HPの上限</DisplayName>
      <Description>HPゲージ表示の際に、リソースで用意されたゲージの長さの何％を使うかを算出するために使われます。</Description>
      <EditFlags>None</EditFlags>
      <Minimum>0</Minimum>
      <Maximum>99999</Maximum>
      <SortID>30</SortID>
    </Field>
    <Field Def="s32 PlayerMaxMpLimit = 820">
      <DisplayName>プレイヤー最大MPの上限</DisplayName>
      <Description>MPゲージ表示の際に、リソースで用意されたゲージの長さの何％を使うかを算出するために使われます。</Description>
      <EditFlags>None</EditFlags>
      <Minimum>0</Minimum>
      <Maximum>99999</Maximum>
      <SortID>40</SortID>
    </Field>
    <Field Def="s32 PlayerMaxSpLimit = 609">
      <DisplayName>プレイヤー最大SPの上限</DisplayName>
      <Description>SPゲージ表示の際に、リソースで用意されたゲージの長さの何％を使うかを算出するために使われます。</Description>
      <EditFlags>None</EditFlags>
      <Minimum>0</Minimum>
      <Maximum>99999</Maximum>
      <SortID>50</SortID>
    </Field>
    <Field Def="f32 ActionPanelChangeThreshold_Vel = 0.5">
      <DisplayName>アクションパネル切り替え判定_プレイヤー速度[m/sec]</DisplayName>
      <Description>アクションパネル切り替え可能なプレイヤーの速度。この速度以下なら切り替え可能</Description>
      <DisplayFormat>%.2f</DisplayFormat>
      <EditFlags>None</EditFlags>
      <Minimum>0</Minimum>
      <Maximum>1E+09</Maximum>
      <SortID>60</SortID>
    </Field>
    <Field Def="f32 ActionPanelChangeThreshold_PassTime">
      <DisplayName>アクションパネル切り替え判定_プレイヤー速度判定時間[sec]</DisplayName>
      <Description>アクションパネル切り替え可能なプレイヤーの速度を出すための考慮時間。この時間の平均速度を使う(システム的に最大４秒)</Description>
      <DisplayFormat>%.2f</DisplayFormat>
      <EditFlags>None</EditFlags>
      <Minimum>0</Minimum>
      <Maximum>4</Maximum>
      <SortID>70</SortID>
    </Field>
    <Field Def="s32 PlayerMaxAddHp">
      <DisplayName>ゲージ長計算時にプレイヤー最大HPに加算する値</DisplayName>
      <Description>リソースで用意されたゲージ長の何％を使うかを計算する際に、プレイヤー最大HPに加算する値</Description>
      <EditFlags>None</EditFlags>
      <Minimum>-999999999</Minimum>
      <Maximum>999999999</Maximum>
      <SortID>80</SortID>
    </Field>
    <Field Def="s32 PlayerMaxAddMp">
      <DisplayName>ゲージ長計算時にプレイヤー最大MPに加算する値</DisplayName>
      <Description>リソースで用意されたゲージ長の何％を使うかを計算する際に、プレイヤー最大MPに加算する値</Description>
      <EditFlags>None</EditFlags>
      <Minimum>-999999999</Minimum>
      <Maximum>999999999</Maximum>
      <SortID>90</SortID>
    </Field>
    <Field Def="s32 PlayerMaxAddSp">
      <DisplayName>ゲージ長計算時にプレイヤー最大SPに加算する値</DisplayName>
      <Description>リソースで用意されたゲージ長の何％を使うかを計算する際に、プレイヤー最大SPに加算する値</Description>
      <EditFlags>None</EditFlags>
      <Minimum>-999999999</Minimum>
      <Maximum>999999999</Maximum>
      <SortID>100</SortID>
    </Field>
    <Field Def="s32 DecalPosOffsetX = -8">
      <DisplayName>デカールオフセット（左右）</DisplayName>
      <Description>デカールの表示位置オフセット左右方向</Description>
      <EditFlags>None</EditFlags>
      <Minimum>-255</Minimum>
      <Maximum>255</Maximum>
      <SortID>110</SortID>
    </Field>
    <Field Def="s32 DecalPosOffsetY = 40">
      <DisplayName>デカールオフセット（上下）</DisplayName>
      <Description>デカールの表示位置オフセット上下方向</Description>
      <EditFlags>None</EditFlags>
      <Minimum>-255</Minimum>
      <Maximum>255</Maximum>
      <SortID>120</SortID>
    </Field>
    <Field Def="f32 TargetStateSearchDurationTime = 2">
      <DisplayName>見つかりそうFE：Searchアイコンの表示時間[秒]</DisplayName>
      <Description>見つかりそうFEのSearchアイコンがフェードインし始めてから、フェードアウトされ始めるまでの秒数</Description>
      <DisplayFormat>%.2f</DisplayFormat>
      <EditFlags>None</EditFlags>
      <Minimum>0</Minimum>
      <Maximum>99</Maximum>
      <Increment>0.1</Increment>
      <SortID>130</SortID>
    </Field>
    <Field Def="f32 TargetStateBattleDurationTime = 2">
      <DisplayName>見つかりそうFE：Battleアイコンの表示時間[秒]</DisplayName>
      <Description>見つかりそうFEのBattleアイコンがフェードインし始めてから、フェードアウトされ始めるまでの秒数</Description>
      <DisplayFormat>%.2f</DisplayFormat>
      <EditFlags>None</EditFlags>
      <Minimum>0</Minimum>
      <Maximum>99</Maximum>
      <Increment>0.1</Increment>
      <SortID>140</SortID>
    </Field>
    <Field Def="f32 VolatilizeFadeBeginSec = 1">
      <DisplayName>FE：瞬間衝撃ゲージフェード時間[秒]</DisplayName>
      <Description>FE：瞬間衝撃ゲージフェード時間[秒]</Description>
      <DisplayFormat>%.2f</DisplayFormat>
      <EditFlags>None</EditFlags>
      <Minimum>0.01</Minimum>
      <Maximum>1.5</Maximum>
      <SortID>550</SortID>
    </Field>
    <Field Def="s32 MakerRendRangeWidth = 1600">
      <DisplayName>マーカーの描画範囲幅（FullHD準拠）</DisplayName>
      <Description>1920の内どの範囲内で描画するのかの定義</Description>
      <EditFlags>None</EditFlags>
      <Minimum>0</Minimum>
      <Maximum>1920</Maximum>
      <SortID>150</SortID>
    </Field>
    <Field Def="s32 MakerRendRangeHeight = 900">
      <DisplayName>マーカーの描画範囲高（FullHD準拠）</DisplayName>
      <Description>1080の内どの範囲内で描画するのかの定義</Description>
      <EditFlags>None</EditFlags>
      <Minimum>0</Minimum>
      <Maximum>1080</Maximum>
      <SortID>160</SortID>
    </Field>
    <Field Def="f32 HpBarFadeOutTime = 1.5">
      <DisplayName>体力バーのフェードアウト開始時間[秒]</DisplayName>
      <Description>体力バー表示後、何秒経過したら体力バーをフェードアウト開始するか</Description>
      <DisplayFormat>%.2f</DisplayFormat>
      <EditFlags>None</EditFlags>
      <Minimum>0</Minimum>
      <Maximum>99</Maximum>
      <Increment>0.1</Increment>
      <SortID>170</SortID>
    </Field>
    <Field Def="f32 ZeroHpBarFadeOutTime">
      <DisplayName>体力0になった時の体力バーフェードアウト開始時間[秒]</DisplayName>
      <Description>体力が0になってから、何秒経過したら体力バーをフェードアウト開始するか</Description>
      <DisplayFormat>%.2f</DisplayFormat>
      <EditFlags>None</EditFlags>
      <Minimum>0</Minimum>
      <Maximum>99</Maximum>
      <Increment>0.1</Increment>
      <SortID>180</SortID>
    </Field>
    <Field Def="f32 HitFEViewTime">
      <DisplayName>ヒットFE表示時間[sec]</DisplayName>
      <Description>攻撃ヒット時FEを表示し続ける時間[sec]</Description>
      <DisplayFormat>%.2f</DisplayFormat>
      <EditFlags>None</EditFlags>
      <Minimum>0</Minimum>
      <Maximum>99</Maximum>
      <Increment>0.1</Increment>
      <SortID>190</SortID>
    </Field>
    <Field Def="f32 HackingGaugeFadeOutTime">
      <DisplayName>ハッキングバーのフェードアウト開始時間[秒] </DisplayName>
      <Description>ハッキングできなくなってから、何秒経過したらハッキングバーをフェードアウト開始するか </Description>
      <DisplayFormat>%.2f</DisplayFormat>
      <EditFlags>None</EditFlags>
      <Minimum>0</Minimum>
      <Maximum>99</Maximum>
      <Increment>0.1</Increment>
      <SortID>200</SortID>
    </Field>
    <Field Def="f32 VolatilizeCombineSec = 0.3">
      <DisplayName>FE：瞬間衝撃ゲージ結合時間[秒]</DisplayName>
      <Description>FE：瞬間衝撃ゲージ結合時間[秒]</Description>
      <DisplayFormat>%.2f</DisplayFormat>
      <EditFlags>None</EditFlags>
      <Minimum>0.01</Minimum>
      <Maximum>1.5</Maximum>
      <SortID>551</SortID>
    </Field>
    <Field Def="f32 MiniMap_WorldDispRange = 700">
      <DisplayName>ミニマップ：ワールド表示範囲[m]</DisplayName>
      <Description>ミニマップ：ワールド表示範囲</Description>
      <DisplayFormat>%.f</DisplayFormat>
      <EditFlags>None</EditFlags>
      <Minimum>1</Minimum>
      <Maximum>999999</Maximum>
      <Increment>1</Increment>
      <SortID>300</SortID>
    </Field>
    <Field Def="f32 MiniMap_RaderRange = 100">
      <DisplayName>ミニマップ：レーダーの範囲[m]</DisplayName>
      <Description>ミニマップ：レーダーの範囲（仮なのであとで正式な場所に移動予定）</Description>
      <DisplayFormat>%.f</DisplayFormat>
      <EditFlags>None</EditFlags>
      <Minimum>0</Minimum>
      <Maximum>999999</Maximum>
      <Increment>1</Increment>
      <SortID>310</SortID>
    </Field>
    <Field Def="f32 EnemyLooksLikeSABreakThreshold">
      <DisplayName>SAブレイクしそうFE閾値</DisplayName>
      <Description>SAブレイクしそうFEを出すSA値の閾値(割合)</Description>
      <DisplayFormat>%.2f</DisplayFormat>
      <EditFlags>None</EditFlags>
      <Minimum>0</Minimum>
      <Maximum>1</Maximum>
      <SortID>400</SortID>
    </Field>
    <Field Def="f32 CamLockInterpolationFactor">
      <DisplayName>カメラ固定時補間係数</DisplayName>
      <Description>カメラ固定時のロックサイト移動補完に使う係数。1秒かけて移動する補完を何倍早くするか</Description>
      <DisplayFormat>%.2f</DisplayFormat>
      <EditFlags>None</EditFlags>
      <Minimum>0</Minimum>
      <Maximum>999</Maximum>
      <Increment>0.1</Increment>
      <SortID>600</SortID>
    </Field>
    <Field Def="f32 CamUnlockInterpolationFactor">
      <DisplayName>カメラ固定解除時補間係数</DisplayName>
      <Description>カメラ固定解除時のロックサイト移動補完に使う係数。1秒かけて移動する補完を何倍早くするか</Description>
      <DisplayFormat>%.2f</DisplayFormat>
      <EditFlags>None</EditFlags>
      <Minimum>0</Minimum>
      <Maximum>999</Maximum>
      <Increment>0.1</Increment>
      <SortID>601</SortID>
    </Field>
    <Field Def="f32 EnemySearchIconFadeOutTime">
      <DisplayName>索敵FE_探知状態フェードアウト時間[sec] </DisplayName>
      <Description>敵頭上の索敵FEの表示条件が満たされなくなってから、FEをフェードアウトさせる時間[sec] </Description>
      <DisplayFormat>%.2f</DisplayFormat>
      <EditFlags>None</EditFlags>
      <Minimum>0</Minimum>
      <Maximum>99</Maximum>
      <Increment>0.1</Increment>
      <SortID>610</SortID>
    </Field>
    <Field Def="f32 LockSite_DisableLockDistance">
      <DisplayName>補完を行なわない、ロックサイトの現在位置と目標位置の画面座標上の距離</DisplayName>
      <Description>ロックサイトの現在位置と目標位置が、この距離以内であれば補完を行なわない（目標位置へ移動せずとどまる）</Description>
      <DisplayFormat>%.2f</DisplayFormat>
      <EditFlags>None</EditFlags>
      <Minimum>-1</Minimum>
      <Maximum>999</Maximum>
      <Increment>0.1</Increment>
      <SortID>700</SortID>
    </Field>
    <Field Def="f32 GetSoulAnimStartTime">
      <DisplayName>ソウル取得アニメを開始する時間[sec]</DisplayName>
      <Description>最後にソウルを取得してから、この時間経過するとソウル取アニメを開始する[sec]</Description>
      <DisplayFormat>%.2f</DisplayFormat>
      <EditFlags>None</EditFlags>
      <Minimum>0</Minimum>
      <Maximum>999</Maximum>
      <Increment>0.1</Increment>
      <SortID>750</SortID>
    </Field>
    <Field Def="f32 DangerFEViewTime">
      <DisplayName>被弾時のDanger表示時間[sec]</DisplayName>
      <Description>被弾時に表示するDangerの表示時間[sec]</Description>
      <DisplayFormat>%.2f</DisplayFormat>
      <EditFlags>None</EditFlags>
      <Minimum>0</Minimum>
      <Maximum>999</Maximum>
      <Increment>0.1</Increment>
      <SortID>800</SortID>
    </Field>
    <Field Def="u8 TosScrollSpeed_Normal = 20">
      <DisplayName>利用規約：通常スクロール量[px]</DisplayName>
      <Description>利用規約：通常スクロール量[px]</Description>
      <EditFlags>None</EditFlags>
      <Minimum>1</Minimum>
      <SortID>1000</SortID>
    </Field>
    <Field Def="u8 TosScrollSpeed_Fast = 100">
      <DisplayName>利用規約：高速スクロール量[px]</DisplayName>
      <Description>利用規約：高速スクロール量[px]</Description>
      <EditFlags>None</EditFlags>
      <Minimum>1</Minimum>
      <SortID>1001</SortID>
    </Field>
    <Field Def="u8 TosScrollSpeed_Mouse = 20">
      <DisplayName>利用規約：ホイールスクロール量[px]</DisplayName>
      <Description>利用規約：ホイールスクロール量[px]</Description>
      <EditFlags>None</EditFlags>
      <Minimum>1</Minimum>
      <SortID>1002</SortID>
    </Field>
    <Field Def="u8 TosFastScrollCount = 10">
      <DisplayName>利用規約：高速化スクロール回数</DisplayName>
      <Description>利用規約：高速化スクロール回数</Description>
      <EditFlags>None</EditFlags>
      <Minimum>1</Minimum>
      <SortID>1003</SortID>
    </Field>
    <Field Def="f32 PreOpeningMovie_WaitSec = 3.5">
      <DisplayName>OPムービー前のウェイト[sec]</DisplayName>
      <Description>OPムービー再生前のウェイト時間。＞SEQ 15261</Description>
      <DisplayFormat>%.2f</DisplayFormat>
      <EditFlags>None</EditFlags>
      <Minimum>0</Minimum>
      <Maximum>99</Maximum>
      <SortID>330</SortID>
    </Field>
    <Field Def="f32 StaffRoll_PlaySec = 120">
      <DisplayName>スタッフロールの再生時間[sec]</DisplayName>
      <Description>スタッフロールの再生時間[sec]</Description>
      <DisplayFormat>%.2f</DisplayFormat>
      <EditFlags>None</EditFlags>
      <Minimum>1</Minimum>
      <Maximum>9999</Maximum>
      <SortID>340</SortID>
    </Field>
    <Field Def="f32 MIniMap3D_PlayerIconScale = 1">
      <DisplayName>3Dミニマップ：プレイヤースケール</DisplayName>
      <Description>3Dミニマップで表示するプレイヤーアイコンのスケール値</Description>
      <DisplayFormat>%.2f</DisplayFormat>
      <EditFlags>None</EditFlags>
      <Minimum>0</Minimum>
      <Maximum>100</Maximum>
      <SortID>500</SortID>
    </Field>
    <Field Def="f32 MIniMap3D_TargetSpotIconScale = 1">
      <DisplayName>3Dミニマップ：目的地スケール</DisplayName>
      <Description>3Dミニマップで表示する目的地アイコンのスケール値</Description>
      <DisplayFormat>%.2f</DisplayFormat>
      <EditFlags>None</EditFlags>
      <Minimum>0</Minimum>
      <Maximum>100</Maximum>
      <SortID>501</SortID>
    </Field>
    <Field Def="f32 MIniMap3D_EnemyIconScale = 1">
      <DisplayName>3Dミニマップ：敵スケール</DisplayName>
      <Description>3Dミニマップで表示する敵アイコンのスケール値</Description>
      <DisplayFormat>%.2f</DisplayFormat>
      <EditFlags>None</EditFlags>
      <Minimum>0</Minimum>
      <Maximum>100</Maximum>
      <SortID>502</SortID>
    </Field>
    <Field Def="f32 MIniMap3D_RaderIconScale = 1">
      <DisplayName>3Dミニマップ：レーダースケール</DisplayName>
      <Description>3Dミニマップで表示するレーダーアイコンのスケール値</Description>
      <DisplayFormat>%.2f</DisplayFormat>
      <EditFlags>None</EditFlags>
      <Minimum>0</Minimum>
      <Maximum>100</Maximum>
      <SortID>503</SortID>
    </Field>
    <Field Def="f32 MIniMap3D_MissionRegionHeight = 100">
      <DisplayName>3Dミニマップ：作戦領域高さスケール</DisplayName>
      <Description>3Dミニマップで表示する作戦領域の高さのスケール値</Description>
      <DisplayFormat>%.2f</DisplayFormat>
      <EditFlags>None</EditFlags>
      <Minimum>0</Minimum>
      <Maximum>10000</Maximum>
      <SortID>504</SortID>
    </Field>
    <Field Def="f32 MIniMap3D_MaintenancePointIconScale = 1">
      <DisplayName>3Dミニマップ：補給ポイントスケール</DisplayName>
      <Description>3Dミニマップで表示する補給ポイントアイコンのスケール値</Description>
      <DisplayFormat>%.2f</DisplayFormat>
      <EditFlags>None</EditFlags>
      <Minimum>0</Minimum>
      <Maximum>100</Maximum>
      <SortID>505</SortID>
    </Field>
    <Field Def="f32 MIniMap3D_CatapultIconScale = 1">
      <DisplayName>3Dミニマップ：カタパルトスケール</DisplayName>
      <Description>3Dミニマップで表示するカタパルトポイントアイコンのスケール値</Description>
      <DisplayFormat>%.2f</DisplayFormat>
      <EditFlags>None</EditFlags>
      <Minimum>0</Minimum>
      <Maximum>100</Maximum>
      <SortID>506</SortID>
    </Field>
    <Field Def="f32 MIniMap3D_RouteIconScale = 1">
      <DisplayName>3Dミニマップ：ルートスケール</DisplayName>
      <Description>3Dミニマップで表示するルートアイコンのスケール値</Description>
      <DisplayFormat>%.2f</DisplayFormat>
      <EditFlags>None</EditFlags>
      <Minimum>0</Minimum>
      <Maximum>100</Maximum>
      <SortID>507</SortID>
    </Field>
    <Field Def="f32 FE_MissionLine_FadeInTime = 0.01">
      <DisplayName>FE：作戦ラインフェードイン時間[s]</DisplayName>
      <Description>作戦ライン箇所から離れたさいの表示するまでの時間</Description>
      <DisplayFormat>%.2f</DisplayFormat>
      <EditFlags>None</EditFlags>
      <Minimum>0.01</Minimum>
      <Maximum>10</Maximum>
      <SortID>518</SortID>
    </Field>
    <Field Def="s32 FE_MissionRegionSfxId">
      <DisplayName>FE：作戦領域線SfxId</DisplayName>
      <Description>作戦領域の線のSFXID</Description>
      <EditFlags>None</EditFlags>
      <Minimum>0</Minimum>
      <Maximum>99999999</Maximum>
      <SortID>509</SortID>
    </Field>
    <Field Def="f32 FE_MissionRegionStartLineDist = 500">
      <DisplayName>FE：作戦領域線表示開始距離[m]</DisplayName>
      <Description>作戦領域の線が表示されるまでの距離[m]</Description>
      <DisplayFormat>%.2f</DisplayFormat>
      <EditFlags>None</EditFlags>
      <Minimum>0</Minimum>
      <Maximum>99999</Maximum>
      <Increment>0</Increment>
      <SortID>510</SortID>
    </Field>
    <Field Def="f32 FE_MissionRegionLineDist = 500">
      <DisplayName>FE：作戦領域線表示距離[m]</DisplayName>
      <Description>作戦領域の線の色が変わる距離[m]</Description>
      <DisplayFormat>%.2f</DisplayFormat>
      <EditFlags>None</EditFlags>
      <Minimum>0</Minimum>
      <Maximum>99999</Maximum>
      <Increment>0</Increment>
      <SortID>511</SortID>
    </Field>
    <Field Def="f32 FE_MissionRegionLineHeight = 3">
      <DisplayName>FE：作戦領域線縦幅[m]</DisplayName>
      <Description>作戦領域線の縦幅</Description>
      <DisplayFormat>%.2f</DisplayFormat>
      <EditFlags>None</EditFlags>
      <Minimum>0</Minimum>
      <Maximum>1000</Maximum>
      <Increment>0</Increment>
      <SortID>512</SortID>
    </Field>
    <Field Def="f32 FE_MissionRegionLineTexTile = 10">
      <DisplayName>FE：作戦領域線タイリングスケール[m]</DisplayName>
      <Description>この値で１タイリング</Description>
      <DisplayFormat>%.2f</DisplayFormat>
      <EditFlags>None</EditFlags>
      <Minimum>0.1</Minimum>
      <Maximum>1000</Maximum>
      <Increment>0.1</Increment>
      <SortID>513</SortID>
    </Field>
    <Field Def="f32 FE_MissionRegionLineHeightOffset = 5">
      <DisplayName>FE：作戦領域線高さオフセット[m]</DisplayName>
      <Description>作戦領域線表示するさいｎ</Description>
      <DisplayFormat>%.2f</DisplayFormat>
      <EditFlags>None</EditFlags>
      <Minimum>-100</Minimum>
      <Maximum>100</Maximum>
      <Increment>0.1</Increment>
      <SortID>514</SortID>
    </Field>
    <Field Def="f32 MiniMap_RepairPointAlphaBeginHeith = 800">
      <DisplayName>ミニマップ：修理ポイント透明化開始高度差[m]</DisplayName>
      <Description>ミニマップの補給、カタパルト、修理ポイントのプレイヤーとの高低差でのα開始高さ</Description>
      <DisplayFormat>%.2f</DisplayFormat>
      <EditFlags>None</EditFlags>
      <Minimum>0</Minimum>
      <Maximum>999999</Maximum>
      <Increment>1</Increment>
      <SortID>311</SortID>
    </Field>
    <Field Def="f32 MiniMap_RepairPointAlphaEndHeith = 800">
      <DisplayName>ミニマップ：修理ポイント透明化完了高度差[m]</DisplayName>
      <Description>ミニマップの補給、カタパルト、修理ポイントのプレイヤーとの高低差でのα終了高さ</Description>
      <DisplayFormat>%.2f</DisplayFormat>
      <EditFlags>None</EditFlags>
      <Minimum>0</Minimum>
      <Maximum>999999</Maximum>
      <Increment>1</Increment>
      <SortID>312</SortID>
    </Field>
    <Field Def="u8 MiniMap_RepairPointAlphaMin">
      <DisplayName>ミニマップ：修理ポイント最小α値[%]</DisplayName>
      <Description>ミニマップの補給、カタパルト、修理ポイントのプレイヤーとの高低差でのα最終値</Description>
      <EditFlags>None</EditFlags>
      <Maximum>100</Maximum>
      <SortID>313</SortID>
    </Field>
    <Field Def="u8 FE_MissionRegionLineAddBlend">
      <DisplayName>FE：作戦領域線加算ブレンドにするか</DisplayName>
      <Description>作戦領域の線を加算ブレンドで描画するか</Description>
      <EditFlags>None</EditFlags>
      <Maximum>1</Maximum>
      <SortID>521</SortID>
    </Field>
    <Field Def="u8 FE_MissionRegionLineUseSfx">
      <DisplayName>FE：作戦領域をSFXで表示するか</DisplayName>
      <Description>作戦領域の表示をSFXで表現するか</Description>
      <EditFlags>None</EditFlags>
      <Maximum>1</Maximum>
      <SortID>522</SortID>
    </Field>
    <Field Def="dummy8 pad_26[1]">
      <DisplayName>パディング</DisplayName>
      <SortID>9999</SortID>
    </Field>
    <Field Def="f32 MiniMap_ChangeInterval">
      <DisplayName>ミニマップ：表示切替間隔[sec]</DisplayName>
      <Description>マップが切り替わった際に、ミニマップの表示を切り変える間隔</Description>
      <DisplayFormat>%.2f</DisplayFormat>
      <EditFlags>None</EditFlags>
      <Minimum>0</Minimum>
      <Maximum>99.9</Maximum>
      <SortID>314</SortID>
    </Field>
    <Field Def="f32 DoubleLockSightOffset">
      <DisplayName>二丁拳銃時にロックサイトを中心位置からずらす距離（px）</DisplayName>
      <Description>二丁拳銃時にロックサイトを中心位置からずらす距離（px）</Description>
      <DisplayFormat>%.2f</DisplayFormat>
      <EditFlags>None</EditFlags>
      <Minimum>0</Minimum>
      <Maximum>9999</Maximum>
      <SortID>900</SortID>
    </Field>
    <Field Def="f32 MIniMap3D_TowerIconScale = 1">
      <DisplayName>3Dミニマップ：タワースケール</DisplayName>
      <Description>3Dミニマップで表示するタワーアイコンのスケール値</Description>
      <DisplayFormat>%.2f</DisplayFormat>
      <EditFlags>None</EditFlags>
      <Minimum>0</Minimum>
      <Maximum>100</Maximum>
      <SortID>501</SortID>
    </Field>
    <Field Def="f32 MIniMap3D_CityIconScale = 1">
      <DisplayName>3Dミニマップ：街スケール</DisplayName>
      <Description>3Dミニマップで表示する街アイコンのスケール値</Description>
      <DisplayFormat>%.2f</DisplayFormat>
      <EditFlags>None</EditFlags>
      <Minimum>0</Minimum>
      <Maximum>100</Maximum>
      <SortID>501</SortID>
    </Field>
    <Field Def="f32 MIniMap3D_ForitfiedCityIconScale = 1">
      <DisplayName>3Dミニマップ：武装都市スケール</DisplayName>
      <Description>3Dミニマップで表示する武装都市アイコンのスケール値</Description>
      <DisplayFormat>%.2f</DisplayFormat>
      <EditFlags>None</EditFlags>
      <Minimum>0</Minimum>
      <Maximum>100</Maximum>
      <SortID>501</SortID>
    </Field>
    <Field Def="f32 MIniMap3D_ColonySpotIconScale = 1">
      <DisplayName>3Dミニマップ：コロニー船スケール</DisplayName>
      <Description>3Dミニマップで表示するコロニー船アイコンのスケール値</Description>
      <DisplayFormat>%.2f</DisplayFormat>
      <EditFlags>None</EditFlags>
      <Minimum>0</Minimum>
      <Maximum>100</Maximum>
      <SortID>501</SortID>
    </Field>
    <Field Def="f32 AsmView_LensShiftLimitX = 1">
      <DisplayName>ビューモード：カメラオフセット移動可能範囲(X)</DisplayName>
      <Description>ビューモード時のモデルの移動可能範囲（X)</Description>
      <DisplayFormat>%.2f</DisplayFormat>
      <EditFlags>None</EditFlags>
      <Minimum>0</Minimum>
      <Maximum>1</Maximum>
      <SortID>9800</SortID>
    </Field>
    <Field Def="f32 AsmView_LensShiftLimitY = 1">
      <DisplayName>ビューモード：カメラオフセット移動可能範囲（Y)</DisplayName>
      <Description>ビューモード時のモデルの移動可能範囲（Y)</Description>
      <DisplayFormat>%.2f</DisplayFormat>
      <EditFlags>None</EditFlags>
      <Minimum>0</Minimum>
      <Maximum>1</Maximum>
      <SortID>9801</SortID>
    </Field>
    <Field Def="f32 DisableLockCursorAlpha = 255">
      <DisplayName>射撃不可時のロックカーソルのアルファ値</DisplayName>
      <Description>射撃不可時のロックカーソルのアルファ値</Description>
      <DisplayFormat>%.2f</DisplayFormat>
      <EditFlags>None</EditFlags>
      <Minimum>0</Minimum>
      <Maximum>255</Maximum>
      <SortID>950</SortID>
    </Field>
    <Field Def="f32 ItemGetLogAliveTime = 6">
      <DisplayName>アイテム取得ログ：１行の表示時間[sec]</DisplayName>
      <Description>１行分のログを追加してフェードアウトするまでの時間。行ごとにタイマーがある</Description>
      <DisplayFormat>%.2f</DisplayFormat>
      <EditFlags>None</EditFlags>
      <Minimum>0.01</Minimum>
      <Maximum>100</Maximum>
      <SortID>960</SortID>
    </Field>
    <Field Def="f32 PartsModelRotationInputWaitTimeSec = 5">
      <DisplayName>アセンブル：モデル回転のパッド入力無しを判定する時間[秒]</DisplayName>
      <Description>アセンブルメニューで、モデル回転のパッド入力を受けてから、操作なしと判定するまでの時間[秒]</Description>
      <DisplayFormat>%.2f</DisplayFormat>
      <EditFlags>None</EditFlags>
      <Minimum>0</Minimum>
      <Maximum>9999</Maximum>
      <SortID>970</SortID>
    </Field>
    <Field Def="s32 GrageCallSpecialEffectId = -1">
      <DisplayName>【暫定】ガレージヘリ呼び出し選択時にかける特殊効果ID</DisplayName>
      <Description>ガレージヘリ呼び出し選択時にかける特殊効果ID</Description>
      <EditFlags>None</EditFlags>
      <Minimum>-1</Minimum>
      <Maximum>999999999</Maximum>
      <SortID>980</SortID>
    </Field>
    <Field Def="u8 FE_LowHP_rate = 30">
      <DisplayName>HP少の閾値</DisplayName>
      <Description>残HP割合(0～100)が少ない と判定する閾値 (FE演出用)</Description>
      <EditFlags>None</EditFlags>
      <Maximum>100</Maximum>
      <SortID>9990</SortID>
    </Field>
    <Field Def="u8 FE_LowBarrier_rate = 30">
      <DisplayName>バリア少の閾値</DisplayName>
      <Description>残バリア割合(0～100)が少ない と判定する閾値 (FE演出用)</Description>
      <EditFlags>None</EditFlags>
      <Maximum>100</Maximum>
      <SortID>9991</SortID>
    </Field>
    <Field Def="dummy8 pad_998[1]">
      <DisplayName>パディング</DisplayName>
      <Description>パディング</Description>
      <DisplayFormat>%d</DisplayFormat>
      <SortID>9992</SortID>
    </Field>
    <Field Def="u8 FE_LargeDamageDetect_HP_rate = 30">
      <DisplayName>大ダメージ判定ダメージ量(％)</DisplayName>
      <Description>大ダメージと判定する閾値 (FE演出用)。↓ダメージ判定時間内に減少したHPの割合で指定</Description>
      <EditFlags>None</EditFlags>
      <Maximum>100</Maximum>
      <SortID>9993</SortID>
    </Field>
    <Field Def="f32 FE_LargeDamageDetect_CollectTime">
      <DisplayName>大ダメージ判定時間(秒)</DisplayName>
      <Description>大ダメージ判定時間</Description>
      <DisplayFormat>%.2f</DisplayFormat>
      <EditFlags>None</EditFlags>
      <Minimum>0</Minimum>
      <Maximum>9.99</Maximum>
      <SortID>9994</SortID>
    </Field>
    <Field Def="f32 Garage_FocusWaitTime">
      <DisplayName>ガレージ：フォーカスしたときにカメラアニメのウェイト時間(秒)</DisplayName>
      <Description>ガレージの項目をフォーカスしたときにカメラのアニメが開始されるまでの待機時間</Description>
      <DisplayFormat>%.2f</DisplayFormat>
      <EditFlags>None</EditFlags>
      <Minimum>0</Minimum>
      <Maximum>10</Maximum>
      <SortID>9995</SortID>
    </Field>
    <Field Def="f32 Garage_FadeTime">
      <DisplayName>ガレージ：フェード演出時間(秒)</DisplayName>
      <Description>ガレージのカメラアニメに連動してフェードする際の時間</Description>
      <DisplayFormat>%.2f</DisplayFormat>
      <EditFlags>None</EditFlags>
      <Minimum>0</Minimum>
      <Maximum>10</Maximum>
      <SortID>9996</SortID>
    </Field>
    <Field Def="f32 FE_MissionLine_Width = 10">
      <DisplayName>FE：作戦ライン表示横幅[m]</DisplayName>
      <Description>作戦ラインを表示するときの全幅</Description>
      <DisplayFormat>%.2f</DisplayFormat>
      <Minimum>0.01</Minimum>
      <Maximum>300</Maximum>
      <SortID>517</SortID>
    </Field>
    <Field Def="f32 FE_MissionLine_FadeOutTime = 0.01">
      <DisplayName>FE：作戦ラインフェードアウト時間[s]</DisplayName>
      <Description>作戦ライン箇所から離れたさいの消えるまでの時間</Description>
      <DisplayFormat>%.2f</DisplayFormat>
      <Minimum>0.01</Minimum>
      <Maximum>10</Maximum>
      <SortID>518</SortID>
    </Field>
    <Field Def="f32 FE_MissionLineWarningStartLineDist = 500">
      <DisplayName>FE：作戦ライン警告表示開始距離[m]</DisplayName>
      <Description>作戦ラインの警告線が表示されるまでの距離[m]</Description>
      <DisplayFormat>%.2f</DisplayFormat>
      <EditFlags>None</EditFlags>
      <Minimum>0</Minimum>
      <Maximum>99999</Maximum>
      <Increment>0</Increment>
      <SortID>515</SortID>
    </Field>
    <Field Def="f32 FE_MissionLineWarningLineDist = 500">
      <DisplayName>FE：作戦ライン警告表示距離[m]</DisplayName>
      <Description>作戦ラインの警告線の色が変わる距離[m]</Description>
      <DisplayFormat>%.2f</DisplayFormat>
      <EditFlags>None</EditFlags>
      <Minimum>0</Minimum>
      <Maximum>99999</Maximum>
      <Increment>0</Increment>
      <SortID>516</SortID>
    </Field>
    <Field Def="f32 Garage_CamPadWaitTime">
      <DisplayName>ガレージ：パッド入力受付待機時間(秒)</DisplayName>
      <Description>カメラを再生してからカメラのパッド入力を受け付けるまでの待機時間</Description>
      <DisplayFormat>%.2f</DisplayFormat>
      <EditFlags>None</EditFlags>
      <Minimum>0</Minimum>
      <Maximum>10</Maximum>
      <SortID>9997</SortID>
    </Field>
    <Field Def="s32 Garage_ChangeHeadPlayAnimId = -1">
      <DisplayName>ガレージ：アセンブリ変更後再生アニメ（頭）</DisplayName>
      <Description>アセンブリでヘッドパーツを変更した際に再生するアニメ</Description>
      <EditFlags>None</EditFlags>
      <Minimum>-1</Minimum>
      <Maximum>999999999</Maximum>
      <SortID>9998</SortID>
    </Field>
    <Field Def="s32 Garage_ChangeCorePlayAnimId = -1">
      <DisplayName>ガレージ：アセンブリ変更後再生アニメ（胴）</DisplayName>
      <Description>アセンブリでコアパーツを変更した際に再生するアニメ</Description>
      <EditFlags>None</EditFlags>
      <Minimum>-1</Minimum>
      <Maximum>999999999</Maximum>
      <SortID>9998</SortID>
    </Field>
    <Field Def="s32 Garage_ChangeArmPlayAnimId = -1">
      <DisplayName>ガレージ：アセンブリ変更後再生アニメ（腕）</DisplayName>
      <Description>アセンブリでアームパーツを変更した際に再生するアニメ</Description>
      <EditFlags>None</EditFlags>
      <Minimum>-1</Minimum>
      <Maximum>999999999</Maximum>
      <SortID>9998</SortID>
    </Field>
    <Field Def="s32 Garage_ChangeLegPlayAnimId = -1">
      <DisplayName>ガレージ：アセンブリ変更後再生アニメ（脚）</DisplayName>
      <Description>アセンブリでレッグパーツを変更した際に再生するアニメ</Description>
      <EditFlags>None</EditFlags>
      <Minimum>-1</Minimum>
      <Maximum>999999999</Maximum>
      <SortID>9998</SortID>
    </Field>
    <Field Def="s32 Garage_ChangePlayAnimId = -1">
      <DisplayName>ガレージ：アセンブリ変更後再生アニメ（完了時演出）</DisplayName>
      <Description>アセンブリ変更完了演出アニメ</Description>
      <EditFlags>None</EditFlags>
      <Minimum>-1</Minimum>
      <Maximum>999999999</Maximum>
      <SortID>9998</SortID>
    </Field>
    <Field Def="f32 Garage_CamPadSpeedY">
      <DisplayName>ガレージ：カメラ縦移動速度(ｍ/秒)</DisplayName>
      <Description>カメラの移動速度</Description>
      <DisplayFormat>%.2f</DisplayFormat>
      <EditFlags>None</EditFlags>
      <Minimum>0</Minimum>
      <Maximum>10</Maximum>
      <SortID>9997</SortID>
    </Field>
    <Field Def="f32 Garage_CamPadSpeedX = 1">
      <DisplayName>ガレージ：カメラ横移動スケール</DisplayName>
      <Description>カメラの移動速度レーンカメラの60フレームを引き伸ばすための倍率</Description>
      <DisplayFormat>%.2f</DisplayFormat>
      <EditFlags>None</EditFlags>
      <Minimum>0.01</Minimum>
      <Maximum>10</Maximum>
      <SortID>9997</SortID>
    </Field>
    <Field Def="f32 FE_RegionLineUpDownOffset = 5">
      <DisplayName>FE：作戦領域線上下表示オフセット[m]</DisplayName>
      <Description>作戦領域線の上下のラインの表示オフセット</Description>
      <DisplayFormat>%.2f</DisplayFormat>
      <EditFlags>None</EditFlags>
      <Minimum>-100</Minimum>
      <Maximum>100</Maximum>
      <Increment>0.1</Increment>
      <SortID>515</SortID>
    </Field>
    <Field Def="f32 FE_RegionEdgeSfxHideDist = 10">
      <DisplayName>FE：作戦領域両端SFX非表示距離[m]</DisplayName>
      <Description>作戦領域線の両端に来たときにSFXの完全非表示距離</Description>
      <DisplayFormat>%.2f</DisplayFormat>
      <EditFlags>None</EditFlags>
      <Minimum>0</Minimum>
      <Maximum>100</Maximum>
      <Increment>0.1</Increment>
      <SortID>519</SortID>
    </Field>
    <Field Def="f32 FE_RegionEdgeSfxFadeDist = 4">
      <DisplayName>FE：作戦領域両端SFXフェード距離[m]</DisplayName>
      <Description>作戦領域線の両端に来たときにSFXのフェード開始距離(このパラメータとFE：作戦領域両端SFX非表示距離[m]を足した距離からフェードスタート）</Description>
      <DisplayFormat>%.2f</DisplayFormat>
      <EditFlags>None</EditFlags>
      <Minimum>0</Minimum>
      <Maximum>100</Maximum>
      <Increment>0.1</Increment>
      <SortID>520</SortID>
    </Field>
    <Field Def="f32 FE_RegionEdgeTexWidth = 30">
      <DisplayName>FE：作戦領域テクスチャ幅[m]</DisplayName>
      <Description>作戦領域のテクスチャの表示幅</Description>
      <DisplayFormat>%.2f</DisplayFormat>
      <EditFlags>None</EditFlags>
      <Minimum>0</Minimum>
      <Maximum>100</Maximum>
      <Increment>0.1</Increment>
      <SortID>524</SortID>
    </Field>
    <Field Def="f32 FE_RegionEdgeTexHeight = 8">
      <DisplayName>FE：作戦領域テクスチャ高さ[m]</DisplayName>
      <Description>作戦領域のテクスチャの表示高さ</Description>
      <DisplayFormat>%.2f</DisplayFormat>
      <EditFlags>None</EditFlags>
      <Minimum>0</Minimum>
      <Maximum>100</Maximum>
      <Increment>0.1</Increment>
      <SortID>525</SortID>
    </Field>
    <Field Def="f32 FE_RegionEdgeTexOffsetX">
      <DisplayName>FE：作戦領域テクスチャ表示オフセットX[m]</DisplayName>
      <Description>作戦領域のテクスチャの表示位置調整オフセットX</Description>
      <DisplayFormat>%.2f</DisplayFormat>
      <EditFlags>None</EditFlags>
      <Minimum>-10</Minimum>
      <Maximum>10</Maximum>
      <Increment>0.1</Increment>
      <SortID>526</SortID>
    </Field>
    <Field Def="f32 FE_RegionEdgeTexOffsetY = -1">
      <DisplayName>FE：作戦領域テクスチャ表示オフセットY[m]</DisplayName>
      <Description>作戦領域のテクスチャの表示位置調整オフセットY</Description>
      <DisplayFormat>%.2f</DisplayFormat>
      <EditFlags>None</EditFlags>
      <Minimum>-10</Minimum>
      <Maximum>10</Maximum>
      <Increment>0.1</Increment>
      <SortID>527</SortID>
    </Field>
    <Field Def="f32 FE_Region_UpperLimitDist = 30">
      <DisplayName>FE：作戦領域上限判定距離[m]</DisplayName>
      <Description>作戦領域のマップヒットに対して天井何m付近になった時にFEに出すか</Description>
      <DisplayFormat>%.2f</DisplayFormat>
      <EditFlags>None</EditFlags>
      <Minimum>0</Minimum>
      <Maximum>1000</Maximum>
      <Increment>0.1</Increment>
      <SortID>528</SortID>
    </Field>
    <Field Def="f32 FE_Region_LowerLimitDist = 30">
      <DisplayName>FE：作戦領域下限判定距離[m]</DisplayName>
      <Description>死亡床何m付近になった時にFEに出すか</Description>
      <DisplayFormat>%.2f</DisplayFormat>
      <EditFlags>None</EditFlags>
      <Minimum>0</Minimum>
      <Maximum>1000</Maximum>
      <Increment>0.1</Increment>
      <SortID>529</SortID>
    </Field>
    <Field Def="f32 Garage_BriefingBokeTime = 0.5">
      <DisplayName>ブリーフィング：ぼかし時間</DisplayName>
      <Description>ブリーフィング再生時の背景がぼかし始めてから完全にぼける迄の時間</Description>
      <DisplayFormat>%.2f</DisplayFormat>
      <EditFlags>None</EditFlags>
      <Minimum>0</Minimum>
      <Maximum>1000</Maximum>
      <Increment>0.1</Increment>
      <SortID>8000</SortID>
    </Field>
    <Field Def="f32 Garage_BriefingBokeWaitTime = 2">
      <DisplayName>ブリーフィング：カメラアニメありのときのぼかし待機時間</DisplayName>
      <Description>ブリーフィング再生時にカメラのアニメ再生中だった場合のぼかし始めるまでの待機時間</Description>
      <DisplayFormat>%.2f</DisplayFormat>
      <EditFlags>None</EditFlags>
      <Minimum>0</Minimum>
      <Maximum>1000</Maximum>
      <Increment>0.1</Increment>
      <SortID>8010</SortID>
    </Field>
    <Field Def="f32 Garage_BriefingBokeRate = 3">
      <DisplayName>ブリーフィング：ぼかし率</DisplayName>
      <Description>ブリーフィング再生時の背景のぼかし具合</Description>
      <DisplayFormat>%.2f</DisplayFormat>
      <EditFlags>None</EditFlags>
      <Minimum>0</Minimum>
      <Maximum>10</Maximum>
      <Increment>0.1</Increment>
      <SortID>8020</SortID>
    </Field>
    <Field Def="f32 CoralFeWeak_FE_CoralScrollSpeed = -3">
      <DisplayName>FE:コーラル演出テクスチャスクロール速度</DisplayName>
      <Description>コーラルFE演出のテクスチャスクロール速度</Description>
      <DisplayFormat>%.2f</DisplayFormat>
      <EditFlags>None</EditFlags>
      <Minimum>-10</Minimum>
      <Maximum>10</Maximum>
      <SortID>2000</SortID>
      <UnkB8>CoralFeWeak</UnkB8>
      <UnkC0>CORAL_FE</UnkC0>
      <UnkC8>コーラル弱</UnkC8>
    </Field>
    <Field Def="f32 CoralFeWeak_FE_CoralDispWidth = 352">
      <DisplayName>FE:コーラル演出表示幅(FHD基準）</DisplayName>
      <Description>コーラルFE演出の左右のテクスチャの表示幅のFHD基準の幅</Description>
      <DisplayFormat>%.2f</DisplayFormat>
      <EditFlags>None</EditFlags>
      <Minimum>-500</Minimum>
      <Maximum>500</Maximum>
      <Increment>1</Increment>
      <SortID>2001</SortID>
      <UnkB8>CoralFeWeak</UnkB8>
      <UnkC0>CORAL_FE</UnkC0>
      <UnkC8>コーラル弱</UnkC8>
    </Field>
    <Field Def="f32 CoralFeWeak_FE_CoralDispFadeInTime = 0.3">
      <DisplayName>FE:コーラル演出フェードイン時間(秒）</DisplayName>
      <Description>演出が表示されるまでの時間</Description>
      <DisplayFormat>%.2f</DisplayFormat>
      <EditFlags>None</EditFlags>
      <Minimum>0.1</Minimum>
      <Maximum>3</Maximum>
      <Increment>0.1</Increment>
      <SortID>2002</SortID>
      <UnkB8>CoralFeWeak</UnkB8>
      <UnkC0>CORAL_FE</UnkC0>
      <UnkC8>コーラル弱</UnkC8>
    </Field>
    <Field Def="u8 CoralFeWeak_FE_CoralColorR = 255">
      <DisplayName>FE:コーラル演出色 R</DisplayName>
      <Description>R</Description>
      <EditFlags>None</EditFlags>
      <SortID>2003</SortID>
      <UnkB8>CoralFeWeak</UnkB8>
      <UnkC0>CORAL_FE</UnkC0>
      <UnkC8>コーラル弱</UnkC8>
    </Field>
    <Field Def="u8 CoralFeWeak_FE_CoralColorG = 255">
      <DisplayName>FE:コーラル演出色 G</DisplayName>
      <Description>G</Description>
      <EditFlags>None</EditFlags>
      <SortID>2004</SortID>
      <UnkB8>CoralFeWeak</UnkB8>
      <UnkC0>CORAL_FE</UnkC0>
      <UnkC8>コーラル弱</UnkC8>
    </Field>
    <Field Def="u8 CoralFeWeak_FE_CoralColorB = 255">
      <DisplayName>FE:コーラル演出色 B</DisplayName>
      <Description>B</Description>
      <EditFlags>None</EditFlags>
      <SortID>2005</SortID>
      <UnkB8>CoralFeWeak</UnkB8>
      <UnkC0>CORAL_FE</UnkC0>
      <UnkC8>コーラル弱</UnkC8>
    </Field>
    <Field Def="u8 CoralFeWeak_FE_CoralColorA = 255">
      <DisplayName>FE:コーラル演出色 A</DisplayName>
      <Description>A</Description>
      <EditFlags>None</EditFlags>
      <SortID>2006</SortID>
      <UnkB8>CoralFeWeak</UnkB8>
      <UnkC0>CORAL_FE</UnkC0>
      <UnkC8>コーラル弱</UnkC8>
    </Field>
    <Field Def="f32 CoralFeStrength_FE_CoralScrollSpeed = -3">
      <DisplayName>FE:コーラル演出テクスチャスクロール速度</DisplayName>
      <Description>コーラルFE演出のテクスチャスクロール速度</Description>
      <DisplayFormat>%.2f</DisplayFormat>
      <EditFlags>None</EditFlags>
      <Minimum>-10</Minimum>
      <Maximum>10</Maximum>
      <SortID>2100</SortID>
      <UnkB8>CoralFeStrength</UnkB8>
      <UnkC0>CORAL_FE</UnkC0>
      <UnkC8>コーラル強</UnkC8>
    </Field>
    <Field Def="f32 CoralFeStrength_FE_CoralDispWidth = 352">
      <DisplayName>FE:コーラル演出表示幅(FHD基準）</DisplayName>
      <Description>コーラルFE演出の左右のテクスチャの表示幅のFHD基準の幅</Description>
      <DisplayFormat>%.2f</DisplayFormat>
      <EditFlags>None</EditFlags>
      <Minimum>-500</Minimum>
      <Maximum>500</Maximum>
      <Increment>1</Increment>
      <SortID>2101</SortID>
      <UnkB8>CoralFeStrength</UnkB8>
      <UnkC0>CORAL_FE</UnkC0>
      <UnkC8>コーラル強</UnkC8>
    </Field>
    <Field Def="f32 CoralFeStrength_FE_CoralDispFadeInTime = 0.3">
      <DisplayName>FE:コーラル演出フェードイン時間(秒）</DisplayName>
      <Description>演出が表示されるまでの時間</Description>
      <DisplayFormat>%.2f</DisplayFormat>
      <EditFlags>None</EditFlags>
      <Minimum>0.1</Minimum>
      <Maximum>3</Maximum>
      <Increment>0.1</Increment>
      <SortID>2102</SortID>
      <UnkB8>CoralFeStrength</UnkB8>
      <UnkC0>CORAL_FE</UnkC0>
      <UnkC8>コーラル強</UnkC8>
    </Field>
    <Field Def="u8 CoralFeStrength_FE_CoralColorR = 255">
      <DisplayName>FE:コーラル演出色 R</DisplayName>
      <Description>R</Description>
      <EditFlags>None</EditFlags>
      <SortID>2103</SortID>
      <UnkB8>CoralFeStrength</UnkB8>
      <UnkC0>CORAL_FE</UnkC0>
      <UnkC8>コーラル強</UnkC8>
    </Field>
    <Field Def="u8 CoralFeStrength_FE_CoralColorG = 255">
      <DisplayName>FE:コーラル演出色 G</DisplayName>
      <Description>G</Description>
      <EditFlags>None</EditFlags>
      <SortID>2104</SortID>
      <UnkB8>CoralFeStrength</UnkB8>
      <UnkC0>CORAL_FE</UnkC0>
      <UnkC8>コーラル強</UnkC8>
    </Field>
    <Field Def="u8 CoralFeStrength_FE_CoralColorB = 255">
      <DisplayName>FE:コーラル演出色 B</DisplayName>
      <Description>FE_CoralDispFadeInTime</Description>
      <EditFlags>None</EditFlags>
      <SortID>2105</SortID>
      <UnkB8>CoralFeStrength</UnkB8>
      <UnkC0>CORAL_FE</UnkC0>
      <UnkC8>コーラル強</UnkC8>
    </Field>
    <Field Def="u8 CoralFeStrength_FE_CoralColorA = 255">
      <DisplayName>FE:コーラル演出色 A</DisplayName>
      <Description>A</Description>
      <EditFlags>None</EditFlags>
      <SortID>2106</SortID>
      <UnkB8>CoralFeStrength</UnkB8>
      <UnkC0>CORAL_FE</UnkC0>
      <UnkC8>コーラル強</UnkC8>
    </Field>
    <Field Def="f32 FE_VsFloatingInfo_Range = 1000">
      <DisplayName>FE：対戦メンバ：フローティング表示範囲(m)</DisplayName>
      <Description>対戦メンバ：フローティング表示範囲</Description>
      <DisplayFormat>%.0f</DisplayFormat>
      <EditFlags>None</EditFlags>
      <Minimum>0</Minimum>
      <Maximum>99999</Maximum>
      <Increment>1</Increment>
      <SortID>3000</SortID>
    </Field>
    <Field Def="f32 FE_ShowDamageAccumulationTimeSec = 0.5">
      <DisplayName>ダメージ表示累積時間[sec]</DisplayName>
      <Description>ダメージ表示の累積時間</Description>
      <DisplayFormat>%.1f</DisplayFormat>
      <EditFlags>None</EditFlags>
      <Minimum>0</Minimum>
      <Maximum>99.9</Maximum>
      <Increment>0.1</Increment>
      <SortID>190</SortID>
    </Field>
    <Field Def="dummy8 pad_end[16]">
      <DisplayName>パディング</DisplayName>
      <Description>パディング</Description>
      <DisplayFormat>%d</DisplayFormat>
      <SortID>9992</SortID>
    </Field>
  </Fields>
</PARAMDEF>