﻿<?xml version="1.0" encoding="utf-8"?>
<PARAMDEF XmlVersion="3">
  <ParamType>MISSION_PARAM_ST</ParamType>
  <DataVersion>2</DataVersion>
  <BigEndian>False</BigEndian>
  <Unicode>True</Unicode>
  <FormatVersion>203</FormatVersion>
  <Fields>
    <Field Def="u8 disableParam_NT:1">
      <DisplayName>NT版出力から外すか</DisplayName>
      <Enum>NPC_BOOL</Enum>
      <Description>NT版から除外するか、除外するものに○をつける</Description>
      <Maximum>1</Maximum>
      <SortID>90000</SortID>
    </Field>
    <Field Def="u8 disableParam_Product:1">
      <DisplayName>製品版出力から外すか</DisplayName>
      <Enum>NPC_BOOL</Enum>
      <Description>製品版から除外するか、除外するものに○をつける</Description>
      <Maximum>1</Maximum>
      <SortID>90010</SortID>
    </Field>
    <Field Def="dummy8 disableParamReserve1:6">
      <DisplayName>パッケージ出力用リザーブ1</DisplayName>
      <Description>パッケージ出力用リザーブ1</Description>
      <SortID>90011</SortID>
    </Field>
    <Field Def="dummy8 disableParamReserve2[3]">
      <DisplayName>パッケージ出力用リザーブ2</DisplayName>
      <Description>パッケージ出力用リザーブ2</Description>
      <SortID>90012</SortID>
    </Field>
    <Field Def="s16 mstID = -1">
      <DisplayName>ミッションmstID</DisplayName>
      <Description>MapUidのブロック番号とマップ番号を繋げた4桁の数字です。m01_**_**_00の*の部分です。</Description>
      <EditFlags>None</EditFlags>
      <Minimum>-1</Minimum>
      <Maximum>9999</Maximum>
      <SortID>100</SortID>
      <UnkC8>マップ設定</UnkC8>
    </Field>
    <Field Def="u16 systemAnswerMsgOffsetId">
      <DisplayName>掛け合いメッセージミッションオフセットID</DisplayName>
      <Description>掛け合いメッセージミッションオフセットID</Description>
      <DisplayFormat>%u</DisplayFormat>
      <EditFlags>None</EditFlags>
      <Maximum>9999</Maximum>
      <SortID>900</SortID>
    </Field>
    <Field Def="s32 placementMapUid = -1">
      <DisplayName>配置先MapUid</DisplayName>
      <Description>ミッションが出現するMapUidです</Description>
      <EditFlags>None</EditFlags>
      <Minimum>-1</Minimum>
      <Maximum>99999999</Maximum>
      <SortID>200</SortID>
      <UnkC8>マップ設定</UnkC8>
    </Field>
    <Field Def="u32 subMapId">
      <DisplayName>サブ地形番号</DisplayName>
      <Description>配置先MapUidの後ろ２桁をオフセットした、企画配置アセット用マップを使用します</Description>
      <EditFlags>None</EditFlags>
      <Maximum>98</Maximum>
      <SortID>210</SortID>
      <UnkC8>マップ設定</UnkC8>
    </Field>
    <Field Def="s8 timeZone">
      <DisplayName>時間帯</DisplayName>
      <Enum>TIME_ZONE_TYPE</Enum>
      <Description>ミッション開始時の時間帯を指定します</Description>
      <EditFlags>None</EditFlags>
      <Minimum>0</Minimum>
      <Maximum>98</Maximum>
      <SortID>300</SortID>
      <UnkC8>マップ設定</UnkC8>
    </Field>
    <Field Def="dummy8 pad01[1]">
      <DisplayName>パディング</DisplayName>
      <SortID>90013</SortID>
    </Field>
    <Field Def="s16 weatherType">
      <DisplayName>天候</DisplayName>
      <Enum>WEATHER_TYPE</Enum>
      <Description>ミッション開始時の天候を指定します</Description>
      <EditFlags>None</EditFlags>
      <Minimum>0</Minimum>
      <Maximum>98</Maximum>
      <SortID>310</SortID>
      <UnkC8>マップ設定</UnkC8>
    </Field>
    <Field Def="s8 missionType">
      <DisplayName>ミッションタイプ</DisplayName>
      <Enum>MISSION_TYPE</Enum>
      <Description>ミッションの種類を指定します</Description>
      <EditFlags>None</EditFlags>
      <Minimum>0</Minimum>
      <Maximum>1</Maximum>
      <SortID>499</SortID>
    </Field>
    <Field Def="u8 missionAltType">
      <DisplayName>ミッション形式</DisplayName>
      <Enum>MISSION_ALT_TYPE</Enum>
      <Description>もう一つあったかもしれない別の世界</Description>
      <DisplayFormat>%u</DisplayFormat>
      <EditFlags>None</EditFlags>
      <Maximum>1</Maximum>
      <SortID>499</SortID>
    </Field>
    <Field Def="dummy8 pad1[2]">
      <DisplayName>パディング</DisplayName>
      <SortID>90014</SortID>
    </Field>
    <Field Def="s32 missionInfoTextID">
      <DisplayName>ミッション名</DisplayName>
      <Description>MissionText.xlsm(ミッション名, ミッション概要, ミッション目標, ミッション地点名) のID。0ならミッションパラIDを使用</Description>
      <EditFlags>None</EditFlags>
      <Minimum>0</Minimum>
      <Maximum>99999999</Maximum>
      <SortID>320</SortID>
    </Field>
    <Field Def="f32 activateDistXZ = 1536">
      <DisplayName>アクティブ距離XZ[m]</DisplayName>
      <Description>ミッション配置物のアクティブ距離(XZ)を個別に設定します</Description>
      <EditFlags>None</EditFlags>
      <Minimum>0</Minimum>
      <Maximum>100000000</Maximum>
      <Increment>1</Increment>
      <SortID>500</SortID>
      <UnkC8>マップ設定</UnkC8>
    </Field>
    <Field Def="u8 sortieCutsceneIdx">
      <DisplayName>出撃前半カットシーンインデックス</DisplayName>
      <Description>ガレージカットシーン.xlsmの出撃前半の再生インデックス</Description>
      <DisplayFormat>%u</DisplayFormat>
      <EditFlags>None</EditFlags>
      <SortID>1000</SortID>
    </Field>
    <Field Def="u8 returnCutsceneIdx">
      <DisplayName>帰還カットシーンインデックス</DisplayName>
      <Description>ガレージカットシーン.xlsmの帰還の再生インデックス</Description>
      <DisplayFormat>%u</DisplayFormat>
      <EditFlags>None</EditFlags>
      <SortID>1000</SortID>
    </Field>
    <Field Def="u16 cutsceneTalkOffsetId">
      <DisplayName>汎用カットシーン用会話ID</DisplayName>
      <Description>汎用カットシーン再生時の会話IDのオフセット値(5XXXXYZααのXXXXの部分)</Description>
      <DisplayFormat>%u</DisplayFormat>
      <EditFlags>None</EditFlags>
      <Maximum>9999</Maximum>
      <SortID>1010</SortID>
    </Field>
    <Field Def="s32 clientNameID">
      <DisplayName>依頼人名ID</DisplayName>
      <Description>ミッション選択画面に表示する依頼人名用メニューテキストのID</Description>
      <EditFlags>None</EditFlags>
      <Minimum>0</Minimum>
      <Maximum>99999999</Maximum>
      <SortID>403</SortID>
    </Field>
    <Field Def="s32 briefingID">
      <DisplayName>ブリーフィングID</DisplayName>
      <Description>ブリーフィングムービーのID。0ならブリーフィングなし</Description>
      <EditFlags>None</EditFlags>
      <Minimum>0</Minimum>
      <Maximum>99999999</Maximum>
      <SortID>400</SortID>
    </Field>
    <Field Def="s32 baseReward">
      <DisplayName>基本報酬</DisplayName>
      <Description>基本報酬額</Description>
      <EditFlags>None</EditFlags>
      <Minimum>0</Minimum>
      <Maximum>99999999</Maximum>
      <SortID>401</SortID>
    </Field>
    <Field Def="s32 mailID_0">
      <DisplayName>メール00</DisplayName>
      <Description>ミッション用メールパラメータID 0</Description>
      <EditFlags>None</EditFlags>
      <Minimum>0</Minimum>
      <Maximum>99999999</Maximum>
      <SortID>80000</SortID>
    </Field>
    <Field Def="s32 mailID_1">
      <DisplayName>メール01</DisplayName>
      <Description>ミッション用メールパラメータID 1</Description>
      <EditFlags>None</EditFlags>
      <Minimum>0</Minimum>
      <Maximum>99999999</Maximum>
      <SortID>80001</SortID>
    </Field>
    <Field Def="s32 mailID_2">
      <DisplayName>メール02</DisplayName>
      <Description>ミッション用メールパラメータID 2</Description>
      <EditFlags>None</EditFlags>
      <Minimum>0</Minimum>
      <Maximum>99999999</Maximum>
      <SortID>80002</SortID>
    </Field>
    <Field Def="s32 mailID_3">
      <DisplayName>メール03</DisplayName>
      <Description>ミッション用メールパラメータID 3</Description>
      <EditFlags>None</EditFlags>
      <Minimum>0</Minimum>
      <Maximum>99999999</Maximum>
      <SortID>80003</SortID>
    </Field>
    <Field Def="s32 mailID_4">
      <DisplayName>メール04</DisplayName>
      <Description>ミッション用メールパラメータID 4</Description>
      <EditFlags>None</EditFlags>
      <Minimum>0</Minimum>
      <Maximum>99999999</Maximum>
      <SortID>80004</SortID>
    </Field>
    <Field Def="u8 icon_0">
      <DisplayName>アイコン_0</DisplayName>
      <Enum>MISSION_ICON_TYPE</Enum>
      <Description>メニューに表示する１つ目のアイコン</Description>
      <EditFlags>None</EditFlags>
      <Maximum>2</Maximum>
      <SortID>410</SortID>
    </Field>
    <Field Def="u8 icon_1">
      <DisplayName>アイコン_1</DisplayName>
      <Enum>MISSION_ICON_TYPE</Enum>
      <Description>メニューに表示する２つ目のアイコン</Description>
      <EditFlags>None</EditFlags>
      <Maximum>2</Maximum>
      <SortID>411</SortID>
    </Field>
    <Field Def="u8 chater">
      <DisplayName>チャプター</DisplayName>
      <Description>チャプター。チャプター最終ミッションクリア時に同一チャプターのミッションは全て無効化されます</Description>
      <DisplayFormat>%u</DisplayFormat>
      <EditFlags>None</EditFlags>
      <SortID>380</SortID>
      <UnkC8>ミッション進行</UnkC8>
    </Field>
    <Field Def="u8 isChapterLast:1">
      <DisplayName>チャプター最終</DisplayName>
      <Enum>NPC_BOOL</Enum>
      <Description>チャプター最終ミッションかどうか</Description>
      <DisplayFormat>%u</DisplayFormat>
      <EditFlags>None</EditFlags>
      <Maximum>1</Maximum>
      <SortID>381</SortID>
      <UnkC8>ミッション進行</UnkC8>
    </Field>
    <Field Def="u8 isTrophyTarget:1">
      <DisplayName>トロフィー対象か</DisplayName>
      <Enum>NPC_BOOL</Enum>
      <Description>トロフィー「全ミッションクリア」の対象ミッションか</Description>
      <DisplayFormat>%u</DisplayFormat>
      <EditFlags>None</EditFlags>
      <Maximum>1</Maximum>
      <SortID>499</SortID>
    </Field>
    <Field Def="u8 reserved4:6">
      <DisplayName>リザーブ：フラグ</DisplayName>
      <Enum>NPC_BOOL</Enum>
      <DisplayFormat>%u</DisplayFormat>
      <EditFlags>None</EditFlags>
      <Maximum>127</Maximum>
      <SortID>1</SortID>
    </Field>
    <Field Def="f32 bulletCost_rate = 1">
      <DisplayName>係数</DisplayName>
      <Description>弾薬費の補正係数</Description>
      <DisplayFormat>%.2f</DisplayFormat>
      <EditFlags>None</EditFlags>
      <Minimum>0</Minimum>
      <Maximum>999</Maximum>
      <SortID>500</SortID>
      <UnkC8>弾薬費</UnkC8>
    </Field>
    <Field Def="u32 bulletCost_limit = 99999999">
      <DisplayName>上限</DisplayName>
      <Description>弾薬費の上限</Description>
      <EditFlags>None</EditFlags>
      <Maximum>99999999</Maximum>
      <SortID>501</SortID>
      <UnkC8>弾薬費</UnkC8>
    </Field>
    <Field Def="f32 repairCost_coefficient = 1">
      <DisplayName>係数</DisplayName>
      <Description>AP総ダメージ量⇒修理費の変換係数</Description>
      <DisplayFormat>%.2f</DisplayFormat>
      <EditFlags>None</EditFlags>
      <Minimum>0</Minimum>
      <Maximum>99999</Maximum>
      <SortID>502</SortID>
      <UnkC8>修理費</UnkC8>
    </Field>
    <Field Def="u32 repairCost_limit = 99999999">
      <DisplayName>上限</DisplayName>
      <Description>修理費の上限</Description>
      <EditFlags>None</EditFlags>
      <Maximum>99999999</Maximum>
      <SortID>503</SortID>
      <UnkC8>修理費</UnkC8>
    </Field>
    <Field Def="s32 SpecialReward0_TextID">
      <DisplayName>項目名</DisplayName>
      <Description>リザルト画面で表示する報酬減算項目のイベントテキストID</Description>
      <EditFlags>None</EditFlags>
      <Minimum>-999999999</Minimum>
      <Maximum>999999999</Maximum>
      <SortID>2000</SortID>
      <UnkB8>SpecialReward0</UnkB8>
      <UnkC0>SPECIAL_REWARD</UnkC0>
      <UnkC8>特別報酬0</UnkC8>
    </Field>
    <Field Def="s32 SpecialReward0_UnitPrice">
      <DisplayName>単価</DisplayName>
      <Description>報酬単価。負の値なら報酬減算</Description>
      <EditFlags>None</EditFlags>
      <Minimum>-99999999</Minimum>
      <Maximum>99999999</Maximum>
      <SortID>2001</SortID>
      <UnkB8>SpecialReward0</UnkB8>
      <UnkC0>SPECIAL_REWARD</UnkC0>
      <UnkC8>特別報酬0</UnkC8>
    </Field>
    <Field Def="s32 SpecialReward1_TextID">
      <DisplayName>項目名</DisplayName>
      <Description>リザルト画面で表示する報酬項目のイベントテキストID</Description>
      <EditFlags>None</EditFlags>
      <Minimum>-999999999</Minimum>
      <Maximum>999999999</Maximum>
      <SortID>2002</SortID>
      <UnkB8>SpecialReward1</UnkB8>
      <UnkC0>SPECIAL_REWARD</UnkC0>
      <UnkC8>特別報酬1</UnkC8>
    </Field>
    <Field Def="s32 SpecialReward1_UnitPrice">
      <DisplayName>単価</DisplayName>
      <Description>報酬単価。負の値なら報酬減算</Description>
      <EditFlags>None</EditFlags>
      <Minimum>-99999999</Minimum>
      <Maximum>99999999</Maximum>
      <SortID>2003</SortID>
      <UnkB8>SpecialReward1</UnkB8>
      <UnkC0>SPECIAL_REWARD</UnkC0>
      <UnkC8>特別報酬1</UnkC8>
    </Field>
    <Field Def="s32 SpecialReward2_TextID">
      <DisplayName>項目名</DisplayName>
      <Description>リザルト画面で表示する報酬項目のイベントテキストID</Description>
      <EditFlags>None</EditFlags>
      <Minimum>-999999999</Minimum>
      <Maximum>999999999</Maximum>
      <SortID>2004</SortID>
      <UnkB8>SpecialReward2</UnkB8>
      <UnkC0>SPECIAL_REWARD</UnkC0>
      <UnkC8>特別報酬2</UnkC8>
    </Field>
    <Field Def="s32 SpecialReward2_UnitPrice">
      <DisplayName>単価</DisplayName>
      <Description>報酬単価。負の値なら報酬減算</Description>
      <EditFlags>None</EditFlags>
      <Minimum>-99999999</Minimum>
      <Maximum>99999999</Maximum>
      <SortID>2005</SortID>
      <UnkB8>SpecialReward2</UnkB8>
      <UnkC0>SPECIAL_REWARD</UnkC0>
      <UnkC8>特別報酬2</UnkC8>
    </Field>
    <Field Def="s32 SpecialReward3_TextID">
      <DisplayName>項目名</DisplayName>
      <Description>リザルト画面で表示する報酬項目のイベントテキストID</Description>
      <EditFlags>None</EditFlags>
      <Minimum>-999999999</Minimum>
      <Maximum>999999999</Maximum>
      <SortID>2006</SortID>
      <UnkB8>SpecialReward3</UnkB8>
      <UnkC0>SPECIAL_REWARD</UnkC0>
      <UnkC8>特別報酬3</UnkC8>
    </Field>
    <Field Def="s32 SpecialReward3_UnitPrice">
      <DisplayName>単価</DisplayName>
      <Description>報酬単価。負の値なら報酬減算</Description>
      <EditFlags>None</EditFlags>
      <Minimum>-99999999</Minimum>
      <Maximum>99999999</Maximum>
      <SortID>2007</SortID>
      <UnkB8>SpecialReward3</UnkB8>
      <UnkC0>SPECIAL_REWARD</UnkC0>
      <UnkC8>特別報酬3</UnkC8>
    </Field>
    <Field Def="s32 SpecialReward4_TextID">
      <DisplayName>項目名</DisplayName>
      <Description>リザルト画面で表示する報酬項目のイベントテキストID</Description>
      <EditFlags>None</EditFlags>
      <Minimum>-999999999</Minimum>
      <Maximum>999999999</Maximum>
      <SortID>2008</SortID>
      <UnkB8>SpecialReward4</UnkB8>
      <UnkC0>SPECIAL_REWARD</UnkC0>
      <UnkC8>特別報酬4</UnkC8>
    </Field>
    <Field Def="s32 SpecialReward4_UnitPrice">
      <DisplayName>単価</DisplayName>
      <Description>報酬単価。負の値なら報酬減算</Description>
      <EditFlags>None</EditFlags>
      <Minimum>-99999999</Minimum>
      <Maximum>99999999</Maximum>
      <SortID>2009</SortID>
      <UnkB8>SpecialReward4</UnkB8>
      <UnkC0>SPECIAL_REWARD</UnkC0>
      <UnkC8>特別報酬4</UnkC8>
    </Field>
    <Field Def="s32 loadingScreenImageID">
      <DisplayName>画像</DisplayName>
      <Description>出撃ロード画面の画像ID。0なら通常通り</Description>
      <EditFlags>None</EditFlags>
      <Minimum>0</Minimum>
      <Maximum>99999999</Maximum>
      <SortID>70000</SortID>
      <UnkC8>ロード画面</UnkC8>
    </Field>
    <Field Def="s32 loadingScreenTextID">
      <DisplayName>テキスト</DisplayName>
      <Description>出撃ロード画面のテキストID。0なら通常通り</Description>
      <EditFlags>None</EditFlags>
      <Minimum>0</Minimum>
      <Maximum>99999999</Maximum>
      <SortID>70001</SortID>
      <UnkC8>ロード画面</UnkC8>
    </Field>
    <Field Def="f32 calcScoreCoef_damage = 1">
      <DisplayName>被ダメージ</DisplayName>
      <Description>被ダメージの補正係数</Description>
      <DisplayFormat>%.2f</DisplayFormat>
      <EditFlags>None</EditFlags>
      <Minimum>0</Minimum>
      <Maximum>999</Maximum>
      <SortID>5000</SortID>
      <UnkB8>calcScoreCoef</UnkB8>
      <UnkC0>CALC_SCORE_COEF</UnkC0>
      <UnkC8>スコア算出用係数</UnkC8>
    </Field>
    <Field Def="f32 calcScoreCoef_bulletCost = 1">
      <DisplayName>使用弾薬費</DisplayName>
      <Description>使用弾数の補正係数</Description>
      <DisplayFormat>%.2f</DisplayFormat>
      <EditFlags>None</EditFlags>
      <Minimum>0</Minimum>
      <Maximum>999</Maximum>
      <SortID>5001</SortID>
      <UnkB8>calcScoreCoef</UnkB8>
      <UnkC0>CALC_SCORE_COEF</UnkC0>
      <UnkC8>スコア算出用係数</UnkC8>
    </Field>
    <Field Def="f32 calcScoreCoef_enemyBonus = 1">
      <DisplayName>敵撃破</DisplayName>
      <Description>敵撃破ボーナスの補正係数</Description>
      <DisplayFormat>%.2f</DisplayFormat>
      <EditFlags>None</EditFlags>
      <Minimum>0</Minimum>
      <Maximum>999</Maximum>
      <SortID>5002</SortID>
      <UnkB8>calcScoreCoef</UnkB8>
      <UnkC0>CALC_SCORE_COEF</UnkC0>
      <UnkC8>スコア算出用係数</UnkC8>
    </Field>
    <Field Def="f32 calcScoreCoef_clearTime = 1">
      <DisplayName>クリア時間</DisplayName>
      <Description>クリア時間の補正係数</Description>
      <DisplayFormat>%.2f</DisplayFormat>
      <EditFlags>None</EditFlags>
      <Minimum>0</Minimum>
      <Maximum>999</Maximum>
      <SortID>5003</SortID>
      <UnkB8>calcScoreCoef</UnkB8>
      <UnkC0>CALC_SCORE_COEF</UnkC0>
      <UnkC8>スコア算出用係数</UnkC8>
    </Field>
    <Field Def="f32 activateDistY = 1536">
      <DisplayName>アクティブ距離Y[m]</DisplayName>
      <Description>ミッション配置物のアクティブ距離(Y)を個別に設定します</Description>
      <EditFlags>None</EditFlags>
      <Minimum>0</Minimum>
      <Maximum>100000000</Maximum>
      <Increment>1</Increment>
      <SortID>321</SortID>
      <UnkC8>マップ設定</UnkC8>
    </Field>
    <Field Def="f32 maxClearTime">
      <DisplayName>上限</DisplayName>
      <Description>クリア時間の上限値(秒)。0以下なら上限なし</Description>
      <DisplayFormat>%.2f</DisplayFormat>
      <EditFlags>None</EditFlags>
      <Minimum>0</Minimum>
      <Maximum>100000000</Maximum>
      <Increment>1</Increment>
      <SortID>5010</SortID>
      <UnkC8>クリア時間補正</UnkC8>
    </Field>
    <Field Def="s32 calcRankThreshold_RankS = 30000">
      <DisplayName>ランクS</DisplayName>
      <Description>スコアがこの値未満なら ランクS</Description>
      <EditFlags>None</EditFlags>
      <Minimum>-99999999</Minimum>
      <Maximum>99999999</Maximum>
      <SortID>5100</SortID>
      <UnkB8>calcRankThreshold</UnkB8>
      <UnkC0>CALC_RANK_THRESHOLD</UnkC0>
      <UnkC8>クリアランク算出用閾値</UnkC8>
    </Field>
    <Field Def="s32 calcRankThreshold_RankA = 40000">
      <DisplayName>ランクA</DisplayName>
      <Description>スコアがこの値未満なら ランクA</Description>
      <EditFlags>None</EditFlags>
      <Minimum>-99999999</Minimum>
      <Maximum>99999999</Maximum>
      <SortID>5101</SortID>
      <UnkB8>calcRankThreshold</UnkB8>
      <UnkC0>CALC_RANK_THRESHOLD</UnkC0>
      <UnkC8>クリアランク算出用閾値</UnkC8>
    </Field>
    <Field Def="s32 calcRankThreshold_RankB = 50000">
      <DisplayName>ランクB</DisplayName>
      <Description>スコアがこの値未満なら ランクB</Description>
      <EditFlags>None</EditFlags>
      <Minimum>-99999999</Minimum>
      <Maximum>99999999</Maximum>
      <SortID>5102</SortID>
      <UnkB8>calcRankThreshold</UnkB8>
      <UnkC0>CALC_RANK_THRESHOLD</UnkC0>
      <UnkC8>クリアランク算出用閾値</UnkC8>
    </Field>
    <Field Def="s32 calcRankThreshold_RankC = 60000">
      <DisplayName>ランクC</DisplayName>
      <Description>スコアがこの値未満なら ランクC</Description>
      <EditFlags>None</EditFlags>
      <Minimum>-99999999</Minimum>
      <Maximum>99999999</Maximum>
      <SortID>5103</SortID>
      <UnkB8>calcRankThreshold</UnkB8>
      <UnkC0>CALC_RANK_THRESHOLD</UnkC0>
      <UnkC8>クリアランク算出用閾値</UnkC8>
    </Field>
    <Field Def="s32 SpecialReward5_TextID">
      <DisplayName>項目名</DisplayName>
      <Description>リザルト画面で表示する報酬減算項目のイベントテキストID</Description>
      <EditFlags>None</EditFlags>
      <Minimum>-999999999</Minimum>
      <Maximum>999999999</Maximum>
      <SortID>2010</SortID>
      <UnkB8>SpecialReward5</UnkB8>
      <UnkC0>SPECIAL_REWARD</UnkC0>
      <UnkC8>特別報酬5</UnkC8>
    </Field>
    <Field Def="s32 SpecialReward5_UnitPrice">
      <DisplayName>単価</DisplayName>
      <Description>報酬単価。負の値なら報酬減算</Description>
      <EditFlags>None</EditFlags>
      <Minimum>-99999999</Minimum>
      <Maximum>99999999</Maximum>
      <SortID>2011</SortID>
      <UnkB8>SpecialReward5</UnkB8>
      <UnkC0>SPECIAL_REWARD</UnkC0>
      <UnkC8>特別報酬5</UnkC8>
    </Field>
    <Field Def="s32 SpecialReward6_TextID">
      <DisplayName>項目名</DisplayName>
      <Description>リザルト画面で表示する報酬項目のイベントテキストID</Description>
      <EditFlags>None</EditFlags>
      <Minimum>-999999999</Minimum>
      <Maximum>999999999</Maximum>
      <SortID>2012</SortID>
      <UnkB8>SpecialReward6</UnkB8>
      <UnkC0>SPECIAL_REWARD</UnkC0>
      <UnkC8>特別報酬6</UnkC8>
    </Field>
    <Field Def="s32 SpecialReward6_UnitPrice">
      <DisplayName>単価</DisplayName>
      <Description>報酬単価。負の値なら報酬減算</Description>
      <EditFlags>None</EditFlags>
      <Minimum>-99999999</Minimum>
      <Maximum>99999999</Maximum>
      <SortID>2013</SortID>
      <UnkB8>SpecialReward6</UnkB8>
      <UnkC0>SPECIAL_REWARD</UnkC0>
      <UnkC8>特別報酬6</UnkC8>
    </Field>
    <Field Def="s32 SpecialReward7_TextID">
      <DisplayName>項目名</DisplayName>
      <Description>リザルト画面で表示する報酬項目のイベントテキストID</Description>
      <EditFlags>None</EditFlags>
      <Minimum>-999999999</Minimum>
      <Maximum>999999999</Maximum>
      <SortID>2014</SortID>
      <UnkB8>SpecialReward7</UnkB8>
      <UnkC0>SPECIAL_REWARD</UnkC0>
      <UnkC8>特別報酬7</UnkC8>
    </Field>
    <Field Def="s32 SpecialReward7_UnitPrice">
      <DisplayName>単価</DisplayName>
      <Description>報酬単価。負の値なら報酬減算</Description>
      <EditFlags>None</EditFlags>
      <Minimum>-99999999</Minimum>
      <Maximum>99999999</Maximum>
      <SortID>2015</SortID>
      <UnkB8>SpecialReward7</UnkB8>
      <UnkC0>SPECIAL_REWARD</UnkC0>
      <UnkC8>特別報酬7</UnkC8>
    </Field>
    <Field Def="dummy8 pad6[16]">
      <DisplayName>パディング</DisplayName>
      <SortID>90015</SortID>
    </Field>
    <Field Def="s32 EnemyDestroyReward0_TextID">
      <DisplayName>項目名</DisplayName>
      <Description>リザルト画面で表示する報酬減算項目のイベントテキストID</Description>
      <EditFlags>None</EditFlags>
      <Minimum>-999999999</Minimum>
      <Maximum>999999999</Maximum>
      <SortID>2100</SortID>
      <UnkB8>EnemyDestroyReward0</UnkB8>
      <UnkC0>SPECIAL_REWARD</UnkC0>
      <UnkC8>敵撃破報酬0</UnkC8>
    </Field>
    <Field Def="s32 EnemyDestroyReward0_UnitPrice">
      <DisplayName>単価</DisplayName>
      <Description>報酬単価。負の値なら報酬減算</Description>
      <EditFlags>None</EditFlags>
      <Minimum>-99999999</Minimum>
      <Maximum>99999999</Maximum>
      <SortID>2101</SortID>
      <UnkB8>EnemyDestroyReward0</UnkB8>
      <UnkC0>SPECIAL_REWARD</UnkC0>
      <UnkC8>敵撃破報酬0</UnkC8>
    </Field>
    <Field Def="s32 EnemyDestroyReward1_TextID">
      <DisplayName>項目名</DisplayName>
      <Description>リザルト画面で表示する報酬項目のイベントテキストID</Description>
      <EditFlags>None</EditFlags>
      <Minimum>-999999999</Minimum>
      <Maximum>999999999</Maximum>
      <SortID>2102</SortID>
      <UnkB8>EnemyDestroyReward1</UnkB8>
      <UnkC0>SPECIAL_REWARD</UnkC0>
      <UnkC8>敵撃破報酬1</UnkC8>
    </Field>
    <Field Def="s32 EnemyDestroyReward1_UnitPrice">
      <DisplayName>単価</DisplayName>
      <Description>報酬単価。負の値なら報酬減算</Description>
      <EditFlags>None</EditFlags>
      <Minimum>-99999999</Minimum>
      <Maximum>99999999</Maximum>
      <SortID>2103</SortID>
      <UnkB8>EnemyDestroyReward1</UnkB8>
      <UnkC0>SPECIAL_REWARD</UnkC0>
      <UnkC8>敵撃破報酬1</UnkC8>
    </Field>
    <Field Def="s32 EnemyDestroyReward2_TextID">
      <DisplayName>項目名</DisplayName>
      <Description>リザルト画面で表示する報酬項目のイベントテキストID</Description>
      <EditFlags>None</EditFlags>
      <Minimum>-999999999</Minimum>
      <Maximum>999999999</Maximum>
      <SortID>2104</SortID>
      <UnkB8>EnemyDestroyReward2</UnkB8>
      <UnkC0>SPECIAL_REWARD</UnkC0>
      <UnkC8>敵撃破報酬2</UnkC8>
    </Field>
    <Field Def="s32 EnemyDestroyReward2_UnitPrice">
      <DisplayName>単価</DisplayName>
      <Description>報酬単価。負の値なら報酬減算</Description>
      <EditFlags>None</EditFlags>
      <Minimum>-99999999</Minimum>
      <Maximum>99999999</Maximum>
      <SortID>2105</SortID>
      <UnkB8>EnemyDestroyReward2</UnkB8>
      <UnkC0>SPECIAL_REWARD</UnkC0>
      <UnkC8>敵撃破報酬2</UnkC8>
    </Field>
    <Field Def="s32 EnemyDestroyReward3_TextID">
      <DisplayName>項目名</DisplayName>
      <Description>リザルト画面で表示する報酬項目のイベントテキストID</Description>
      <EditFlags>None</EditFlags>
      <Minimum>-999999999</Minimum>
      <Maximum>999999999</Maximum>
      <SortID>2106</SortID>
      <UnkB8>EnemyDestroyReward3</UnkB8>
      <UnkC0>SPECIAL_REWARD</UnkC0>
      <UnkC8>敵撃破報酬3</UnkC8>
    </Field>
    <Field Def="s32 EnemyDestroyReward3_UnitPrice">
      <DisplayName>単価</DisplayName>
      <Description>報酬単価。負の値なら報酬減算</Description>
      <EditFlags>None</EditFlags>
      <Minimum>-99999999</Minimum>
      <Maximum>99999999</Maximum>
      <SortID>2107</SortID>
      <UnkB8>EnemyDestroyReward3</UnkB8>
      <UnkC0>SPECIAL_REWARD</UnkC0>
      <UnkC8>敵撃破報酬3</UnkC8>
    </Field>
    <Field Def="s32 EnemyDestroyReward4_TextID">
      <DisplayName>項目名</DisplayName>
      <Description>リザルト画面で表示する報酬項目のイベントテキストID</Description>
      <EditFlags>None</EditFlags>
      <Minimum>-999999999</Minimum>
      <Maximum>999999999</Maximum>
      <SortID>2108</SortID>
      <UnkB8>EnemyDestroyReward4</UnkB8>
      <UnkC0>SPECIAL_REWARD</UnkC0>
      <UnkC8>敵撃破報酬4</UnkC8>
    </Field>
    <Field Def="s32 EnemyDestroyReward4_UnitPrice">
      <DisplayName>単価</DisplayName>
      <Description>報酬単価。負の値なら報酬減算</Description>
      <EditFlags>None</EditFlags>
      <Minimum>-99999999</Minimum>
      <Maximum>99999999</Maximum>
      <SortID>2109</SortID>
      <UnkB8>EnemyDestroyReward4</UnkB8>
      <UnkC0>SPECIAL_REWARD</UnkC0>
      <UnkC8>敵撃破報酬4</UnkC8>
    </Field>
    <Field Def="s32 EnemyDestroyReward5_TextID">
      <DisplayName>項目名</DisplayName>
      <Description>リザルト画面で表示する報酬減算項目のイベントテキストID</Description>
      <EditFlags>None</EditFlags>
      <Minimum>-999999999</Minimum>
      <Maximum>999999999</Maximum>
      <SortID>2110</SortID>
      <UnkB8>EnemyDestroyReward5</UnkB8>
      <UnkC0>SPECIAL_REWARD</UnkC0>
      <UnkC8>敵撃破報酬5</UnkC8>
    </Field>
    <Field Def="s32 EnemyDestroyReward5_UnitPrice">
      <DisplayName>単価</DisplayName>
      <Description>報酬単価。負の値なら報酬減算</Description>
      <EditFlags>None</EditFlags>
      <Minimum>-99999999</Minimum>
      <Maximum>99999999</Maximum>
      <SortID>2111</SortID>
      <UnkB8>EnemyDestroyReward5</UnkB8>
      <UnkC0>SPECIAL_REWARD</UnkC0>
      <UnkC8>敵撃破報酬5</UnkC8>
    </Field>
    <Field Def="s32 EnemyDestroyReward6_TextID">
      <DisplayName>項目名</DisplayName>
      <Description>リザルト画面で表示する報酬項目のイベントテキストID</Description>
      <EditFlags>None</EditFlags>
      <Minimum>-999999999</Minimum>
      <Maximum>999999999</Maximum>
      <SortID>2112</SortID>
      <UnkB8>EnemyDestroyReward6</UnkB8>
      <UnkC0>SPECIAL_REWARD</UnkC0>
      <UnkC8>敵撃破報酬6</UnkC8>
    </Field>
    <Field Def="s32 EnemyDestroyReward6_UnitPrice">
      <DisplayName>単価</DisplayName>
      <Description>報酬単価。負の値なら報酬減算</Description>
      <EditFlags>None</EditFlags>
      <Minimum>-99999999</Minimum>
      <Maximum>99999999</Maximum>
      <SortID>2113</SortID>
      <UnkB8>EnemyDestroyReward6</UnkB8>
      <UnkC0>SPECIAL_REWARD</UnkC0>
      <UnkC8>敵撃破報酬6</UnkC8>
    </Field>
    <Field Def="s32 EnemyDestroyReward7_TextID">
      <DisplayName>項目名</DisplayName>
      <Description>リザルト画面で表示する報酬項目のイベントテキストID</Description>
      <EditFlags>None</EditFlags>
      <Minimum>-999999999</Minimum>
      <Maximum>999999999</Maximum>
      <SortID>2114</SortID>
      <UnkB8>EnemyDestroyReward7</UnkB8>
      <UnkC0>SPECIAL_REWARD</UnkC0>
      <UnkC8>敵撃破報酬7</UnkC8>
    </Field>
    <Field Def="s32 EnemyDestroyReward7_UnitPrice">
      <DisplayName>単価</DisplayName>
      <Description>報酬単価。負の値なら報酬減算</Description>
      <EditFlags>None</EditFlags>
      <Minimum>-99999999</Minimum>
      <Maximum>99999999</Maximum>
      <SortID>2115</SortID>
      <UnkB8>EnemyDestroyReward7</UnkB8>
      <UnkC0>SPECIAL_REWARD</UnkC0>
      <UnkC8>敵撃破報酬7</UnkC8>
    </Field>
    <Field Def="u8 exclusiveGroup">
      <DisplayName>排他グループ</DisplayName>
      <Description>ミッションクリア時に同一排他グループのミッションは無効化されます</Description>
      <DisplayFormat>%u</DisplayFormat>
      <EditFlags>None</EditFlags>
      <SortID>382</SortID>
      <UnkC8>ミッション進行</UnkC8>
    </Field>
    <Field Def="dummy8 pad7[1]">
      <DisplayName>パディング</DisplayName>
      <SortID>90016</SortID>
    </Field>
    <Field Def="u16 sortID">
      <DisplayName>ソートID</DisplayName>
      <Description>並び順ソート用ID</Description>
      <DisplayFormat>%u</DisplayFormat>
      <EditFlags>None</EditFlags>
      <SortID>390</SortID>
    </Field>
    <Field Def="s32 assemID">
      <DisplayName>機体構成</DisplayName>
      <Description>差し替え用アセンのアーキタイプパラID</Description>
      <EditFlags>None</EditFlags>
      <Minimum>0</Minimum>
      <Maximum>99999999</Maximum>
      <SortID>350</SortID>
      <UnkC8>出撃機体</UnkC8>
    </Field>
    <Field Def="u32 arenaMissionLineEntityId">
      <DisplayName>作戦ラインEntID</DisplayName>
      <Description>アリーナで有効化するヒットのエンティティID</Description>
      <DisplayFormat>%u</DisplayFormat>
      <EditFlags>None</EditFlags>
      <Maximum>-294967297</Maximum>
      <SortID>8000</SortID>
      <UnkC8>アリーナ設定</UnkC8>
    </Field>
    <Field Def="u32 ResultMovie0_movieID">
      <DisplayName>ムービーID</DisplayName>
      <Description>リザルト画面 の後に再生するムービーのID</Description>
      <EditFlags>None</EditFlags>
      <Maximum>99999999</Maximum>
      <SortID>1900</SortID>
      <UnkB8>ResultMovie0</UnkB8>
      <UnkC0>RESULT_MOVIE</UnkC0>
      <UnkC8>幕間ムービー0</UnkC8>
    </Field>
    <Field Def="u32 ResultMovie0_eventFlagID">
      <DisplayName>イベントフラグ</DisplayName>
      <Description>ムービー再生判定用イベントフラグのID。0 なら常に再生</Description>
      <DisplayFormat>%u</DisplayFormat>
      <EditFlags>None</EditFlags>
      <Maximum>-294967297</Maximum>
      <SortID>1901</SortID>
      <UnkB8>ResultMovie0</UnkB8>
      <UnkC0>RESULT_MOVIE</UnkC0>
      <UnkC8>幕間ムービー0</UnkC8>
    </Field>
    <Field Def="u32 ResultMovie1_movieID">
      <DisplayName>ムービーID</DisplayName>
      <Description>幕間ムービー0 の後に再生するムービーのID</Description>
      <EditFlags>None</EditFlags>
      <Maximum>99999999</Maximum>
      <SortID>1902</SortID>
      <UnkB8>ResultMovie1</UnkB8>
      <UnkC0>RESULT_MOVIE</UnkC0>
      <UnkC8>幕間ムービー1</UnkC8>
    </Field>
    <Field Def="u32 ResultMovie1_eventFlagID">
      <DisplayName>イベントフラグ</DisplayName>
      <Description>ムービー再生判定用イベントフラグのID。0 なら常に再生</Description>
      <DisplayFormat>%u</DisplayFormat>
      <EditFlags>None</EditFlags>
      <Maximum>-294967297</Maximum>
      <SortID>1903</SortID>
      <UnkB8>ResultMovie1</UnkB8>
      <UnkC0>RESULT_MOVIE</UnkC0>
      <UnkC8>幕間ムービー1</UnkC8>
    </Field>
    <Field Def="u32 arenaMissionFallDeadHitEntityId">
      <DisplayName>死亡床EntID</DisplayName>
      <Description>アリーナで有効化する死亡床のエンティティID</Description>
      <DisplayFormat>%u</DisplayFormat>
      <EditFlags>None</EditFlags>
      <Maximum>-294967297</Maximum>
      <SortID>8100</SortID>
      <UnkC8>アリーナ設定</UnkC8>
    </Field>
    <Field Def="s32 acNameID">
      <DisplayName>機体名ID</DisplayName>
      <Description>出撃準備画面で表示する機体名のメニューテキストID</Description>
      <DisplayFormat>%u</DisplayFormat>
      <EditFlags>None</EditFlags>
      <Minimum>0</Minimum>
      <Maximum>99999999</Maximum>
      <SortID>351</SortID>
      <UnkC8>出撃機体</UnkC8>
    </Field>
    <Field Def="f32 fallDeadHeight = -40000">
      <DisplayName>強制落下死亡高さ</DisplayName>
      <Description>強制落下死亡になる高度</Description>
      <EditFlags>None</EditFlags>
      <Minimum>-9999999</Minimum>
      <Maximum>9999999</Maximum>
      <Increment>1</Increment>
      <SortID>600</SortID>
      <UnkC8>マップ設定</UnkC8>
    </Field>
    <Field Def="u32 WorldMapImageID">
      <DisplayName>地図画像ID</DisplayName>
      <Description>ミッション選択画面で表示する地図画像のID</Description>
      <EditFlags>None</EditFlags>
      <Maximum>99999999</Maximum>
      <SortID>420</SortID>
    </Field>
    <Field Def="u32 MapInfoImageID">
      <DisplayName>補足画像ID</DisplayName>
      <Description>ミッション選択画面で表示する補足画像のID</Description>
      <EditFlags>None</EditFlags>
      <Maximum>99999999</Maximum>
      <SortID>421</SortID>
    </Field>
    <Field Def="s16 preLoadChrTexId = -1">
      <DisplayName>事前ロードキャラテクスチャID</DisplayName>
      <Description>メモリの断片化の影響でミッション途中でテクスチャをロードができなくなるのでミッション開始時にロードするキャラID</Description>
      <EditFlags>None</EditFlags>
      <Minimum>-1</Minimum>
      <Maximum>9999</Maximum>
      <SortID>8500</SortID>
    </Field>
    <Field Def="s16 updateGeomLimitNum = -1">
      <DisplayName>アセット更新制限数</DisplayName>
      <Description>1フレのアセット更新制限数</Description>
      <EditFlags>None</EditFlags>
      <Minimum>-1</Minimum>
      <Maximum>9999</Maximum>
      <SortID>8600</SortID>
      <UnkC8>パフォーマンス</UnkC8>
    </Field>
    <Field Def="s16 hiHitLimitRange = -1">
      <DisplayName>ハイヒット制限距離[m]</DisplayName>
      <Description>ハイヒットを有効化する距離</Description>
      <EditFlags>None</EditFlags>
      <Minimum>-1</Minimum>
      <Maximum>29999</Maximum>
      <SortID>8610</SortID>
      <UnkC8>パフォーマンス</UnkC8>
    </Field>
    <Field Def="s16 hiLoadMaxNum = -1">
      <DisplayName>ハイアクティブ制限数</DisplayName>
      <Description>1フレのハイアクティブ化更新制限数。-1ならデフォルトの70</Description>
      <EditFlags>None</EditFlags>
      <Minimum>-1</Minimum>
      <Maximum>9999</Maximum>
      <SortID>8620</SortID>
      <UnkC8>パフォーマンス</UnkC8>
    </Field>
    <Field Def="f32 activateDistXZ_forXb1 = 1536">
      <DisplayName>【xb1】アクティブ距離XZ[m]</DisplayName>
      <Description>XboxOne専用ミッション配置物のアクティブ距離(XZ)を個別に設定します</Description>
      <EditFlags>None</EditFlags>
      <Minimum>0</Minimum>
      <Maximum>100000000</Maximum>
      <Increment>1</Increment>
      <SortID>515</SortID>
      <UnkC8>マップ設定</UnkC8>
    </Field>
    <Field Def="f32 activateDistY_forXb1 = 1536">
      <DisplayName>【xb1】アクティブ距離Y[m]</DisplayName>
      <Description>XboxOne専用ミッション配置物のアクティブ距離(Y)を個別に設定します</Description>
      <EditFlags>None</EditFlags>
      <Minimum>0</Minimum>
      <Maximum>100000000</Maximum>
      <Increment>1</Increment>
      <SortID>510</SortID>
      <UnkC8>マップ設定</UnkC8>
    </Field>
    <Field Def="dummy8 pad8[8]">
      <DisplayName>パディング</DisplayName>
      <SortID>90017</SortID>
    </Field>
  </Fields>
</PARAMDEF>