﻿<?xml version="1.0" encoding="utf-8"?>
<PARAMDEF XmlVersion="3">
  <ParamType>MISSION_SYS_MSG_ANSWER_PARAM_ST</ParamType>
  <DataVersion>1</DataVersion>
  <BigEndian>False</BigEndian>
  <Unicode>True</Unicode>
  <FormatVersion>203</FormatVersion>
  <Fields>
    <Field Def="u8 disableParam_NT:1">
      <DisplayName>NT版出力から外すか</DisplayName>
      <Enum>NPC_BOOL</Enum>
      <Description>NT版から除外するか、除外するものに○をつける</Description>
      <Maximum>1</Maximum>
      <SortID>999998</SortID>
    </Field>
    <Field Def="u8 disableParam_Product:1">
      <DisplayName>製品版出力から外すか</DisplayName>
      <Enum>NPC_BOOL</Enum>
      <Description>製品版から除外するか、除外するものに○をつける</Description>
      <Maximum>1</Maximum>
      <SortID>999999</SortID>
    </Field>
    <Field Def="dummy8 disableParamReserve1:6">
      <DisplayName>パッケージ出力用リザーブ1</DisplayName>
      <Description>パッケージ出力用リザーブ1</Description>
      <SortID>1000000</SortID>
    </Field>
    <Field Def="dummy8 disableParamReserve2[3]">
      <DisplayName>パッケージ出力用リザーブ2</DisplayName>
      <Description>パッケージ出力用リザーブ2</Description>
      <SortID>1000001</SortID>
    </Field>
    <Field Def="s32 talkParamId = -1">
      <DisplayName>会話パラメータID</DisplayName>
      <Description>会話パラメータID</Description>
      <EditFlags>None</EditFlags>
      <Minimum>-1</Minimum>
      <Maximum>999999999</Maximum>
      <Increment>0</Increment>
      <SortID>100</SortID>
    </Field>
    <Field Def="u16 priority">
      <DisplayName>優先度</DisplayName>
      <Description>優先度・・・低い方が優先</Description>
      <DisplayFormat>%u</DisplayFormat>
      <EditFlags>None</EditFlags>
      <Maximum>999</Maximum>
      <Increment>0</Increment>
      <SortID>200</SortID>
    </Field>
    <Field Def="u8 dispLimitNum">
      <DisplayName>メッセージの表示回数制限</DisplayName>
      <Description>メッセージの表示回数制限</Description>
      <DisplayFormat>%u</DisplayFormat>
      <EditFlags>None</EditFlags>
      <Maximum>99</Maximum>
      <Increment>0</Increment>
      <SortID>300</SortID>
    </Field>
    <Field Def="s8 dispLimitGroupId = -1">
      <DisplayName>表示回数グループID</DisplayName>
      <Description>メッセージの表示回数をグループ単位でカウントするためのもの</Description>
      <EditFlags>None</EditFlags>
      <Minimum>-1</Minimum>
      <Maximum>99</Maximum>
      <Increment>0</Increment>
      <SortID>400</SortID>
    </Field>
    <Field Def="dummy8 pad[4]">
      <SortID>1000002</SortID>
    </Field>
  </Fields>
</PARAMDEF>