﻿<?xml version="1.0" encoding="utf-8"?>
<PARAMDEF XmlVersion="3">
  <ParamType>MOVEMENT_ENEMY_TYPE_PARAM_ST</ParamType>
  <DataVersion>2</DataVersion>
  <BigEndian>False</BigEndian>
  <Unicode>True</Unicode>
  <FormatVersion>203</FormatVersion>
  <Fields>
    <Field Def="u8 disableParam_NT:1">
      <DisplayName>NT版出力から外すか</DisplayName>
      <Enum>NPC_BOOL</Enum>
      <Description>NT版から除外するか、除外するものに○をつける</Description>
      <Maximum>1</Maximum>
      <SortID>990000</SortID>
    </Field>
    <Field Def="u8 disableParam_Product:1">
      <DisplayName>製品版出力から外すか</DisplayName>
      <Enum>NPC_BOOL</Enum>
      <Description>製品版から除外するか、除外するものに○をつける</Description>
      <Maximum>1</Maximum>
      <SortID>990010</SortID>
    </Field>
    <Field Def="dummy8 disableParamReserve1:6">
      <DisplayName>パッケージ出力用リザーブ1</DisplayName>
      <Description>パッケージ出力用リザーブ1</Description>
      <SortID>990011</SortID>
    </Field>
    <Field Def="dummy8 disableParamReserve2[3]">
      <DisplayName>パッケージ出力用リザーブ2</DisplayName>
      <Description>パッケージ出力用リザーブ2</Description>
      <SortID>990012</SortID>
    </Field>
    <Field Def="f32 dashBoostMaxSpeedKMPH">
      <DisplayName>ダッシュブースト最高速度[km/h]</DisplayName>
      <Description>ダッシュブースト時の最高速度</Description>
      <Minimum>0</Minimum>
      <Maximum>9999</Maximum>
      <Increment>1</Increment>
      <SortID>1000</SortID>
    </Field>
    <Field Def="f32 dashBoostStartAccelMPSS">
      <DisplayName>ダッシュブースト開始加速度[m/s^2]</DisplayName>
      <Description>ダッシュブースト時の開始加速度</Description>
      <Minimum>0</Minimum>
      <Maximum>9999</Maximum>
      <Increment>0.1</Increment>
      <SortID>1100</SortID>
    </Field>
    <Field Def="f32 jumpHorizontalMaxSpeedKMPH">
      <DisplayName>ジャンプ水平移動最高速度[km/h]</DisplayName>
      <Description>ジャンプ時の水平移動最高速度</Description>
      <Minimum>0</Minimum>
      <Maximum>9999</Maximum>
      <Increment>1</Increment>
      <SortID>2000</SortID>
    </Field>
    <Field Def="f32 jumpHorizontalAccelMPSS">
      <DisplayName>ジャンプ水平移動加速度[m/s^2]</DisplayName>
      <Description>ジャンプ時の水平移動加速度</Description>
      <Minimum>0</Minimum>
      <Maximum>9999</Maximum>
      <Increment>0.1</Increment>
      <SortID>2000</SortID>
    </Field>
    <Field Def="f32 jumpUpperMaxSpeedKMPH">
      <DisplayName>ジャンプ垂直移動最高速度[km/h]</DisplayName>
      <Description>ジャンプ時の垂直移動最高速度</Description>
      <Minimum>0</Minimum>
      <Maximum>9999</Maximum>
      <Increment>1</Increment>
      <SortID>2000</SortID>
    </Field>
    <Field Def="f32 jumpUpperAccelMPSS">
      <DisplayName>ジャンプ垂直移動加速度[m/s^2]</DisplayName>
      <Description>ジャンプ時の垂直移動加速度</Description>
      <Minimum>0</Minimum>
      <Maximum>9999</Maximum>
      <Increment>0.1</Increment>
      <SortID>2000</SortID>
    </Field>
    <Field Def="f32 flyBoostHorizontalMaxSpeedKMPH">
      <DisplayName>飛行ブースト水平移動最高速度[km/h]</DisplayName>
      <Description>飛行ブースト水平移動最高速度</Description>
      <Minimum>0</Minimum>
      <Maximum>9999</Maximum>
      <Increment>1</Increment>
      <SortID>3000</SortID>
    </Field>
    <Field Def="f32 flyBoostHorizontalStartAccelMPSS">
      <DisplayName>飛行ブースト水平移動開始加速度[m/s^2]</DisplayName>
      <Description>飛行ブースト水平移動開始加速度</Description>
      <Minimum>0</Minimum>
      <Maximum>9999</Maximum>
      <Increment>0.1</Increment>
      <SortID>3100</SortID>
    </Field>
    <Field Def="f32 upperBoostMaxSpeedKMPH">
      <DisplayName>上昇ブースト最高速度[km/h]</DisplayName>
      <Description>上昇ブースト最高速度</Description>
      <Minimum>0</Minimum>
      <Maximum>9999</Maximum>
      <Increment>1</Increment>
      <SortID>4000</SortID>
    </Field>
    <Field Def="f32 upperBoostStartAccelMPSS">
      <DisplayName>上昇ブースト開始加速度[m/s^2]</DisplayName>
      <Description>上昇ブースト開始加速度</Description>
      <Minimum>0</Minimum>
      <Maximum>9999</Maximum>
      <Increment>0.1</Increment>
      <SortID>4100</SortID>
    </Field>
    <Field Def="f32 quickBoostMaxSpeedKMPH">
      <DisplayName>クイックブースト最高速度[km/h]</DisplayName>
      <Description>QB最高速度</Description>
      <Minimum>0</Minimum>
      <Maximum>9999</Maximum>
      <Increment>1</Increment>
      <SortID>5000</SortID>
    </Field>
    <Field Def="f32 quickBoostAccelMPSS">
      <DisplayName>クイックブースト加速度[m/s^2]</DisplayName>
      <Description>QB加速度</Description>
      <Minimum>0</Minimum>
      <Maximum>9999</Maximum>
      <Increment>0.1</Increment>
      <SortID>5100</SortID>
    </Field>
    <Field Def="f32 landingHorizontalBrakeUseSlowKMH">
      <DisplayName>この速度以下で低速接地ブレーキ[km/h]</DisplayName>
      <Description>この速度以下になると低速接地ブレーキが使われる</Description>
      <Minimum>0</Minimum>
      <Maximum>9999</Maximum>
      <Increment>1</Increment>
      <SortID>11000</SortID>
    </Field>
    <Field Def="f32 landingHorizontalBrakeUseFastKMH">
      <DisplayName>この速度以上で高速接地ブレーキ[km/h]</DisplayName>
      <Description>この速度以上になると高速接地ブレーキが使われる</Description>
      <Minimum>0</Minimum>
      <Maximum>9999</Maximum>
      <Increment>1</Increment>
      <SortID>11100</SortID>
    </Field>
    <Field Def="f32 landingHorizontalSlowBrakeMPSS">
      <DisplayName>低速接地水平ブレーキ[m/s^2]</DisplayName>
      <Description>低速時の接地ブレーキ</Description>
      <Minimum>0</Minimum>
      <Maximum>9999</Maximum>
      <Increment>0.1</Increment>
      <SortID>11200</SortID>
    </Field>
    <Field Def="f32 landingHorizontalFastBrakeMPSS">
      <DisplayName>高速接地水平ブレーキ[m/s^2]</DisplayName>
      <Description>高速時の接地ブレーキ</Description>
      <Minimum>0</Minimum>
      <Maximum>9999</Maximum>
      <Increment>0.1</Increment>
      <SortID>11300</SortID>
    </Field>
    <Field Def="f32 quickBoostUpperMaxSpeedKMPH">
      <DisplayName>クイックブースト上昇最高速度[km/h]</DisplayName>
      <Description>QB時上昇最高速度</Description>
      <Minimum>0</Minimum>
      <Maximum>9999</Maximum>
      <Increment>1</Increment>
      <SortID>5200</SortID>
    </Field>
    <Field Def="f32 quickBoostUpperAccelMPSS">
      <DisplayName>クイックブースト上昇加速度[m/s^2]</DisplayName>
      <Description>QB時上昇加速度</Description>
      <Minimum>-9999</Minimum>
      <Maximum>9999</Maximum>
      <Increment>0.1</Increment>
      <SortID>5300</SortID>
    </Field>
    <Field Def="f32 dashBoostMaxAccelMPSS">
      <DisplayName>ダッシュブースト最高加速度[m/s^2]</DisplayName>
      <Description>ダッシュブースト時の最高加速度</Description>
      <Minimum>0</Minimum>
      <Maximum>9999</Maximum>
      <Increment>0.1</Increment>
      <SortID>1200</SortID>
    </Field>
    <Field Def="f32 dashBoostBeginAccelTimeSec">
      <DisplayName>ダッシュブースト開始加速度継続時間[sec]</DisplayName>
      <Description>ダッシュブースト開始加速度の継続時間</Description>
      <Minimum>0</Minimum>
      <Maximum>9999</Maximum>
      <Increment>0.1</Increment>
      <SortID>1300</SortID>
    </Field>
    <Field Def="f32 dashBoostBeginToMaxAccelTimeSec">
      <DisplayName>ダッシュブースト開始→最高加速度時間[sec]</DisplayName>
      <Description>ダッシュブースト開始時加速度から最高加速度になるまでの時間</Description>
      <Minimum>0</Minimum>
      <Maximum>9999</Maximum>
      <Increment>0.1</Increment>
      <SortID>1400</SortID>
    </Field>
    <Field Def="f32 flyBoostHorizontalMaxAccelMPSS">
      <DisplayName>飛行ブースト水平移動最高加速度[m/s^2]</DisplayName>
      <Description>飛行ブースト水平移動時の最高加速度+</Description>
      <Minimum>0</Minimum>
      <Maximum>9999</Maximum>
      <Increment>0.1</Increment>
      <SortID>3200</SortID>
    </Field>
    <Field Def="f32 flyBoostHorizontalBeginAccelTimeSec">
      <DisplayName>飛行ブースト水平移動開始加速度継続時間[sec]</DisplayName>
      <Description>飛行ブースト水平移動開始加速度の継続時間</Description>
      <Minimum>0</Minimum>
      <Maximum>9999</Maximum>
      <Increment>0.1</Increment>
      <SortID>3300</SortID>
    </Field>
    <Field Def="f32 flyBoostHorizontalBeginToMaxAccelTimeSec">
      <DisplayName>飛行ブースト水平移動開始→最高加速度時間[sec]</DisplayName>
      <Description>飛行ブースト水平移動開始時加速度から最高加速度になるまでの時間</Description>
      <Minimum>0</Minimum>
      <Maximum>9999</Maximum>
      <Increment>0.1</Increment>
      <SortID>3400</SortID>
    </Field>
    <Field Def="f32 upperBoostMaxAccelMPSS">
      <DisplayName>上昇ブースト最高加速度[m/s^2]</DisplayName>
      <Description>上昇ブースト時の最高加速度</Description>
      <Minimum>0</Minimum>
      <Maximum>9999</Maximum>
      <Increment>0.1</Increment>
      <SortID>4200</SortID>
    </Field>
    <Field Def="f32 upperBoostBeginAccelTimeSec">
      <DisplayName>上昇ブースト開始加速度継続時間[sec]</DisplayName>
      <Description>上昇ブースト開始加速度の継続時間</Description>
      <Minimum>0</Minimum>
      <Maximum>9999</Maximum>
      <Increment>0.1</Increment>
      <SortID>4300</SortID>
    </Field>
    <Field Def="f32 upperBoostBeginToMaxAccelTimeSec">
      <DisplayName>上昇ブースト開始→最高加速度時間[sec]</DisplayName>
      <Description>上昇ブースト開始時加速度から最高加速度になるまでの時間</Description>
      <Minimum>0</Minimum>
      <Maximum>9999</Maximum>
      <Increment>0.1</Increment>
      <SortID>4400</SortID>
    </Field>
    <Field Def="f32 quickBoostAccelTimeSec">
      <DisplayName>クイックブースト加速度時間[sec]</DisplayName>
      <Description>QB加速時間</Description>
      <Minimum>0</Minimum>
      <Maximum>99</Maximum>
      <Increment>0.1</Increment>
      <SortID>5400</SortID>
    </Field>
    <Field Def="f32 movementToAnimMoveBrakeMPSS">
      <DisplayName>制御移動→アニメ移動でのブレーキ[m/s^2]</DisplayName>
      <Description>Movementでの移動からアニメ移動に切り替えた時のブレーキ</Description>
      <Minimum>0</Minimum>
      <Maximum>9999</Maximum>
      <Increment>0.1</Increment>
      <SortID>21000</SortID>
    </Field>
    <Field Def="f32 guardBrakeRateAtBoost = 1">
      <DisplayName>ブーストから割り込みガードした際のブレーキ倍率</DisplayName>
      <Description>ブーストから割り込みガードした際のブレーキ倍率</Description>
      <Minimum>0</Minimum>
      <Maximum>9999</Maximum>
      <Increment>0.1</Increment>
      <SortID>30000</SortID>
    </Field>
    <Field Def="f32 guardBrakeRateAtQuickBoost = 1">
      <DisplayName>QBから割り込みでガードした際のブレーキ倍率</DisplayName>
      <Description>QBから割り込みでガードした際のブレーキ倍率</Description>
      <Minimum>0</Minimum>
      <Maximum>9999</Maximum>
      <Increment>0.1</Increment>
      <SortID>30001</SortID>
    </Field>
    <Field Def="f32 guardBrakeRateAtNormalBrake = 1">
      <DisplayName>ブレーキから割り込みでガードした際のブレーキ倍率</DisplayName>
      <Description>ブレーキから割り込みでガードした際のブレーキ倍率</Description>
      <Minimum>0</Minimum>
      <Maximum>9999</Maximum>
      <Increment>0.1</Increment>
      <SortID>30002</SortID>
    </Field>
    <Field Def="dummy8 pad4[68]">
      <DisplayName>パディング</DisplayName>
      <DisplayFormat>%f</DisplayFormat>
      <EditFlags>Wrap</EditFlags>
      <SortID>990013</SortID>
    </Field>
    <Field Def="f32 minStiffSpeedKMPH">
      <DisplayName>最小硬直時間になる速度[km/h]</DisplayName>
      <Description>この速度以下で着地した時に最小硬直時間になる</Description>
      <Minimum>0</Minimum>
      <Maximum>9999</Maximum>
      <Increment>1</Increment>
      <SortID>40000</SortID>
    </Field>
    <Field Def="f32 minStiffTimeSec">
      <DisplayName>最小硬直時間[sec]</DisplayName>
      <Description>最小着地硬直時間</Description>
      <Minimum>0</Minimum>
      <Maximum>9999</Maximum>
      <Increment>0.1</Increment>
      <SortID>40010</SortID>
    </Field>
    <Field Def="f32 maxStiffSpeedKMPH">
      <DisplayName>最大硬直時間になる速度[km/h]</DisplayName>
      <Description>この速度以上で着地した時に最大硬直時間になる</Description>
      <Minimum>0</Minimum>
      <Maximum>9999</Maximum>
      <Increment>1</Increment>
      <SortID>40020</SortID>
    </Field>
    <Field Def="f32 maxStiffTimeSec">
      <DisplayName>最大硬直時間[sec]</DisplayName>
      <Description>最大着地硬直時間</Description>
      <Minimum>0</Minimum>
      <Maximum>9999</Maximum>
      <Increment>0.1</Increment>
      <SortID>40030</SortID>
    </Field>
    <Field Def="f32 realVelocityFeedBackRate">
      <DisplayName>実際の移動量を反映する割合</DisplayName>
      <Description>この値が小さいほど重量感が増す</Description>
      <Minimum>0</Minimum>
      <Maximum>1</Maximum>
      <SortID>90010</SortID>
    </Field>
    <Field Def="f32 superJumpUpperBoostMaxSpeedKMPH">
      <DisplayName>大ジャンプ上昇ブースト最高速度[km/h]</DisplayName>
      <Description>大ジャンプ上昇ブースト最高速度[km/h]</Description>
      <Minimum>0</Minimum>
      <Maximum>9999</Maximum>
      <Increment>0.1</Increment>
      <SortID>4500</SortID>
    </Field>
    <Field Def="f32 superJumpUpperBoostStartAccelMPSS">
      <DisplayName>大ジャンプ上昇ブースト開始加速度[m/s^2]</DisplayName>
      <Description>大ジャンプ上昇ブースト開始加速度[m/s^2]</Description>
      <Minimum>0</Minimum>
      <Maximum>9999</Maximum>
      <Increment>0.1</Increment>
      <SortID>4600</SortID>
    </Field>
    <Field Def="f32 superJumpUpperBoostMaxAccelMPSS">
      <DisplayName>大ジャンプ上昇ブースト最高加速度[m/s^2]</DisplayName>
      <Description>大ジャンプ上昇ブースト時の最高加速度</Description>
      <Minimum>0</Minimum>
      <Maximum>9999</Maximum>
      <Increment>0.1</Increment>
      <SortID>4700</SortID>
    </Field>
    <Field Def="f32 superJumpUpperBoostTimeSec">
      <DisplayName>大ジャンプ上昇ブースト継続時間[sec]</DisplayName>
      <Description>大ジャンプ上昇ブーストの継続時間。この時間を過ぎるとアクションを終了する</Description>
      <Minimum>0</Minimum>
      <Maximum>9999</Maximum>
      <Increment>0.1</Increment>
      <SortID>4800</SortID>
    </Field>
    <Field Def="f32 superJumpUpperBoostBeginAccelTimeSec">
      <DisplayName>大ジャンプ上昇ブースト開始加速度継続時間[sec]</DisplayName>
      <Description>大ジャンプ上昇ブースト開始加速度の継続時間</Description>
      <Minimum>0</Minimum>
      <Maximum>9999</Maximum>
      <Increment>0.1</Increment>
      <SortID>4710</SortID>
    </Field>
    <Field Def="f32 superJumpUpperBoostBeginToMaxAccelTimeSec">
      <DisplayName>大ジャンプ上昇ブースト開始→最高加速度時間[sec]</DisplayName>
      <Description>大ジャンプ上昇ブースト開始時加速度から最高加速度になるまでの時間</Description>
      <Minimum>0</Minimum>
      <Maximum>9999</Maximum>
      <Increment>0.1</Increment>
      <SortID>4720</SortID>
    </Field>
    <Field Def="f32 quickBoostAddSpeedToBoostMaxSpeedKMPH">
      <DisplayName>ダッシュブースト中クイックブースト最高速度加算値[km/h]</DisplayName>
      <Description>ダッシュブースト中にクイックブーストした際に、ダッシュブースト最高速度に加算される値</Description>
      <Minimum>0</Minimum>
      <Maximum>9999</Maximum>
      <Increment>0.1</Increment>
      <SortID>5500</SortID>
    </Field>
    <Field Def="u8 quickTurn_MaxTurnAngleDeg = 180">
      <DisplayName>クイックターン最大旋回角度[deg]</DisplayName>
      <Description>クイックターンでの最大旋回角度</Description>
      <Maximum>180</Maximum>
      <SortID>6000</SortID>
    </Field>
    <Field Def="u8 bLandBrakeEnable">
      <DisplayName>地上ブレーキが有効か</DisplayName>
      <Enum>NPC_BOOL</Enum>
      <Description>飛行するだけの敵はOFFで</Description>
      <Maximum>1</Maximum>
      <SortID>90000</SortID>
    </Field>
    <Field Def="dummy8 pad1[2]">
      <DisplayName>パディング</DisplayName>
      <DisplayFormat>%f</DisplayFormat>
      <EditFlags>Wrap</EditFlags>
      <SortID>990014</SortID>
    </Field>
    <Field Def="f32 quickTurn_MaxTurnTimeSec">
      <DisplayName>クイックターン最大旋回時間[sec]</DisplayName>
      <Description>クイックターンの最大旋回時間</Description>
      <Minimum>0</Minimum>
      <Maximum>99</Maximum>
      <SortID>6100</SortID>
    </Field>
    <Field Def="s16 roundDashMaxSpeedKMPH">
      <DisplayName>ダッシュ回り込み最高速度[km/h]</DisplayName>
      <Description>ダッシュ回りこみの時の最高速度</Description>
      <Minimum>0</Minimum>
      <Maximum>9999</Maximum>
      <SortID>7000</SortID>
    </Field>
    <Field Def="dummy8 pad3[2]">
      <DisplayName>パディング</DisplayName>
      <DisplayFormat>%f</DisplayFormat>
      <EditFlags>Wrap</EditFlags>
      <SortID>990015</SortID>
    </Field>
    <Field Def="f32 roundDashAccelMPSS">
      <DisplayName>ダッシュ回り込み加速度[m/s^2]</DisplayName>
      <Description>ダッシュ回りこみの加速度</Description>
      <Minimum>0</Minimum>
      <Maximum>9999</Maximum>
      <Increment>0.1</Increment>
      <SortID>7100</SortID>
    </Field>
    <Field Def="f32 roundDashBrakeMPSS">
      <DisplayName>ダッシュ回り込みブレーキ[m/s^2]</DisplayName>
      <Description>ダッシュ回りこみのブレーキ</Description>
      <Minimum>0</Minimum>
      <Maximum>9999</Maximum>
      <Increment>0.1</Increment>
      <SortID>7200</SortID>
    </Field>
    <Field Def="f32 bladeBrakeFromBoostMPSS">
      <DisplayName>ブーストorダッシュからの格闘攻撃時のブレーキ量[m/s^2]</DisplayName>
      <Description>ブーストorダッシュからの格闘攻撃時に使用されるブレーキ量</Description>
      <Minimum>0</Minimum>
      <Maximum>9999</Maximum>
      <Increment>0.1</Increment>
      <SortID>11700</SortID>
    </Field>
    <Field Def="f32 bladeBrakeFromQuickBoostMPSS">
      <DisplayName>クイックブーストからの格闘攻撃時のブレーキ量[m/s^2]</DisplayName>
      <Description>クイックブーストからの格闘攻撃時に使用されるブレーキ量</Description>
      <Minimum>0</Minimum>
      <Maximum>9999</Maximum>
      <Increment>0.1</Increment>
      <SortID>11700</SortID>
    </Field>
    <Field Def="f32 roundDashFallAccelMPSS">
      <DisplayName>ダッシュ回り込み急降下加速度[m/s^2]</DisplayName>
      <Description>ダッシュ回りこみの急降下加速度</Description>
      <Minimum>0</Minimum>
      <Maximum>9999</Maximum>
      <Increment>0.1</Increment>
      <SortID>7150</SortID>
    </Field>
    <Field Def="f32 cunterBoostBrakeMPSS">
      <DisplayName>ブースト逆噴射時ブレーキ量[m/s^2]</DisplayName>
      <Description>ブースターを逆噴射した時のブレーキ量</Description>
      <Minimum>0</Minimum>
      <Maximum>9999</Maximum>
      <Increment>0.1</Increment>
      <SortID>11800</SortID>
    </Field>
    <Field Def="f32 cunterBoostBrakeMaxTimeSec">
      <DisplayName>ブースト逆噴射時最大まで時間[sec]</DisplayName>
      <Description>ブースターを逆噴射した時のブレーキ量が最大になるまでの時間（秒）</Description>
      <Minimum>0</Minimum>
      <Maximum>9999</Maximum>
      <Increment>0.1</Increment>
      <SortID>11900</SortID>
    </Field>
    <Field Def="f32 flyBoostBrakeMPSS">
      <DisplayName>飛行ブースト時最大ブレーキ量[m/s^2]</DisplayName>
      <Description>飛行ブーストでニュートラルや切り返し移動した時のブレーキ量</Description>
      <Minimum>0</Minimum>
      <Maximum>9999</Maximum>
      <Increment>0.1</Increment>
      <SortID>12200</SortID>
    </Field>
    <Field Def="f32 flyBoostBrakeMaxTimeSec">
      <DisplayName>飛行ブースト時最大ブレーキまで時間[sec]</DisplayName>
      <Description>飛行ブーストでニュートラルや切り返し移動した時のブレーキ量が最大になるまでの時間（秒）</Description>
      <Minimum>0</Minimum>
      <Maximum>9999</Maximum>
      <Increment>0.1</Increment>
      <SortID>12300</SortID>
    </Field>
    <Field Def="f32 uTurnBrakeMPSS">
      <DisplayName>ブースト中Uターン時最大ブレーキ量[m/s^2]</DisplayName>
      <Description>ブースト移動中の１８０度ターンのときのブレーキ量</Description>
      <Minimum>0</Minimum>
      <Maximum>9999</Maximum>
      <Increment>0.1</Increment>
      <SortID>12000</SortID>
    </Field>
    <Field Def="f32 upperQuickBoostMaxSpeedKMPH">
      <DisplayName>上昇クイックブースト上昇最高速度[km/h]</DisplayName>
      <Description>上昇QB最高速度</Description>
      <Minimum>0</Minimum>
      <Maximum>9999</Maximum>
      <Increment>1</Increment>
      <SortID>5600</SortID>
    </Field>
    <Field Def="f32 upperQuickBoostAccelMPSS">
      <DisplayName>上昇クイックブースト上昇加速度[m/s^2]</DisplayName>
      <Description>上昇QB加速度</Description>
      <Minimum>0</Minimum>
      <Maximum>9999</Maximum>
      <Increment>0.1</Increment>
      <SortID>5610</SortID>
    </Field>
    <Field Def="f32 upperQuickBoostHorizontalMaxSpeedKMPH">
      <DisplayName>上昇クイックブースト水平方向最高速度[km/h]</DisplayName>
      <Description>上昇QB水平方向の最高速度</Description>
      <Minimum>0</Minimum>
      <Maximum>9999</Maximum>
      <Increment>1</Increment>
      <SortID>5620</SortID>
    </Field>
    <Field Def="f32 upperQuickBoostHorizontalAccelMPSS">
      <DisplayName>上昇クイックブースト水平方向加速度[m/s^2]</DisplayName>
      <Description>上昇QB水平方向の加速度</Description>
      <Minimum>0</Minimum>
      <Maximum>9999</Maximum>
      <Increment>0.1</Increment>
      <SortID>5630</SortID>
    </Field>
    <Field Def="f32 fallQuickBoostAccelMPSS">
      <DisplayName>急降下クイックブースト加速度[m/s^2]</DisplayName>
      <Description>急降下QB加速度</Description>
      <Minimum>0</Minimum>
      <Maximum>9999</Maximum>
      <Increment>0.1</Increment>
      <SortID>5710</SortID>
    </Field>
    <Field Def="f32 fallQuickBoostHorizontalMaxSpeedKMPH">
      <DisplayName>急降下クイックブースト水平方向最高速度[km/h]</DisplayName>
      <Description>急降下QB水平方向の最高速度</Description>
      <Minimum>0</Minimum>
      <Maximum>9999</Maximum>
      <Increment>1</Increment>
      <SortID>5720</SortID>
    </Field>
    <Field Def="f32 fallQuickBoostHorizontalAccelMPSS">
      <DisplayName>急降下クイックブースト水平方向加速度[m/s^2]</DisplayName>
      <Description>急降下QB水平方向の加速度</Description>
      <Minimum>0</Minimum>
      <Maximum>9999</Maximum>
      <Increment>0.1</Increment>
      <SortID>5730</SortID>
    </Field>
    <Field Def="f32 bladeHomingHorizontalMaxSpeedKMPH">
      <DisplayName>ブレホ水平移動最高速度[km/h]</DisplayName>
      <Description>ブレホ水平移動の最高速度</Description>
      <Minimum>0</Minimum>
      <Maximum>9999</Maximum>
      <Increment>1</Increment>
      <SortID>9000</SortID>
    </Field>
    <Field Def="f32 bladeHomingHorizontalAccelMPSS">
      <DisplayName>ブレホ水平移動加速度[m/s^2]</DisplayName>
      <Description>ブレホ水平移動の加速度</Description>
      <Minimum>0</Minimum>
      <Maximum>9999</Maximum>
      <Increment>0.1</Increment>
      <SortID>9010</SortID>
    </Field>
    <Field Def="f32 slidingMaxSpeedKMPH">
      <DisplayName>スライディング最高速度[km/h]</DisplayName>
      <Description>スライディング最高速度</Description>
      <Minimum>0</Minimum>
      <Maximum>9999</Maximum>
      <Increment>1</Increment>
      <SortID>5810</SortID>
    </Field>
    <Field Def="f32 slidingBoostAccelMPSS">
      <DisplayName>スライディング加速度[m/s^2]</DisplayName>
      <Description>スライディング加速度</Description>
      <Minimum>0</Minimum>
      <Maximum>9999</Maximum>
      <Increment>0.1</Increment>
      <SortID>5820</SortID>
    </Field>
    <Field Def="f32 flyEnemyMoveMaxSpeedKMPH_H">
      <DisplayName>【飛行敵移動】水平方向最高速度[km/h]</DisplayName>
      <Description>水平方向の最高速度</Description>
      <Minimum>0</Minimum>
      <Maximum>9999</Maximum>
      <Increment>1</Increment>
      <SortID>100</SortID>
    </Field>
    <Field Def="f32 flyEnemyMoveAccelMPSS_H">
      <DisplayName>【飛行敵移動】水平方向加速度[m/s^2]</DisplayName>
      <Description>水平方向の加速度</Description>
      <Minimum>0</Minimum>
      <Maximum>9999</Maximum>
      <Increment>0.1</Increment>
      <SortID>110</SortID>
    </Field>
    <Field Def="f32 flyEnemyMoveMaxSpeedKMPH_V">
      <DisplayName>【飛行敵移動】垂直方向最高速度[km/h]</DisplayName>
      <Description>垂直方向の最高速度</Description>
      <Minimum>0</Minimum>
      <Maximum>9999</Maximum>
      <Increment>1</Increment>
      <SortID>200</SortID>
    </Field>
    <Field Def="f32 flyEnemyMoveAccelMPSS_V">
      <DisplayName>【飛行敵移動】垂直方向加速度[m/s^2]</DisplayName>
      <Description>垂直方向の加速度</Description>
      <Minimum>0</Minimum>
      <Maximum>9999</Maximum>
      <Increment>0.1</Increment>
      <SortID>210</SortID>
    </Field>
    <Field Def="f32 flyHorizontalBrakeMPSS">
      <DisplayName>空中最高水平速度超過時ブレーキ[m/s^2] </DisplayName>
      <Description>空中で最高水平速度を超えた際に、最高速度へ丸めようとするブレーキ量 </Description>
      <Minimum>0</Minimum>
      <Maximum>9999</Maximum>
      <Increment>0.1</Increment>
      <SortID>12000</SortID>
    </Field>
    <Field Def="f32 flyUpBrakeMPSS">
      <DisplayName>空中最高上昇速度超過時ブレーキ[m/s^2] </DisplayName>
      <Description>空中で最高上昇速度を超えた際に、最高速度へ丸めようとするブレーキ量 </Description>
      <Minimum>0</Minimum>
      <Maximum>9999</Maximum>
      <Increment>0.1</Increment>
      <SortID>12100</SortID>
    </Field>
    <Field Def="f32 flyDownBrakeMPSS">
      <DisplayName>空中最高下降速度超過時ブレーキ[m/s^2] </DisplayName>
      <Description>空中で最高下降速度を超えた際に、最高速度へ丸めようとするブレーキ量 </Description>
      <Minimum>0</Minimum>
      <Maximum>9999</Maximum>
      <Increment>0.1</Increment>
      <SortID>12110</SortID>
    </Field>
    <Field Def="f32 bladeHomingLandBrakeMPSS">
      <DisplayName>地上ブレホブレーキ量[m/s^2]</DisplayName>
      <Description>地上ブレホ中のブレーキ量</Description>
      <Minimum>0</Minimum>
      <Maximum>9999</Maximum>
      <Increment>0.1</Increment>
      <SortID>9100</SortID>
    </Field>
    <Field Def="f32 bladeHomingFlyBrakeMPSS">
      <DisplayName>空中ブレホブレーキ量[m/s^2]</DisplayName>
      <Description>空中ブレホ中のブレーキ量</Description>
      <Minimum>0</Minimum>
      <Maximum>9999</Maximum>
      <Increment>0.1</Increment>
      <SortID>9110</SortID>
    </Field>
    <Field Def="f32 damageBrake_BeginBrakeMPSS">
      <DisplayName>【ダメージブレーキ】開始時ブレーキ[m/s^2]</DisplayName>
      <Description>ダメージブレーキ開始時のブレーキ量</Description>
      <Minimum>0</Minimum>
      <Maximum>9999</Maximum>
      <Increment>0.1</Increment>
      <SortID>13000</SortID>
    </Field>
    <Field Def="f32 damageBrake_PeakBrakeMPSS">
      <DisplayName>【ダメージブレーキ】ピーク時ブレーキ[m/s^2]</DisplayName>
      <Description>ダメージブレーキのピークブレーキ量</Description>
      <Minimum>0</Minimum>
      <Maximum>9999</Maximum>
      <Increment>0.1</Increment>
      <SortID>13010</SortID>
    </Field>
    <Field Def="f32 damageBrake_BeginToPeakTimeSec">
      <DisplayName>【ダメージブレーキ】開始からピークまでの時間[sec]</DisplayName>
      <Description>ダメージブレーキ開始からピークまでかかる時間</Description>
      <Minimum>0</Minimum>
      <Maximum>99</Maximum>
      <Increment>0.1</Increment>
      <SortID>13020</SortID>
    </Field>
    <Field Def="f32 wireMoveMaxSpeedKMPH">
      <DisplayName>ワイヤー移動最高速度[km/h]</DisplayName>
      <Description>ワイヤー移動の最高速度</Description>
      <Minimum>0</Minimum>
      <Maximum>9999</Maximum>
      <Increment>1</Increment>
      <SortID>8100</SortID>
    </Field>
    <Field Def="f32 wireMoveAccelMPSS">
      <DisplayName>ワイヤー移動加速度[m/s^2]</DisplayName>
      <Description>ワイヤー移動の加速度</Description>
      <Minimum>0</Minimum>
      <Maximum>9999</Maximum>
      <Increment>0.1</Increment>
      <SortID>8110</SortID>
    </Field>
    <Field Def="f32 damageBrake_TimerResetDelayTime">
      <DisplayName>【ダメージブレーキ】経過時間リセット猶予時間[sec]</DisplayName>
      <Description>ノックバック速度が0になってからダメージブレーキ用タイマーがリセットするまでの時間</Description>
      <DisplayFormat>%.2f</DisplayFormat>
      <Minimum>0</Minimum>
      <Maximum>999</Maximum>
      <SortID>13050</SortID>
    </Field>
    <Field Def="f32 upperBoostMaxDownSpeedKMPH">
      <DisplayName>上昇ブースト最高下降速度[km/h]</DisplayName>
      <Description>上昇ブーストの下降最高速度</Description>
      <Minimum>0</Minimum>
      <Maximum>9999</Maximum>
      <Increment>1</Increment>
      <SortID>4010</SortID>
    </Field>
    <Field Def="f32 landDeadBrakeMPSS">
      <DisplayName>死亡時地上ブレーキ量[m/s^2]</DisplayName>
      <Description>死亡しているときの地上ブレーキ量</Description>
      <Minimum>0</Minimum>
      <Maximum>9999</Maximum>
      <Increment>0.1</Increment>
      <SortID>20000</SortID>
    </Field>
    <Field Def="f32 flyDeadBrakeMPSS">
      <DisplayName>死亡時空中ブレーキ量[m/s^2]</DisplayName>
      <Description>死亡しているときの空中ブレーキ量</Description>
      <Minimum>0</Minimum>
      <Maximum>9999</Maximum>
      <Increment>0.1</Increment>
      <SortID>20010</SortID>
    </Field>
    <Field Def="f32 BladeHomingAccelTimeSec">
      <DisplayName>ブレホ加速度時間[sec]</DisplayName>
      <Description>ブレホ加速時間</Description>
      <Minimum>0</Minimum>
      <Maximum>99</Maximum>
      <Increment>0.1</Increment>
      <SortID>9060</SortID>
    </Field>
    <Field Def="f32 jumpHorizontalMaxSpeedFromVehicleKMPH">
      <DisplayName>ビークルからのジャンプ水平移動最高速度[km/h]</DisplayName>
      <Description>ビークルからのジャンプ時の水平移動最高速度</Description>
      <Minimum>0</Minimum>
      <Maximum>9999</Maximum>
      <Increment>1</Increment>
      <SortID>2500</SortID>
    </Field>
    <Field Def="f32 jumpHorizontalAccelFromVehicleMPSS">
      <DisplayName>ビークルからのジャンプ水平移動加速度[m/s^2]</DisplayName>
      <Description>ビークルからのジャンプ時の水平移動加速度</Description>
      <Minimum>0</Minimum>
      <Maximum>9999</Maximum>
      <Increment>0.1</Increment>
      <SortID>2600</SortID>
    </Field>
    <Field Def="f32 jumpUpperMaxSpeedFromVehicleKMPH">
      <DisplayName>ビークルからのジャンプ垂直移動最高速度[km/h]</DisplayName>
      <Description>ビークルからのジャンプ時の垂直移動最高速度</Description>
      <Minimum>0</Minimum>
      <Maximum>9999</Maximum>
      <Increment>1</Increment>
      <SortID>2700</SortID>
    </Field>
    <Field Def="f32 jumpUpperAccelFromVehicleMPSS">
      <DisplayName>ビークルからのジャンプ垂直移動加速度[m/s^2]</DisplayName>
      <Description>ビークルからのジャンプ時の垂直移動加速度</Description>
      <Minimum>0</Minimum>
      <Maximum>9999</Maximum>
      <Increment>0.1</Increment>
      <SortID>2800</SortID>
    </Field>
    <Field Def="f32 wallJumpMaxSpeedKMPH">
      <DisplayName>三角飛び最高速度[km/h]</DisplayName>
      <Description>三角飛びの最高速度</Description>
      <Minimum>0</Minimum>
      <Maximum>9999</Maximum>
      <Increment>1</Increment>
      <SortID>8000</SortID>
    </Field>
    <Field Def="f32 wallJumpAccelMPSS">
      <DisplayName>三角飛び加速度[m/s^2]</DisplayName>
      <Description>三角飛びの加速度</Description>
      <Minimum>0</Minimum>
      <Maximum>9999</Maximum>
      <Increment>0.1</Increment>
      <SortID>8010</SortID>
    </Field>
    <Field Def="f32 wallJumpAccelTimeSec">
      <DisplayName>三角飛び加速時間[sec]</DisplayName>
      <Description>三角飛びの加速時間</Description>
      <Minimum>0</Minimum>
      <Maximum>99</Maximum>
      <Increment>0.1</Increment>
      <SortID>8020</SortID>
    </Field>
    <Field Def="f32 wallJumpAddUpMaxSpeedKMPH">
      <DisplayName>三角飛び追加上昇最高速度[km/h]</DisplayName>
      <Description>三角飛びで追加する上昇最高速度</Description>
      <Minimum>0</Minimum>
      <Maximum>9999</Maximum>
      <Increment>1</Increment>
      <SortID>8012</SortID>
    </Field>
    <Field Def="f32 wallJumpAddUpAccelMPSS">
      <DisplayName>三角飛び追加上昇加速度[m/s^2]</DisplayName>
      <Description>三角飛びで追加する上昇加速度</Description>
      <Minimum>0</Minimum>
      <Maximum>9999</Maximum>
      <Increment>0.1</Increment>
      <SortID>8014</SortID>
    </Field>
    <Field Def="f32 minAnimMoveAccelMPSS = 300">
      <DisplayName>最低保証アニメ移動加速度[m/s^2]</DisplayName>
      <Description>アニメ移動するときの最低保証加速度</Description>
      <Minimum>0</Minimum>
      <Maximum>9999</Maximum>
      <Increment>0.1</Increment>
      <SortID>21000</SortID>
    </Field>
    <Field Def="f32 SlowBrakeAnimKMPH">
      <DisplayName>低速ブレーキアニメ再生[km/h]</DisplayName>
      <Description>この値以下の水平速度のときにで低速用ブレーキアニメ切り替えを行います</Description>
      <Minimum>0</Minimum>
      <Maximum>9999</Maximum>
      <Increment>0.1</Increment>
      <SortID>12400</SortID>
    </Field>
    <Field Def="f32 flyEnemyBoostMoveMaxSpeedKMPH_H">
      <DisplayName>【飛行敵ブースト移動】水平方向最高速度[km/h]</DisplayName>
      <Description>水平方向の最高速度</Description>
      <Minimum>0</Minimum>
      <Maximum>9999</Maximum>
      <Increment>1</Increment>
      <SortID>300</SortID>
    </Field>
    <Field Def="f32 flyEnemyBoostMoveAccelMPSS_H">
      <DisplayName>【飛行敵ブースト移動】水平方向加速度[m/s^2]</DisplayName>
      <Description>水平方向の加速度</Description>
      <Minimum>0</Minimum>
      <Maximum>9999</Maximum>
      <Increment>0.1</Increment>
      <SortID>310</SortID>
    </Field>
    <Field Def="f32 flyEnemyBoostMoveMaxSpeedKMPH_V">
      <DisplayName>【飛行敵ブースト移動】垂直方向最高速度[km/h]</DisplayName>
      <Description>垂直方向の最高速度</Description>
      <Minimum>0</Minimum>
      <Maximum>9999</Maximum>
      <Increment>1</Increment>
      <SortID>400</SortID>
    </Field>
    <Field Def="f32 flyEnemyBoostMoveAccelMPSS_V">
      <DisplayName>【飛行敵ブースト移動】垂直方向加速度[m/s^2] </DisplayName>
      <Description>垂直方向の加速度</Description>
      <Minimum>0</Minimum>
      <Maximum>9999</Maximum>
      <Increment>0.1</Increment>
      <SortID>410</SortID>
    </Field>
    <Field Def="f32 groundEnemyMoveMaxSpeedKMPH_H">
      <DisplayName>【地上敵移動】水平方向最高速度[km/h]</DisplayName>
      <Description>水平方向の最高速度</Description>
      <Minimum>0</Minimum>
      <Maximum>9999</Maximum>
      <Increment>1</Increment>
      <SortID>220</SortID>
    </Field>
    <Field Def="f32 groundEnemyMoveAccelMPSS_H">
      <DisplayName>【地上敵移動】水平方向加速度[m/s^2]</DisplayName>
      <Description>水平方向の加速度</Description>
      <Minimum>0</Minimum>
      <Maximum>9999</Maximum>
      <Increment>0.1</Increment>
      <SortID>230</SortID>
    </Field>
    <Field Def="f32 slopeSlideMoveMaxSpeed_MinAng = 100">
      <DisplayName>斜面移動の最小角度時最高速度[km/h]</DisplayName>
      <Description>斜面移動 - 最小角度時の最高滑り降り速度</Description>
      <Minimum>0</Minimum>
      <Maximum>9999</Maximum>
      <Increment>1</Increment>
      <SortID>6100</SortID>
    </Field>
    <Field Def="f32 slopeSlideMoveMaxSpeed_MaxAng = 300">
      <DisplayName>斜面移動の最大角度時最高速度[km/h]</DisplayName>
      <Description>斜面移動 - 最大角度時の最高滑り降り速度</Description>
      <Minimum>0</Minimum>
      <Maximum>9999</Maximum>
      <Increment>1</Increment>
      <SortID>6100</SortID>
    </Field>
    <Field Def="f32 slopeSlideMoveMaxAccel_MinAng = 50">
      <DisplayName>斜面移動の最小角度時最高加速度[m/s^2]</DisplayName>
      <Description>斜面移動 - 最小角度時の最高滑り降り加速度</Description>
      <Minimum>0</Minimum>
      <Maximum>9999</Maximum>
      <Increment>0.1</Increment>
      <SortID>6110</SortID>
    </Field>
    <Field Def="f32 slopeSlideMoveMaxAccel_MaxAng = 100">
      <DisplayName>斜面移動の最大角度時最高加速度[m/s^2]</DisplayName>
      <Description>斜面移動 - 最大角度時の最高滑り降り加速度</Description>
      <Minimum>0</Minimum>
      <Maximum>9999</Maximum>
      <Increment>0.1</Increment>
      <SortID>6110</SortID>
    </Field>
    <Field Def="u8 slopeSlideMoveMaxSpeedMinAngDeg = 25">
      <DisplayName>斜面移動の最高速度最小角度[deg]</DisplayName>
      <Description>斜面移動 - 滑り降り速度の最小斜面角度</Description>
      <Maximum>90</Maximum>
      <SortID>6100</SortID>
    </Field>
    <Field Def="u8 slopeSlideMoveMaxSpeedMaxAngDeg = 70">
      <DisplayName>斜面移動の最高速度最大角度[deg]</DisplayName>
      <Description>斜面移動 - 滑り降り速度の最大斜面角度</Description>
      <Maximum>90</Maximum>
      <SortID>6100</SortID>
    </Field>
    <Field Def="u8 slopeSlideMoveMaxAccelMinAngDeg = 25">
      <DisplayName>斜面移動の最高加速度最小角度[deg]</DisplayName>
      <Description>斜面移動 - 滑り降り加速度の最小斜面角度</Description>
      <Maximum>90</Maximum>
      <SortID>6110</SortID>
    </Field>
    <Field Def="u8 slopeSlideMoveMaxAccelMaxAngDeg = 70">
      <DisplayName>斜面移動の最高加速度最大角度[deg]</DisplayName>
      <Description>斜面移動 - 滑り降り加速度の最大斜面角度</Description>
      <Maximum>90</Maximum>
      <SortID>6110</SortID>
    </Field>
    <Field Def="f32 slopeSlideMoveDecayRate_MinAng = 0.3">
      <DisplayName>斜面移動の最小角度時減速率</DisplayName>
      <Description>斜面移動 - 最小角度時、パッドを上り方向に入力時減速率</Description>
      <Minimum>0</Minimum>
      <Maximum>1</Maximum>
      <SortID>6120</SortID>
    </Field>
    <Field Def="f32 slopeSlideMoveDecayRate_MaxAng = 0.1">
      <DisplayName>斜面移動の最大角度時減速率</DisplayName>
      <Description>斜面移動 - 最大角度時、パッドを上り方向に入力時減速率</Description>
      <Minimum>0</Minimum>
      <Maximum>1</Maximum>
      <SortID>6120</SortID>
    </Field>
    <Field Def="f32 slopeSlideMoveAccelRate_MinAng = 0.3">
      <DisplayName>斜面移動の最小角度時加速率</DisplayName>
      <Description>斜面移動 - 最小角度時、パッドを下り方向に入力時加速率</Description>
      <Minimum>0</Minimum>
      <Maximum>1</Maximum>
      <SortID>6130</SortID>
    </Field>
    <Field Def="f32 slopeSlideMoveAccelRate_MaxAng = 0.1">
      <DisplayName>斜面移動の最大角度時加速率</DisplayName>
      <Description>斜面移動 - 最大角度時、パッドを下り方向に入力時加速率</Description>
      <Minimum>0</Minimum>
      <Maximum>1</Maximum>
      <SortID>6130</SortID>
    </Field>
    <Field Def="u8 slopeSlideMoveDecayMinAngDeg = 25">
      <DisplayName>斜面移動の減速率最小角度[deg]</DisplayName>
      <Description>斜面移動 - 減速率の最小斜面角度</Description>
      <Maximum>90</Maximum>
      <SortID>6120</SortID>
    </Field>
    <Field Def="u8 slopeSlideMoveDecayMaxAngDeg = 70">
      <DisplayName>斜面移動の減速率最大角度[deg]</DisplayName>
      <Description>斜面移動 - 減速率の最大斜面角度</Description>
      <Maximum>90</Maximum>
      <SortID>6120</SortID>
    </Field>
    <Field Def="u8 slopeSlideMoveAccelMinAngDeg = 25">
      <DisplayName>斜面移動の加速率最小角度[deg]</DisplayName>
      <Description>斜面移動 - 加速率の最小斜面角度</Description>
      <Maximum>90</Maximum>
      <SortID>6130</SortID>
    </Field>
    <Field Def="u8 slopeSlideMoveAccelMaxAngDeg = 70">
      <DisplayName>斜面移動の加速率最大角度[deg]</DisplayName>
      <Description>斜面移動 - 加速率の最大斜面角度</Description>
      <Maximum>90</Maximum>
      <SortID>6130</SortID>
    </Field>
    <Field Def="f32 slopeSlideMoveSideMoveSpeed = 50">
      <DisplayName>斜面移動の左右移動速度[km/h]</DisplayName>
      <Description>斜面移動 - 左右移動の最高速度</Description>
      <Minimum>0</Minimum>
      <Maximum>9999</Maximum>
      <Increment>1</Increment>
      <SortID>6140</SortID>
    </Field>
    <Field Def="f32 slopeSlideMoveSideMoveAccel = 100">
      <DisplayName>斜面移動の左右移動加速度[m/s^2]</DisplayName>
      <Description>斜面移動 - 左右移動の加速度</Description>
      <Minimum>0</Minimum>
      <Maximum>9999</Maximum>
      <Increment>0.1</Increment>
      <SortID>6140</SortID>
    </Field>
    <Field Def="f32 tankLandMaxSpeedKMPH">
      <DisplayName>タンク地上移動_歩行時_最高速度[km/h]</DisplayName>
      <Description>タンク地上移動 - 歩行時の最高速度</Description>
      <Minimum>0</Minimum>
      <Maximum>9999</Maximum>
      <Increment>1</Increment>
      <SortID>4900</SortID>
    </Field>
    <Field Def="f32 tankLandAccelMPSS">
      <DisplayName>タンク地上移動_歩行時_加速度[m/s^2]</DisplayName>
      <Description>タンク地上移動 - 歩行時の加速度</Description>
      <Minimum>0</Minimum>
      <Maximum>9999</Maximum>
      <Increment>0.1</Increment>
      <SortID>4900</SortID>
    </Field>
    <Field Def="f32 tankLandTurnMaxSpeedRate">
      <DisplayName>タンク地上移動_左右移動時の水平移動速度補正割合</DisplayName>
      <Description>タンク地上移動_左右移動時の水平移動速度補正割合</Description>
      <Minimum>0</Minimum>
      <Maximum>1</Maximum>
      <Increment>0.1</Increment>
      <SortID>4903</SortID>
    </Field>
    <Field Def="f32 tankLandTurnMaxAngle">
      <DisplayName>タンク地上移動_左右移動時の水平移動速度補正角度[deg]</DisplayName>
      <Description>タンク地上移動_左右移動時の水平移動速度補正角度</Description>
      <Minimum>0</Minimum>
      <Maximum>180</Maximum>
      <Increment>1</Increment>
      <SortID>4903</SortID>
    </Field>
    <Field Def="f32 tankLandBoostMaxSpeedKMPH">
      <DisplayName>タンク地上移動_走行時_最高速度[km/h]</DisplayName>
      <Description>タンク地上移動 - 走行時最高速度</Description>
      <Minimum>0</Minimum>
      <Maximum>9999</Maximum>
      <Increment>1</Increment>
      <SortID>4901</SortID>
    </Field>
    <Field Def="f32 tankLandBoostAccelMPSS">
      <DisplayName>タンク地上移動_走行時_加速度[m/s^2]</DisplayName>
      <Description>タンク地上移動 - 走行時加速度</Description>
      <Minimum>0</Minimum>
      <Maximum>9999</Maximum>
      <Increment>0.1</Increment>
      <SortID>4901</SortID>
    </Field>
    <Field Def="f32 tankLandBoostBrakeMPSS">
      <DisplayName>タンク地上移動_走行時_ブレーキ量[m/s^2]</DisplayName>
      <Description>タンク地上移動 - 走行時ブレーキ量</Description>
      <Minimum>0</Minimum>
      <Maximum>9999</Maximum>
      <Increment>0.1</Increment>
      <SortID>4901</SortID>
    </Field>
    <Field Def="f32 tankLandBrakeMPSS">
      <DisplayName>タンク地上移動_歩行時_ブレーキ量[m/s^2]</DisplayName>
      <Description>タンク地上移動 - 歩行時ブレーキ量</Description>
      <Minimum>0</Minimum>
      <Maximum>9999</Maximum>
      <Increment>0.1</Increment>
      <SortID>4900</SortID>
    </Field>
    <Field Def="f32 tankLandDashMaxSpeedKMPH">
      <DisplayName>タンク地上移動_ダッシュ時_最高速度[km/h]</DisplayName>
      <Description>タンク地上移動 - ダッシュ時最高速度</Description>
      <Minimum>0</Minimum>
      <Maximum>9999</Maximum>
      <Increment>1</Increment>
      <SortID>4901</SortID>
    </Field>
    <Field Def="f32 tankLandDashAccelMPSS">
      <DisplayName>タンク地上移動_ダッシュ時_加速度[m/s^2]</DisplayName>
      <Description>タンク地上移動 - ダッシュ時加速度</Description>
      <Minimum>0</Minimum>
      <Maximum>9999</Maximum>
      <Increment>0.1</Increment>
      <SortID>4901</SortID>
    </Field>
    <Field Def="f32 tankLandDashBrakeMPSS">
      <DisplayName>タンク地上移動_ダッシュ時_ブレーキ量[m/s^2]</DisplayName>
      <Description>タンク地上移動 - ダッシュ時ブレーキ量</Description>
      <Minimum>0</Minimum>
      <Maximum>9999</Maximum>
      <Increment>0.1</Increment>
      <SortID>4901</SortID>
    </Field>
    <Field Def="f32 tankLandDriftBrake_ToMaxTimeSec">
      <DisplayName>タンクドリフトブレーキ_最大ブレーキまでの時間[sec]</DisplayName>
      <Description>タンクドリフトで使うブレーキで最小値から最大値になる時間</Description>
      <Minimum>0</Minimum>
      <Maximum>999</Maximum>
      <Increment>0.1</Increment>
      <SortID>4901</SortID>
    </Field>
    <Field Def="f32 tankLandDriftBrake_MinMPSS">
      <DisplayName>タンクドリフトブレーキ_最小ブレーキ量[m/s^2]</DisplayName>
      <Description>タンクドリフトで使う最小ブレーキ</Description>
      <Minimum>0</Minimum>
      <Maximum>9999</Maximum>
      <Increment>0.1</Increment>
      <SortID>4901</SortID>
    </Field>
    <Field Def="f32 tankLandDriftBrake_MaxMPSS">
      <DisplayName>タンクドリフトブレーキ_最大ブレーキ量[m/s^2]</DisplayName>
      <Description>タンクドリフトで使う最大ブレーキ</Description>
      <Minimum>0</Minimum>
      <Maximum>9999</Maximum>
      <Increment>0.1</Increment>
      <SortID>4901</SortID>
    </Field>
    <Field Def="f32 upperBoostV2HorizontalMaxSpeedKMPH">
      <DisplayName>【ブースト上昇v2】水平移動最高速度[km/h]</DisplayName>
      <Description>ブースト上昇v2時の水平移動最高速度</Description>
      <Minimum>0</Minimum>
      <Maximum>9999</Maximum>
      <Increment>1</Increment>
      <SortID>6200</SortID>
    </Field>
    <Field Def="f32 upperBoostV2HorizontalAccelMPSS">
      <DisplayName>【ブースト上昇v2】水平移動加速度[m/s^2]</DisplayName>
      <Description>ブースト上昇v2時の水平移動加速度</Description>
      <Minimum>0</Minimum>
      <Maximum>9999</Maximum>
      <Increment>0.1</Increment>
      <SortID>6200</SortID>
    </Field>
    <Field Def="f32 upperBoostV2UpMaxSpeedKMPH">
      <DisplayName>【ブースト上昇v2】上昇移動最高速度[km/h]</DisplayName>
      <Description>ブースト上昇v2時の上昇移動最高速度</Description>
      <Minimum>0</Minimum>
      <Maximum>9999</Maximum>
      <Increment>1</Increment>
      <SortID>6200</SortID>
    </Field>
    <Field Def="f32 upperBoostV2UpAccelMPSS">
      <DisplayName>【ブースト上昇v2】上昇移動加速度[m/s^2]</DisplayName>
      <Description>ブースト上昇v2時の上昇移動加速度</Description>
      <Minimum>0</Minimum>
      <Maximum>9999</Maximum>
      <Increment>0.1</Increment>
      <SortID>6200</SortID>
    </Field>
    <Field Def="f32 upperBoostV2DownMaxSpeedKMPH">
      <DisplayName>【ブースト上昇v2】下降移動最高速度[km/h]</DisplayName>
      <Description>ブースト上昇v2時の下降移動最高速度</Description>
      <Minimum>0</Minimum>
      <Maximum>9999</Maximum>
      <Increment>1</Increment>
      <SortID>6200</SortID>
    </Field>
    <Field Def="f32 upperBoostV2DownAccelMPSS">
      <DisplayName>【ブースト上昇v2】下降移動加速度[m/s^2]</DisplayName>
      <Description>ブースト上昇v2時の下降移動加速度</Description>
      <Minimum>0</Minimum>
      <Maximum>9999</Maximum>
      <Increment>0.1</Increment>
      <SortID>6200</SortID>
    </Field>
    <Field Def="f32 upperBoostV2UpMaxAlt">
      <DisplayName>【ブースト上昇v2】最高高度[m]</DisplayName>
      <Description>ブースト上昇v2の最高高度</Description>
      <Minimum>0</Minimum>
      <Maximum>999999</Maximum>
      <Increment>1</Increment>
      <SortID>6200</SortID>
    </Field>
    <Field Def="f32 blowDeadBrake_BeginBrakeMPSS">
      <DisplayName>【吹っ飛び死亡ブレーキ】開始時ブレーキ[m/s^2]</DisplayName>
      <Description>吹っ飛び死亡待機ブレーキ開始時のブレーキ量</Description>
      <Minimum>0</Minimum>
      <Maximum>9999</Maximum>
      <Increment>0.1</Increment>
      <SortID>13050</SortID>
    </Field>
    <Field Def="f32 blowDeadBrake_PeakBrakeMPSS">
      <DisplayName>【吹っ飛び死亡ブレーキ】ピーク時ブレーキ[m/s^2]</DisplayName>
      <Description>吹っ飛び死亡待機ブレーキのピークブレーキ量</Description>
      <Minimum>0</Minimum>
      <Maximum>9999</Maximum>
      <Increment>0.1</Increment>
      <SortID>13050</SortID>
    </Field>
    <Field Def="f32 blowDeadBrake_BeginToPeakTimeSec">
      <DisplayName>【吹っ飛び死亡ブレーキ】開始からピークまでの時間[sec]</DisplayName>
      <Description>吹っ飛び死亡待機ブレーキ開始からピークまでかかる時間</Description>
      <Minimum>0</Minimum>
      <Maximum>99</Maximum>
      <Increment>0.1</Increment>
      <SortID>13050</SortID>
    </Field>
    <Field Def="f32 blowDeadBrake_TimerResetDelayTime">
      <DisplayName>【吹っ飛び死亡ブレーキ】経過時間リセット猶予時間[sec]</DisplayName>
      <Description>ノックバック速度が0になってから吹っ飛び死亡待機ブレーキ用タイマーがリセットするまでの時間</Description>
      <DisplayFormat>%.2f</DisplayFormat>
      <Minimum>0</Minimum>
      <Maximum>999</Maximum>
      <SortID>13050</SortID>
    </Field>
    <Field Def="f32 jumpSpecifyAlt_PrevSpeedRateH">
      <DisplayName>【高度指定ジャンプ】直前の速度の引き継ぎ倍率_水平</DisplayName>
      <Description>【高度指定ジャンプ】開始時に水平方向の速度をどれだけ引き継ぐか</Description>
      <Minimum>0</Minimum>
      <Maximum>1</Maximum>
      <SortID>2050</SortID>
    </Field>
    <Field Def="f32 jumpSpecifyAlt_GoalAlt">
      <DisplayName>【高度指定ジャンプ】到達高度[m]</DisplayName>
      <Description>【高度指定ジャンプ】ジャンプ開始からどれだけの高度まで行くか</Description>
      <Minimum>0</Minimum>
      <Maximum>100000000</Maximum>
      <Increment>1</Increment>
      <SortID>2050</SortID>
    </Field>
    <Field Def="f32 jumpSpecifyAlt_GravityScale = 1">
      <DisplayName>【高度指定ジャンプ】重力倍率</DisplayName>
      <Description>【高度指定ジャンプ】ジャンプ中の重力倍率</Description>
      <Minimum>0</Minimum>
      <Maximum>1</Maximum>
      <SortID>2050</SortID>
    </Field>
    <Field Def="f32 jumpSpecifyAlt_HorizontalMaxSpeedKMPH">
      <DisplayName>【高度指定ジャンプ】水平最高速度[km/h]</DisplayName>
      <Description>【高度指定ジャンプ】ジャンプ中の水平最高速度</Description>
      <Minimum>0</Minimum>
      <Maximum>9999</Maximum>
      <Increment>1</Increment>
      <SortID>2050</SortID>
    </Field>
    <Field Def="f32 jumpSpecifyAlt_HorizontalMaxAccelMPSS">
      <DisplayName>【高度指定ジャンプ】水平加速度[m/s^2]</DisplayName>
      <Description>【高度指定ジャンプ】ジャンプ中の水平加速度</Description>
      <Minimum>0</Minimum>
      <Maximum>9999</Maximum>
      <Increment>0.1</Increment>
      <SortID>2050</SortID>
    </Field>
    <Field Def="dummy8 pad_end[32]">
      <DisplayName>パディング</DisplayName>
      <DisplayFormat>%f</DisplayFormat>
      <EditFlags>Wrap</EditFlags>
      <SortID>990016</SortID>
    </Field>
  </Fields>
</PARAMDEF>