﻿<?xml version="1.0" encoding="utf-8"?>
<PARAMDEF XmlVersion="3">
  <ParamType>MOVEMENT_RIDE_OBJ_PARAM_ST</ParamType>
  <DataVersion>2</DataVersion>
  <BigEndian>False</BigEndian>
  <Unicode>True</Unicode>
  <FormatVersion>203</FormatVersion>
  <Fields>
    <Field Def="u8 disableParam_NT:1">
      <DisplayName>NT版出力から外すか</DisplayName>
      <Enum>NPC_BOOL</Enum>
      <Description>NT版から除外するか、除外するものに○をつける</Description>
      <Maximum>1</Maximum>
      <SortID>990000</SortID>
    </Field>
    <Field Def="u8 disableParam_Product:1">
      <DisplayName>製品版出力から外すか</DisplayName>
      <Enum>NPC_BOOL</Enum>
      <Description>製品版から除外するか、除外するものに○をつける</Description>
      <Maximum>1</Maximum>
      <SortID>990010</SortID>
    </Field>
    <Field Def="dummy8 disableParamReserve1:6">
      <DisplayName>パッケージ出力用リザーブ1</DisplayName>
      <Description>パッケージ出力用リザーブ1</Description>
      <SortID>990011</SortID>
    </Field>
    <Field Def="dummy8 disableParamReserve2[3]">
      <DisplayName>パッケージ出力用リザーブ2</DisplayName>
      <Description>パッケージ出力用リザーブ2</Description>
      <SortID>990012</SortID>
    </Field>
    <Field Def="f32 moveMaxSpeedKMPH">
      <DisplayName>最高速度[km/h]</DisplayName>
      <Description>最高速度</Description>
      <Minimum>0</Minimum>
      <Maximum>9999</Maximum>
      <Increment>1</Increment>
      <SortID>100</SortID>
    </Field>
    <Field Def="f32 moveAccelMPSS">
      <DisplayName>加速度[m/s^2]</DisplayName>
      <Description>加速度</Description>
      <Minimum>0</Minimum>
      <Maximum>9999</Maximum>
      <Increment>0.1</Increment>
      <SortID>110</SortID>
    </Field>
    <Field Def="f32 landingHorizontalBrakeUseSlowKMH">
      <DisplayName>この速度以下で低速接地ブレーキ[km/h]</DisplayName>
      <Description>この速度以下になると低速接地ブレーキが使われる</Description>
      <Minimum>0</Minimum>
      <Maximum>9999</Maximum>
      <Increment>1</Increment>
      <SortID>120</SortID>
    </Field>
    <Field Def="f32 landingHorizontalBrakeUseFastKMH">
      <DisplayName>この速度以上で高速接地ブレーキ[km/h]</DisplayName>
      <Description>この速度以上になると高速接地ブレーキが使われる</Description>
      <Minimum>0</Minimum>
      <Maximum>9999</Maximum>
      <Increment>1</Increment>
      <SortID>130</SortID>
    </Field>
    <Field Def="f32 landingHorizontalSlowBrakeMPSS">
      <DisplayName>低速接地水平ブレーキ[m/s^2]</DisplayName>
      <Description>低速時の接地ブレーキ</Description>
      <Minimum>0</Minimum>
      <Maximum>9999</Maximum>
      <Increment>0.1</Increment>
      <SortID>140</SortID>
    </Field>
    <Field Def="f32 landingHorizontalFastBrakeMPSS">
      <DisplayName>高速接地水平ブレーキ[m/s^2]</DisplayName>
      <Description>高速時の接地ブレーキ</Description>
      <Minimum>0</Minimum>
      <Maximum>9999</Maximum>
      <Increment>0.1</Increment>
      <SortID>150</SortID>
    </Field>
    <Field Def="f32 flyHorizontalBrakeMPSS">
      <DisplayName>空中最高水平速度超過時ブレーキ[m/s^2] </DisplayName>
      <Description>空中で最高水平速度を超えた際に、最高速度へ丸めようとするブレーキ量</Description>
      <Minimum>0</Minimum>
      <Maximum>9999</Maximum>
      <Increment>0.1</Increment>
      <SortID>160</SortID>
    </Field>
    <Field Def="f32 flyVerticalBrakeMPSS">
      <DisplayName>空中最高垂直速度超過時ブレーキ[m/s^2] </DisplayName>
      <Description>空中で最高垂直速度を超えた際に、最高速度へ丸めようとするブレーキ量</Description>
      <Minimum>0</Minimum>
      <Maximum>9999</Maximum>
      <Increment>0.1</Increment>
      <SortID>170</SortID>
    </Field>
    <Field Def="f32 realVelocityFeedBackRate">
      <DisplayName>実際の移動量を反映する割合</DisplayName>
      <Description>この値が小さいほど重量感が増す</Description>
      <Minimum>0</Minimum>
      <Maximum>1</Maximum>
      <SortID>90000</SortID>
    </Field>
    <Field Def="f32 minAnimMoveAccelMPSS = 300">
      <DisplayName>最低保証アニメ移動加速度[m/s^2]</DisplayName>
      <Description>アニメ移動するときの最低保証加速度</Description>
      <Minimum>0</Minimum>
      <Maximum>9999</Maximum>
      <Increment>0.1</Increment>
      <SortID>21000</SortID>
    </Field>
    <Field Def="f32 SlowBrakeAnimKMPH">
      <DisplayName>低速ブレーキアニメ再生[km/h]</DisplayName>
      <Description>この値以下の水平速度のときにで低速用ブレーキアニメ切り替えを行います</Description>
      <Minimum>0</Minimum>
      <Maximum>9999</Maximum>
      <Increment>0.1</Increment>
      <SortID>12400</SortID>
    </Field>
    <Field Def="dummy8 pad[20]">
      <DisplayName>パディング</DisplayName>
      <DisplayFormat>%f</DisplayFormat>
      <EditFlags>Wrap</EditFlags>
      <SortID>990013</SortID>
    </Field>
  </Fields>
</PARAMDEF>