﻿<?xml version="1.0" encoding="utf-8"?>
<PARAMDEF XmlVersion="3">
  <ParamType>NAMEPLATE_PARAM</ParamType>
  <DataVersion>1</DataVersion>
  <BigEndian>False</BigEndian>
  <Unicode>True</Unicode>
  <FormatVersion>203</FormatVersion>
  <Fields>
    <Field Def="u32 catalogTextID">
      <DisplayName>テキストID</DisplayName>
      <Description>ショップで表示する名前のメニューテキストID</Description>
      <Maximum>999999999</Maximum>
      <SortID>1</SortID>
    </Field>
    <Field Def="u32 price = 1">
      <DisplayName>価格</DisplayName>
      <Description>販売価格(アリーナポイント)</Description>
      <Minimum>1</Minimum>
      <Maximum>999999999</Maximum>
      <SortID>2</SortID>
    </Field>
    <Field Def="s32 unk08" />
    <Field Def="dummy8 pad[4]">
      <SortID>99999999</SortID>
    </Field>
  </Fields>
</PARAMDEF>