﻿<?xml version="1.0" encoding="utf-8"?>
<PARAMDEF XmlVersion="3">
  <ParamType>NETWORK_PARAM_ST</ParamType>
  <DataVersion>12</DataVersion>
  <BigEndian>False</BigEndian>
  <Unicode>True</Unicode>
  <FormatVersion>203</FormatVersion>
  <Fields>
    <Field Def="s32 OneOnOneStandbyTextId = -1">
      <DisplayName>1vs1ラウンド開始前のテキスト演出ID</DisplayName>
      <EditFlags>None</EditFlags>
      <Minimum>-1</Minimum>
      <Maximum>1999999999</Maximum>
      <SortID>10100</SortID>
      <UnkB8>Arena</UnkB8>
      <UnkC0>NET_ARENA_PARAM</UnkC0>
      <UnkC8>アリーナ</UnkC8>
    </Field>
    <Field Def="f32 StandbyMinTime = 3">
      <DisplayName>1vs1/3vs3ラウンド開始前のテキスト最低待機時間[s]</DisplayName>
      <DisplayFormat>%.2f</DisplayFormat>
      <EditFlags>None</EditFlags>
      <Minimum>0</Minimum>
      <Maximum>999</Maximum>
      <Increment>1</Increment>
      <SortID>10110</SortID>
      <UnkB8>Arena</UnkB8>
      <UnkC0>NET_ARENA_PARAM</UnkC0>
      <UnkC8>アリーナ</UnkC8>
    </Field>
    <Field Def="s32 OneOnOneRoundStartTextId = -1">
      <DisplayName>1vs1ラウンド開始直後のテキスト演出ID</DisplayName>
      <EditFlags>None</EditFlags>
      <Minimum>-1</Minimum>
      <Maximum>1999999999</Maximum>
      <SortID>10120</SortID>
      <UnkB8>Arena</UnkB8>
      <UnkC0>NET_ARENA_PARAM</UnkC0>
      <UnkC8>アリーナ</UnkC8>
    </Field>
    <Field Def="s32 OneOnOneEnemyDestoryTextId = -1">
      <DisplayName>1vs1対戦相手を撃破テキスト演出ID</DisplayName>
      <EditFlags>None</EditFlags>
      <Minimum>-1</Minimum>
      <Maximum>1999999999</Maximum>
      <SortID>10130</SortID>
      <UnkB8>Arena</UnkB8>
      <UnkC0>NET_ARENA_PARAM</UnkC0>
      <UnkC8>アリーナ</UnkC8>
    </Field>
    <Field Def="s32 OneOnOnePCDeadTextId = -1">
      <DisplayName>1vs1PCが死亡テキスト演出ID</DisplayName>
      <EditFlags>None</EditFlags>
      <Minimum>-1</Minimum>
      <Maximum>1999999999</Maximum>
      <SortID>10140</SortID>
      <UnkB8>Arena</UnkB8>
      <UnkC0>NET_ARENA_PARAM</UnkC0>
      <UnkC8>アリーナ</UnkC8>
    </Field>
    <Field Def="s32 OneOnOnePCFallDeadTextId = -1">
      <DisplayName>1vs1PCが落下死亡テキスト演出ID</DisplayName>
      <EditFlags>None</EditFlags>
      <Minimum>-1</Minimum>
      <Maximum>1999999999</Maximum>
      <SortID>10150</SortID>
      <UnkB8>Arena</UnkB8>
      <UnkC0>NET_ARENA_PARAM</UnkC0>
      <UnkC8>アリーナ</UnkC8>
    </Field>
    <Field Def="s32 OneOnOneResultTextId = -1">
      <DisplayName>1vs1勝敗結果テキスト演出ID</DisplayName>
      <EditFlags>None</EditFlags>
      <Minimum>-1</Minimum>
      <Maximum>1999999999</Maximum>
      <SortID>10160</SortID>
      <UnkB8>Arena</UnkB8>
      <UnkC0>NET_ARENA_PARAM</UnkC0>
      <UnkC8>アリーナ</UnkC8>
    </Field>
    <Field Def="s32 OneOnOneTimeupTextId = -1">
      <DisplayName>1vs1タイムアップ時テキスト演出ID</DisplayName>
      <EditFlags>None</EditFlags>
      <Minimum>-1</Minimum>
      <Maximum>1999999999</Maximum>
      <SortID>10170</SortID>
      <UnkB8>Arena</UnkB8>
      <UnkC0>NET_ARENA_PARAM</UnkC0>
      <UnkC8>アリーナ</UnkC8>
    </Field>
    <Field Def="s32 OneOnOneStartMyTeamCutsceneId = -1">
      <DisplayName>1vs1味方(Aチーム)登場カットシーンID</DisplayName>
      <EditFlags>None</EditFlags>
      <Minimum>-1</Minimum>
      <Maximum>1999999999</Maximum>
      <SortID>10300</SortID>
      <UnkB8>Arena</UnkB8>
      <UnkC0>NET_ARENA_PARAM</UnkC0>
      <UnkC8>アリーナ</UnkC8>
    </Field>
    <Field Def="s32 OneOnOneStarEneTeamCutsceneId = -1">
      <DisplayName>1vs1敵(Bチーム)登場カットシーンID</DisplayName>
      <EditFlags>None</EditFlags>
      <Minimum>-1</Minimum>
      <Maximum>1999999999</Maximum>
      <SortID>10310</SortID>
      <UnkB8>Arena</UnkB8>
      <UnkC0>NET_ARENA_PARAM</UnkC0>
      <UnkC8>アリーナ</UnkC8>
    </Field>
    <Field Def="u8 OneOnOneWinRoundNum = 2">
      <DisplayName>1vs1勝利ラウンド数</DisplayName>
      <DisplayFormat>%u</DisplayFormat>
      <EditFlags>None</EditFlags>
      <Maximum>99</Maximum>
      <SortID>10400</SortID>
      <UnkB8>Arena</UnkB8>
      <UnkC0>NET_ARENA_PARAM</UnkC0>
      <UnkC8>アリーナ</UnkC8>
    </Field>
    <Field Def="dummy8 pad14[3]">
      <DisplayName>予約</DisplayName>
      <SortID>999999</SortID>
      <UnkB8>Arena</UnkB8>
      <UnkC0>NET_ARENA_PARAM</UnkC0>
      <UnkC8>アリーナ</UnkC8>
    </Field>
    <Field Def="u32 OneOnOneRoundTime = 300">
      <DisplayName>1vs1制限時間(ソロマッチ)</DisplayName>
      <DisplayFormat>%u</DisplayFormat>
      <EditFlags>None</EditFlags>
      <Maximum>99999999</Maximum>
      <SortID>10410</SortID>
      <UnkB8>Arena</UnkB8>
      <UnkC0>NET_ARENA_PARAM</UnkC0>
      <UnkC8>アリーナ</UnkC8>
    </Field>
    <Field Def="s32 AWRoundStandbyTextId = -1">
      <DisplayName>3vs3開始前のテキスト演出ID</DisplayName>
      <EditFlags>None</EditFlags>
      <Minimum>-1</Minimum>
      <Maximum>1999999999</Maximum>
      <SortID>20100</SortID>
      <UnkB8>Arena</UnkB8>
      <UnkC0>NET_ARENA_PARAM</UnkC0>
      <UnkC8>アリーナ</UnkC8>
    </Field>
    <Field Def="s32 AWRoundStartTextId = -1">
      <DisplayName>3vs3開始直後のテキスト演出ID</DisplayName>
      <EditFlags>None</EditFlags>
      <Minimum>-1</Minimum>
      <Maximum>1999999999</Maximum>
      <SortID>20110</SortID>
      <UnkB8>Arena</UnkB8>
      <UnkC0>NET_ARENA_PARAM</UnkC0>
      <UnkC8>アリーナ</UnkC8>
    </Field>
    <Field Def="s32 AWEnemyDestoryTextId = -1">
      <DisplayName>3vs3対戦相手を撃破テキスト演出ID</DisplayName>
      <EditFlags>None</EditFlags>
      <Minimum>-1</Minimum>
      <Maximum>1999999999</Maximum>
      <SortID>20120</SortID>
      <UnkB8>Arena</UnkB8>
      <UnkC0>NET_ARENA_PARAM</UnkC0>
      <UnkC8>アリーナ</UnkC8>
    </Field>
    <Field Def="s32 AWPCDeadTextId = -1">
      <DisplayName>3vs3PCが死亡テキスト演出ID</DisplayName>
      <EditFlags>None</EditFlags>
      <Minimum>-1</Minimum>
      <Maximum>1999999999</Maximum>
      <SortID>20130</SortID>
      <UnkB8>Arena</UnkB8>
      <UnkC0>NET_ARENA_PARAM</UnkC0>
      <UnkC8>アリーナ</UnkC8>
    </Field>
    <Field Def="s32 AWPCFallDeadTextId = -1">
      <DisplayName>3vs3PCが落下死亡テキスト演出ID</DisplayName>
      <EditFlags>None</EditFlags>
      <Minimum>-1</Minimum>
      <Maximum>1999999999</Maximum>
      <SortID>20140</SortID>
      <UnkB8>Arena</UnkB8>
      <UnkC0>NET_ARENA_PARAM</UnkC0>
      <UnkC8>アリーナ</UnkC8>
    </Field>
    <Field Def="s32 AWRespawnTextId = -1">
      <DisplayName>3vs3リスポン時テキスト演出ID</DisplayName>
      <EditFlags>None</EditFlags>
      <Minimum>-1</Minimum>
      <Maximum>1999999999</Maximum>
      <SortID>20150</SortID>
      <UnkB8>Arena</UnkB8>
      <UnkC0>NET_ARENA_PARAM</UnkC0>
      <UnkC8>アリーナ</UnkC8>
    </Field>
    <Field Def="s32 AWTimeupTextId = -1">
      <DisplayName>3vs3タイムアップテキスト時テキスト演出ID</DisplayName>
      <EditFlags>None</EditFlags>
      <Minimum>-1</Minimum>
      <Maximum>1999999999</Maximum>
      <SortID>20160</SortID>
      <UnkB8>Arena</UnkB8>
      <UnkC0>NET_ARENA_PARAM</UnkC0>
      <UnkC8>アリーナ</UnkC8>
    </Field>
    <Field Def="s32 AWResultTextId = -1">
      <DisplayName>3vs3勝敗結果テキスト演出ID</DisplayName>
      <EditFlags>None</EditFlags>
      <Minimum>-1</Minimum>
      <Maximum>1999999999</Maximum>
      <SortID>20170</SortID>
      <UnkB8>Arena</UnkB8>
      <UnkC0>NET_ARENA_PARAM</UnkC0>
      <UnkC8>アリーナ</UnkC8>
    </Field>
    <Field Def="s32 AWStartMyTeamCutsceneId = -1">
      <DisplayName>3vs3味方(Aチーム)登場カットシーンID</DisplayName>
      <EditFlags>None</EditFlags>
      <Minimum>-1</Minimum>
      <Maximum>1999999999</Maximum>
      <SortID>20180</SortID>
      <UnkB8>Arena</UnkB8>
      <UnkC0>NET_ARENA_PARAM</UnkC0>
      <UnkC8>アリーナ</UnkC8>
    </Field>
    <Field Def="s32 AWStarEneTeamCutsceneId = -1">
      <DisplayName>3vs3敵(Bチーム)登場カットシーンID</DisplayName>
      <EditFlags>None</EditFlags>
      <Minimum>-1</Minimum>
      <Maximum>1999999999</Maximum>
      <SortID>20300</SortID>
      <UnkB8>Arena</UnkB8>
      <UnkC0>NET_ARENA_PARAM</UnkC0>
      <UnkC8>アリーナ</UnkC8>
    </Field>
    <Field Def="u32 AWBasePoint = 10000">
      <DisplayName>3v3基礎ポイント</DisplayName>
      <DisplayFormat>%u</DisplayFormat>
      <EditFlags>None</EditFlags>
      <Maximum>99999999</Maximum>
      <SortID>20310</SortID>
      <UnkB8>Arena</UnkB8>
      <UnkC0>NET_ARENA_PARAM</UnkC0>
      <UnkC8>アリーナ</UnkC8>
    </Field>
    <Field Def="u32 AWFinishPoint = 1000">
      <DisplayName>3v3トドメボーナス</DisplayName>
      <DisplayFormat>%u</DisplayFormat>
      <EditFlags>None</EditFlags>
      <Maximum>99999999</Maximum>
      <SortID>20400</SortID>
      <UnkB8>Arena</UnkB8>
      <UnkC0>NET_ARENA_PARAM</UnkC0>
      <UnkC8>アリーナ</UnkC8>
    </Field>
    <Field Def="f32 AWKillLeaderRate = 1.5">
      <DisplayName>3v3キルリーダー係数</DisplayName>
      <DisplayFormat>%.2f</DisplayFormat>
      <EditFlags>None</EditFlags>
      <Minimum>0</Minimum>
      <Maximum>9999999</Maximum>
      <Increment>0.0001</Increment>
      <SortID>20410</SortID>
      <UnkB8>Arena</UnkB8>
      <UnkC0>NET_ARENA_PARAM</UnkC0>
      <UnkC8>アリーナ</UnkC8>
    </Field>
    <Field Def="u32 AWKillLeaderKillPoint = 8000">
      <DisplayName>3v3キルリーダー撃破ボーナス基礎ポイント</DisplayName>
      <DisplayFormat>%u</DisplayFormat>
      <EditFlags>None</EditFlags>
      <Maximum>99999999</Maximum>
      <SortID>20420</SortID>
      <UnkB8>Arena</UnkB8>
      <UnkC0>NET_ARENA_PARAM</UnkC0>
      <UnkC8>アリーナ</UnkC8>
    </Field>
    <Field Def="f32 AWRespawnCoolTime = 10">
      <DisplayName>3vs3リスポンクールタイム[s]</DisplayName>
      <DisplayFormat>%.2f</DisplayFormat>
      <EditFlags>None</EditFlags>
      <Minimum>0</Minimum>
      <Maximum>999</Maximum>
      <Increment>1</Increment>
      <SortID>20430</SortID>
      <UnkB8>Arena</UnkB8>
      <UnkC0>NET_ARENA_PARAM</UnkC0>
      <UnkC8>アリーナ</UnkC8>
    </Field>
    <Field Def="f32 ArenaEneNoRespawnDist = 1">
      <DisplayName>3v3敵を中心とした円形のリスポーン不可エリア</DisplayName>
      <DisplayFormat>%.2f</DisplayFormat>
      <EditFlags>None</EditFlags>
      <Minimum>0</Minimum>
      <Maximum>9999999</Maximum>
      <Increment>0.1</Increment>
      <SortID>20500</SortID>
      <UnkB8>Arena</UnkB8>
      <UnkC0>NET_ARENA_PARAM</UnkC0>
      <UnkC8>アリーナ</UnkC8>
    </Field>
    <Field Def="f32 ArenaFriPrioritizeDist = 1">
      <DisplayName>3v3味方を中心とした円形のリスポーン優先エリア</DisplayName>
      <DisplayFormat>%.2f</DisplayFormat>
      <EditFlags>None</EditFlags>
      <Minimum>0</Minimum>
      <Maximum>9999999</Maximum>
      <Increment>0.1</Increment>
      <SortID>20510</SortID>
      <UnkB8>Arena</UnkB8>
      <UnkC0>NET_ARENA_PARAM</UnkC0>
      <UnkC8>アリーナ</UnkC8>
    </Field>
    <Field Def="f32 ArenaFriNoRespawnDist = 1">
      <DisplayName>3v3味方を中心とした円形のリスポーン不可エリア</DisplayName>
      <DisplayFormat>%.2f</DisplayFormat>
      <EditFlags>None</EditFlags>
      <Minimum>0</Minimum>
      <Maximum>9999999</Maximum>
      <Increment>0.1</Increment>
      <SortID>20520</SortID>
      <UnkB8>Arena</UnkB8>
      <UnkC0>NET_ARENA_PARAM</UnkC0>
      <UnkC8>アリーナ</UnkC8>
    </Field>
    <Field Def="s32 SupplyAssetId1 = -1">
      <DisplayName>3v3補給機アセットID1</DisplayName>
      <EditFlags>None</EditFlags>
      <Minimum>-1</Minimum>
      <Maximum>999999</Maximum>
      <SortID>21000</SortID>
      <UnkB8>Arena</UnkB8>
      <UnkC0>NET_ARENA_PARAM</UnkC0>
      <UnkC8>アリーナ</UnkC8>
    </Field>
    <Field Def="s32 SupplyAssetId2 = -1">
      <DisplayName>3v3補給機アセットID2</DisplayName>
      <EditFlags>None</EditFlags>
      <Minimum>-1</Minimum>
      <Maximum>999999</Maximum>
      <SortID>21010</SortID>
      <UnkB8>Arena</UnkB8>
      <UnkC0>NET_ARENA_PARAM</UnkC0>
      <UnkC8>アリーナ</UnkC8>
    </Field>
    <Field Def="s32 SupplyAssetId3 = -1">
      <DisplayName>3v3補給機アセットID3</DisplayName>
      <EditFlags>None</EditFlags>
      <Minimum>-1</Minimum>
      <Maximum>999999</Maximum>
      <SortID>21020</SortID>
      <UnkB8>Arena</UnkB8>
      <UnkC0>NET_ARENA_PARAM</UnkC0>
      <UnkC8>アリーナ</UnkC8>
    </Field>
    <Field Def="s32 SupplyAssetId4 = -1">
      <DisplayName>3v3補給機アセットID4</DisplayName>
      <EditFlags>None</EditFlags>
      <Minimum>-1</Minimum>
      <Maximum>999999</Maximum>
      <SortID>21030</SortID>
      <UnkB8>Arena</UnkB8>
      <UnkC0>NET_ARENA_PARAM</UnkC0>
      <UnkC8>アリーナ</UnkC8>
    </Field>
    <Field Def="s32 SupplyAssetId5 = -1">
      <DisplayName>3v3補給機アセットID5</DisplayName>
      <EditFlags>None</EditFlags>
      <Minimum>-1</Minimum>
      <Maximum>999999</Maximum>
      <SortID>21040</SortID>
      <UnkB8>Arena</UnkB8>
      <UnkC0>NET_ARENA_PARAM</UnkC0>
      <UnkC8>アリーナ</UnkC8>
    </Field>
    <Field Def="s32 SupplyAssetId6 = -1">
      <DisplayName>3v3補給機アセットID6</DisplayName>
      <EditFlags>None</EditFlags>
      <Minimum>-1</Minimum>
      <Maximum>999999</Maximum>
      <SortID>21050</SortID>
      <UnkB8>Arena</UnkB8>
      <UnkC0>NET_ARENA_PARAM</UnkC0>
      <UnkC8>アリーナ</UnkC8>
    </Field>
    <Field Def="s32 SupplyAssetId7 = -1">
      <DisplayName>3v3補給機アセットID7</DisplayName>
      <EditFlags>None</EditFlags>
      <Minimum>-1</Minimum>
      <Maximum>999999</Maximum>
      <SortID>21060</SortID>
      <UnkB8>Arena</UnkB8>
      <UnkC0>NET_ARENA_PARAM</UnkC0>
      <UnkC8>アリーナ</UnkC8>
    </Field>
    <Field Def="s32 SupplyAssetId8 = -1">
      <DisplayName>3v3補給機アセットID8</DisplayName>
      <EditFlags>None</EditFlags>
      <Minimum>-1</Minimum>
      <Maximum>999999</Maximum>
      <SortID>21070</SortID>
      <UnkB8>Arena</UnkB8>
      <UnkC0>NET_ARENA_PARAM</UnkC0>
      <UnkC8>アリーナ</UnkC8>
    </Field>
    <Field Def="u16 SupplyCoolTime">
      <DisplayName>3v3補給機再利用クールタイム[s]</DisplayName>
      <EditFlags>None</EditFlags>
      <Maximum>29999</Maximum>
      <SortID>21080</SortID>
      <UnkB8>Arena</UnkB8>
      <UnkC0>NET_ARENA_PARAM</UnkC0>
      <UnkC8>アリーナ</UnkC8>
    </Field>
    <Field Def="dummy8 pad11[30]">
      <DisplayName>3v3クールタイム枠予約</DisplayName>
      <SortID>999999</SortID>
      <UnkB8>Arena</UnkB8>
      <UnkC0>NET_ARENA_PARAM</UnkC0>
      <UnkC8>アリーナ</UnkC8>
    </Field>
    <Field Def="u16 SupplyRecoverPerSec">
      <DisplayName>3v3補給機回復速度[point/s]</DisplayName>
      <EditFlags>None</EditFlags>
      <Maximum>9999</Maximum>
      <SortID>21090</SortID>
      <UnkB8>Arena</UnkB8>
      <UnkC0>NET_ARENA_PARAM</UnkC0>
      <UnkC8>アリーナ</UnkC8>
    </Field>
    <Field Def="dummy8 pad12[30]">
      <DisplayName>3v3回復速度枠予約</DisplayName>
      <SortID>999999</SortID>
      <UnkB8>Arena</UnkB8>
      <UnkC0>NET_ARENA_PARAM</UnkC0>
      <UnkC8>アリーナ</UnkC8>
    </Field>
    <Field Def="s32 SupplyActionButtonParamId = -1">
      <DisplayName>3v3補給機アクションボタンパラムID</DisplayName>
      <EditFlags>None</EditFlags>
      <Minimum>-1</Minimum>
      <Maximum>1999999999</Maximum>
      <SortID>21100</SortID>
      <UnkB8>Arena</UnkB8>
      <UnkC0>NET_ARENA_PARAM</UnkC0>
      <UnkC8>アリーナ</UnkC8>
    </Field>
    <Field Def="f32 arenaGameFlowSyncTimeout = 10">
      <DisplayName>アリーナ対戦フロー中同期タイムアウト時間[s]</DisplayName>
      <Description>対戦開始やラウンドの区切りなどフローの同期タイミングで使用</Description>
      <DisplayFormat>%.2f</DisplayFormat>
      <EditFlags>None</EditFlags>
      <Minimum>0</Minimum>
      <Maximum>50</Maximum>
      <Increment>0.1</Increment>
      <SortID>50100</SortID>
      <UnkB8>Arena</UnkB8>
      <UnkC0>NET_ARENA_PARAM</UnkC0>
      <UnkC8>アリーナ</UnkC8>
    </Field>
    <Field Def="f32 ArenaResultMenuTimeout = 60">
      <DisplayName>リザルト画面タイムアウト秒数[s]</DisplayName>
      <DisplayFormat>%.2f</DisplayFormat>
      <EditFlags>None</EditFlags>
      <Minimum>0</Minimum>
      <Maximum>999999</Maximum>
      <Increment>0.1</Increment>
      <SortID>50110</SortID>
      <UnkB8>Arena</UnkB8>
      <UnkC0>NET_ARENA_PARAM</UnkC0>
      <UnkC8>アリーナ</UnkC8>
    </Field>
    <Field Def="f32 RequestPollMatchingTicketInterval = 3">
      <DisplayName>RequestPollMatchingTicket間隔[s]</DisplayName>
      <DisplayFormat>%.2f</DisplayFormat>
      <EditFlags>None</EditFlags>
      <Minimum>0</Minimum>
      <Maximum>9999999</Maximum>
      <Increment>0.1</Increment>
      <SortID>60010</SortID>
      <UnkB8>Arena</UnkB8>
      <UnkC0>NET_ARENA_PARAM</UnkC0>
      <UnkC8>アリーナ</UnkC8>
    </Field>
    <Field Def="f32 RequestUpdateRoomTicketInterval = 10">
      <DisplayName>RequestUpdateRoom間隔[s]</DisplayName>
      <DisplayFormat>%.2f</DisplayFormat>
      <EditFlags>None</EditFlags>
      <Minimum>0</Minimum>
      <Maximum>9999999</Maximum>
      <Increment>0.1</Increment>
      <SortID>60020</SortID>
      <UnkB8>Arena</UnkB8>
      <UnkC0>NET_ARENA_PARAM</UnkC0>
      <UnkC8>アリーナ</UnkC8>
    </Field>
    <Field Def="f32 RemoteDeltaPosDelayGain = 1.1">
      <DisplayName>リモートキャラ座標遅延ゲイン</DisplayName>
      <DisplayFormat>%.2f</DisplayFormat>
      <EditFlags>None</EditFlags>
      <Minimum>1</Minimum>
      <Maximum>999</Maximum>
      <SortID>70010</SortID>
      <UnkB8>Arena</UnkB8>
      <UnkC0>NET_ARENA_PARAM</UnkC0>
      <UnkC8>アリーナ</UnkC8>
    </Field>
    <Field Def="f32 RemoteDeltaPosDelayGainAudience = 1.1">
      <DisplayName>リモートキャラ座標遅延ゲイン(観戦モード)</DisplayName>
      <DisplayFormat>%.2f</DisplayFormat>
      <EditFlags>None</EditFlags>
      <Minimum>1</Minimum>
      <Maximum>999</Maximum>
      <SortID>70020</SortID>
      <UnkB8>Arena</UnkB8>
      <UnkC0>NET_ARENA_PARAM</UnkC0>
      <UnkC8>アリーナ</UnkC8>
    </Field>
    <Field Def="f32 RemotePosDelta_Max = 300">
      <DisplayName>リモートキャラワープ発動速度[m/s]閾値</DisplayName>
      <DisplayFormat>%.2f</DisplayFormat>
      <EditFlags>None</EditFlags>
      <Minimum>0</Minimum>
      <Maximum>9999999</Maximum>
      <SortID>70030</SortID>
      <UnkB8>Arena</UnkB8>
      <UnkC0>NET_ARENA_PARAM</UnkC0>
      <UnkC8>アリーナ</UnkC8>
    </Field>
    <Field Def="s32 bgmId0 = -1">
      <DisplayName>BGMID0</DisplayName>
      <EditFlags>None</EditFlags>
      <Minimum>-1</Minimum>
      <Maximum>99999999</Maximum>
      <SortID>80000</SortID>
      <UnkB8>Arena</UnkB8>
      <UnkC0>NET_ARENA_PARAM</UnkC0>
      <UnkC8>アリーナ</UnkC8>
    </Field>
    <Field Def="s32 bgmId1 = -1">
      <DisplayName>BGMID1</DisplayName>
      <EditFlags>None</EditFlags>
      <Minimum>-1</Minimum>
      <Maximum>99999999</Maximum>
      <SortID>80001</SortID>
      <UnkB8>Arena</UnkB8>
      <UnkC0>NET_ARENA_PARAM</UnkC0>
      <UnkC8>アリーナ</UnkC8>
    </Field>
    <Field Def="s32 bgmId2 = -1">
      <DisplayName>BGMID2</DisplayName>
      <EditFlags>None</EditFlags>
      <Minimum>-1</Minimum>
      <Maximum>99999999</Maximum>
      <SortID>80002</SortID>
      <UnkB8>Arena</UnkB8>
      <UnkC0>NET_ARENA_PARAM</UnkC0>
      <UnkC8>アリーナ</UnkC8>
    </Field>
    <Field Def="s32 bgmId3 = -1">
      <DisplayName>BGMID3</DisplayName>
      <EditFlags>None</EditFlags>
      <Minimum>-1</Minimum>
      <Maximum>99999999</Maximum>
      <SortID>80003</SortID>
      <UnkB8>Arena</UnkB8>
      <UnkC0>NET_ARENA_PARAM</UnkC0>
      <UnkC8>アリーナ</UnkC8>
    </Field>
    <Field Def="s32 bgmId4 = -1">
      <DisplayName>BGMID4</DisplayName>
      <EditFlags>None</EditFlags>
      <Minimum>-1</Minimum>
      <Maximum>99999999</Maximum>
      <SortID>80004</SortID>
      <UnkB8>Arena</UnkB8>
      <UnkC0>NET_ARENA_PARAM</UnkC0>
      <UnkC8>アリーナ</UnkC8>
    </Field>
    <Field Def="s32 bgmId5 = -1">
      <DisplayName>BGMID5</DisplayName>
      <EditFlags>None</EditFlags>
      <Minimum>-1</Minimum>
      <Maximum>99999999</Maximum>
      <SortID>80005</SortID>
      <UnkB8>Arena</UnkB8>
      <UnkC0>NET_ARENA_PARAM</UnkC0>
      <UnkC8>アリーナ</UnkC8>
    </Field>
    <Field Def="s32 bgmId6 = -1">
      <DisplayName>BGMID6</DisplayName>
      <EditFlags>None</EditFlags>
      <Minimum>-1</Minimum>
      <Maximum>99999999</Maximum>
      <SortID>80006</SortID>
      <UnkB8>Arena</UnkB8>
      <UnkC0>NET_ARENA_PARAM</UnkC0>
      <UnkC8>アリーナ</UnkC8>
    </Field>
    <Field Def="s32 bgmId7 = -1">
      <DisplayName>BGMID7</DisplayName>
      <EditFlags>None</EditFlags>
      <Minimum>-1</Minimum>
      <Maximum>99999999</Maximum>
      <SortID>80007</SortID>
      <UnkB8>Arena</UnkB8>
      <UnkC0>NET_ARENA_PARAM</UnkC0>
      <UnkC8>アリーナ</UnkC8>
    </Field>
    <Field Def="s32 bgmId8 = -1">
      <DisplayName>BGMID8</DisplayName>
      <EditFlags>None</EditFlags>
      <Minimum>-1</Minimum>
      <Maximum>99999999</Maximum>
      <SortID>80008</SortID>
      <UnkB8>Arena</UnkB8>
      <UnkC0>NET_ARENA_PARAM</UnkC0>
      <UnkC8>アリーナ</UnkC8>
    </Field>
    <Field Def="s32 bgmId9 = -1">
      <DisplayName>BGMID9</DisplayName>
      <EditFlags>None</EditFlags>
      <Minimum>-1</Minimum>
      <Maximum>99999999</Maximum>
      <SortID>80009</SortID>
      <UnkB8>Arena</UnkB8>
      <UnkC0>NET_ARENA_PARAM</UnkC0>
      <UnkC8>アリーナ</UnkC8>
    </Field>
    <Field Def="f32 OneOnOneGameToResultWaitTime = 2">
      <DisplayName>1vs1撃破/死亡→win/loseへの待機時間</DisplayName>
      <DisplayFormat>%.2f</DisplayFormat>
      <EditFlags>None</EditFlags>
      <Minimum>0</Minimum>
      <Maximum>99</Maximum>
      <Increment>0.1</Increment>
      <SortID>10200</SortID>
      <UnkB8>Arena</UnkB8>
      <UnkC0>NET_ARENA_PARAM</UnkC0>
      <UnkC8>アリーナ</UnkC8>
    </Field>
    <Field Def="f32 OneOnOneResultToEndWaitTime = 2">
      <DisplayName>1vs1win/lose/draw→暗転への待機時間</DisplayName>
      <DisplayFormat>%.2f</DisplayFormat>
      <EditFlags>None</EditFlags>
      <Minimum>0</Minimum>
      <Maximum>99</Maximum>
      <Increment>0.1</Increment>
      <SortID>10220</SortID>
      <UnkB8>Arena</UnkB8>
      <UnkC0>NET_ARENA_PARAM</UnkC0>
      <UnkC8>アリーナ</UnkC8>
    </Field>
    <Field Def="f32 AWTimeupToResultWaitTime = 2">
      <DisplayName>3vs3タイムアップ→win/lose/drawへの待機時間</DisplayName>
      <DisplayFormat>%.2f</DisplayFormat>
      <EditFlags>None</EditFlags>
      <Minimum>0</Minimum>
      <Maximum>99</Maximum>
      <Increment>0.1</Increment>
      <SortID>20200</SortID>
      <UnkB8>Arena</UnkB8>
      <UnkC0>NET_ARENA_PARAM</UnkC0>
      <UnkC8>アリーナ</UnkC8>
    </Field>
    <Field Def="f32 AWResultToEndWaitTime = 2">
      <DisplayName>3vs3win/lose/draw→暗転への待機時間</DisplayName>
      <DisplayFormat>%.2f</DisplayFormat>
      <EditFlags>None</EditFlags>
      <Minimum>0</Minimum>
      <Maximum>99</Maximum>
      <Increment>0.1</Increment>
      <SortID>20210</SortID>
      <UnkB8>Arena</UnkB8>
      <UnkC0>NET_ARENA_PARAM</UnkC0>
      <UnkC8>アリーナ</UnkC8>
    </Field>
    <Field Def="u32 AWLimitTime = 300">
      <DisplayName>3vs3制限時間(チームマッチ)</DisplayName>
      <DisplayFormat>%u</DisplayFormat>
      <EditFlags>None</EditFlags>
      <Maximum>99999999</Maximum>
      <SortID>21110</SortID>
      <UnkB8>Arena</UnkB8>
      <UnkC0>NET_ARENA_PARAM</UnkC0>
      <UnkC8>アリーナ</UnkC8>
    </Field>
    <Field Def="s32 unk134" />
    <Field Def="s32 unk138" />
    <Field Def="s32 unk13c" />
    <Field Def="s32 unk140" />
    <Field Def="s32 unk144" />
    <Field Def="s32 unk148" />
    <Field Def="s32 unk14c" />
    <Field Def="s32 unk150" />
    <Field Def="s32 unk154" />
    <Field Def="dummy8 pad10[40]">
      <DisplayName>予約</DisplayName>
      <DisplayFormat>%d</DisplayFormat>
      <SortID>1000000</SortID>
    </Field>
  </Fields>
</PARAMDEF>