﻿<?xml version="1.0" encoding="utf-8"?>
<PARAMDEF XmlVersion="3">
  <ParamType>NPC_ARENA_GAME_EFFECT_PARAM_ST</ParamType>
  <DataVersion>1</DataVersion>
  <BigEndian>False</BigEndian>
  <Unicode>True</Unicode>
  <FormatVersion>203</FormatVersion>
  <Fields>
    <Field Def="s32 startTextId = -1">
      <DisplayName>対戦開始時テキスト演出ID</DisplayName>
      <Description>対戦開始時テキスト演出ID</Description>
      <EditFlags>None</EditFlags>
      <Minimum>-1</Minimum>
      <Maximum>1999999999</Maximum>
      <SortID>1000</SortID>
    </Field>
    <Field Def="s32 winTextId = -1">
      <DisplayName>勝利時時テキスト演出ID</DisplayName>
      <Description>勝利時時テキスト演出ID</Description>
      <EditFlags>None</EditFlags>
      <Minimum>-1</Minimum>
      <Maximum>1999999999</Maximum>
      <SortID>2000</SortID>
    </Field>
    <Field Def="s32 loseTextId = -1">
      <DisplayName>敗北時テキスト演出ID</DisplayName>
      <Description>敗北時テキスト演出ID</Description>
      <EditFlags>None</EditFlags>
      <Minimum>-1</Minimum>
      <Maximum>1999999999</Maximum>
      <SortID>3000</SortID>
    </Field>
    <Field Def="s32 drawTextId = -1">
      <DisplayName>引き分け時テキスト演出ID</DisplayName>
      <Description>引き分け時テキスト演出ID</Description>
      <EditFlags>None</EditFlags>
      <Minimum>-1</Minimum>
      <Maximum>1999999999</Maximum>
      <SortID>4000</SortID>
    </Field>
    <Field Def="u8 finishTextTiming">
      <DisplayName>勝敗テキストタイミング</DisplayName>
      <Enum>NPC_ARENA_FINISH_TEXT_TIMING</Enum>
      <Description>終了時テキストタイミング</Description>
      <DisplayFormat>%u</DisplayFormat>
      <EditFlags>None</EditFlags>
      <Maximum>1</Maximum>
      <SortID>1500</SortID>
    </Field>
    <Field Def="u8 endCutsceneWaitTime">
      <DisplayName>終了時カットシーン再生待ち時間[s]</DisplayName>
      <Description>終了時カットシーン再生待ち時間</Description>
      <DisplayFormat>%u</DisplayFormat>
      <EditFlags>None</EditFlags>
      <Maximum>99</Maximum>
      <SortID>7020</SortID>
    </Field>
    <Field Def="dummy8 pad2[2]">
      <DisplayName>予約</DisplayName>
      <DisplayFormat>%d</DisplayFormat>
      <SortID>7021</SortID>
    </Field>
    <Field Def="f32 slowWaitTime">
      <DisplayName>スロー演出待ち時間[s]</DisplayName>
      <Description>スロー演出待ち時間[s]</Description>
      <EditFlags>None</EditFlags>
      <Minimum>0</Minimum>
      <Maximum>99</Maximum>
      <Increment>0.1</Increment>
      <SortID>6000</SortID>
    </Field>
    <Field Def="f32 finishTextTime">
      <DisplayName>勝敗テキスト待ち時間[s]</DisplayName>
      <Description>勝敗テキスト待ち時間[s]</Description>
      <EditFlags>None</EditFlags>
      <Minimum>0</Minimum>
      <Maximum>99</Maximum>
      <Increment>0.1</Increment>
      <SortID>5000</SortID>
    </Field>
    <Field Def="s32 playerDeadTextId = -1">
      <DisplayName>プレイヤー死亡テキスト演出ID</DisplayName>
      <Description>プレイヤー死亡テキスト演出ID</Description>
      <EditFlags>None</EditFlags>
      <Minimum>-1</Minimum>
      <Maximum>1999999999</Maximum>
      <SortID>7000</SortID>
    </Field>
    <Field Def="f32 playerDeadTextWaitTime = 4">
      <DisplayName>プレイヤー死亡テキスト待ち時間[s]</DisplayName>
      <Description>プレイヤー死亡テキスト待ち時間[s]</Description>
      <DisplayFormat>%ｆ</DisplayFormat>
      <EditFlags>None</EditFlags>
      <Minimum>0</Minimum>
      <Maximum>99</Maximum>
      <Increment>0.1</Increment>
      <SortID>7001</SortID>
    </Field>
    <Field Def="s32 enemyDeadTextId = -1">
      <DisplayName>エネミー死亡テキスト演出ID</DisplayName>
      <Description>エネミー死亡テキスト演出ID</Description>
      <EditFlags>None</EditFlags>
      <Minimum>-1</Minimum>
      <Maximum>1999999999</Maximum>
      <SortID>7010</SortID>
    </Field>
    <Field Def="f32 enemyDeadTextWaitTime = 4">
      <DisplayName>エネミー死亡テキスト待ち時間[s]</DisplayName>
      <Description>エネミー死亡テキスト待ち時間[s]</Description>
      <DisplayFormat>%ｆ</DisplayFormat>
      <EditFlags>None</EditFlags>
      <Minimum>0</Minimum>
      <Maximum>99</Maximum>
      <Increment>0.1</Increment>
      <SortID>7011</SortID>
    </Field>
    <Field Def="s32 startupCutsceneId = -1">
      <DisplayName>スタートアップカットシーンID</DisplayName>
      <Description>スタートアップカットシーンID</Description>
      <EditFlags>None</EditFlags>
      <Minimum>-1</Minimum>
      <Maximum>1999999999</Maximum>
      <SortID>500</SortID>
    </Field>
    <Field Def="dummy8 pad[16]">
      <DisplayName>予約</DisplayName>
      <DisplayFormat>%d</DisplayFormat>
      <SortID>7022</SortID>
    </Field>
  </Fields>
</PARAMDEF>