﻿<?xml version="1.0" encoding="utf-8"?>
<PARAMDEF XmlVersion="3">
  <ParamType>NPC_EQUIP_PARTS_PARAM_ST</ParamType>
  <DataVersion>3</DataVersion>
  <BigEndian>False</BigEndian>
  <Unicode>True</Unicode>
  <FormatVersion>203</FormatVersion>
  <Fields>
    <Field Def="u8 disableParam_NT:1">
      <DisplayName>NT版出力から外すか</DisplayName>
      <Enum>NPC_BOOL</Enum>
      <Description>NT版から除外するか、除外するものに○をつける</Description>
      <Maximum>1</Maximum>
      <SortID>999999</SortID>
    </Field>
    <Field Def="u8 disableParam_Product:1">
      <DisplayName>製品版出力から外すか</DisplayName>
      <Enum>NPC_BOOL</Enum>
      <Description>製品版から除外するか、除外するものに○をつける</Description>
      <Maximum>1</Maximum>
      <SortID>999999</SortID>
    </Field>
    <Field Def="dummy8 disableParamReserve1:6">
      <DisplayName>パッケージ出力用リザーブ1</DisplayName>
      <Description>パッケージ出力用リザーブ1</Description>
      <SortID>999999</SortID>
    </Field>
    <Field Def="dummy8 disableParamReserve2[3]">
      <DisplayName>パッケージ出力用リザーブ2</DisplayName>
      <Description>パッケージ出力用リザーブ2</Description>
      <SortID>999999</SortID>
    </Field>
    <Field Def="u16 weaponId0">
      <DisplayName>モデルID</DisplayName>
      <Description>1番目の武器のモデルID</Description>
      <Maximum>9999</Maximum>
      <SortID>100</SortID>
      <UnkC8>パーツ0</UnkC8>
    </Field>
    <Field Def="u16 weaponId1">
      <DisplayName>モデルID</DisplayName>
      <Description>2番目の武器のモデルID</Description>
      <Maximum>9999</Maximum>
      <SortID>110</SortID>
      <UnkC8>パーツ1</UnkC8>
    </Field>
    <Field Def="u16 weaponId2">
      <DisplayName>モデルID</DisplayName>
      <Description>3番目の武器のモデルID</Description>
      <Maximum>9999</Maximum>
      <SortID>120</SortID>
      <UnkC8>パーツ2</UnkC8>
    </Field>
    <Field Def="u16 weaponId3">
      <DisplayName>モデルID</DisplayName>
      <Description>4番目の武器のモデルID</Description>
      <Maximum>9999</Maximum>
      <SortID>130</SortID>
      <UnkC8>パーツ3</UnkC8>
    </Field>
    <Field Def="u16 weaponId4">
      <DisplayName>モデルID</DisplayName>
      <Description>5番目の武器のモデルID</Description>
      <Maximum>9999</Maximum>
      <SortID>140</SortID>
      <UnkC8>パーツ4</UnkC8>
    </Field>
    <Field Def="u16 weaponId5">
      <DisplayName>モデルID</DisplayName>
      <Description>6番目の武器のモデルID</Description>
      <Maximum>9999</Maximum>
      <SortID>150</SortID>
      <UnkC8>パーツ5</UnkC8>
    </Field>
    <Field Def="u16 weaponId6">
      <DisplayName>モデルID</DisplayName>
      <Description>7番目の武器のモデルID</Description>
      <Maximum>9999</Maximum>
      <SortID>160</SortID>
      <UnkC8>パーツ6</UnkC8>
    </Field>
    <Field Def="u16 weaponId7">
      <DisplayName>モデルID</DisplayName>
      <Description>8番目の武器のモデルID</Description>
      <Maximum>9999</Maximum>
      <SortID>170</SortID>
      <UnkC8>パーツ7</UnkC8>
    </Field>
    <Field Def="u16 weaponId8">
      <DisplayName>モデルID</DisplayName>
      <Description>9番目の武器のモデルID</Description>
      <Maximum>9999</Maximum>
      <SortID>180</SortID>
      <UnkC8>パーツ8</UnkC8>
    </Field>
    <Field Def="u16 weaponId9">
      <DisplayName>モデルID</DisplayName>
      <Description>10番目の武器のモデルID</Description>
      <Maximum>9999</Maximum>
      <SortID>190</SortID>
      <UnkC8>パーツ9</UnkC8>
    </Field>
    <Field Def="u16 weaponId10">
      <DisplayName>モデルID</DisplayName>
      <Description>11番目の武器のモデルID</Description>
      <Maximum>9999</Maximum>
      <SortID>200</SortID>
      <UnkC8>パーツ10</UnkC8>
    </Field>
    <Field Def="u16 weaponId11">
      <DisplayName>モデルID</DisplayName>
      <Description>12番目の武器のモデルID</Description>
      <Maximum>9999</Maximum>
      <SortID>210</SortID>
      <UnkC8>パーツ11</UnkC8>
    </Field>
    <Field Def="u16 weaponId12">
      <DisplayName>モデルID</DisplayName>
      <Description>13番目の武器のモデルID</Description>
      <Maximum>9999</Maximum>
      <SortID>220</SortID>
      <UnkC8>パーツ12</UnkC8>
    </Field>
    <Field Def="u16 weaponId13">
      <DisplayName>モデルID</DisplayName>
      <Description>14番目の武器のモデルID</Description>
      <Maximum>9999</Maximum>
      <SortID>230</SortID>
      <UnkC8>パーツ13</UnkC8>
    </Field>
    <Field Def="u16 weaponId14">
      <DisplayName>モデルID</DisplayName>
      <Description>15番目の武器のモデルID</Description>
      <Maximum>9999</Maximum>
      <SortID>240</SortID>
      <UnkC8>パーツ14</UnkC8>
    </Field>
    <Field Def="u16 weaponId15">
      <DisplayName>モデルID</DisplayName>
      <Description>16番目の武器のモデルID</Description>
      <Maximum>9999</Maximum>
      <SortID>250</SortID>
      <UnkC8>パーツ15</UnkC8>
    </Field>
    <Field Def="u16 weaponId16">
      <DisplayName>モデルID</DisplayName>
      <Description>17番目の武器のモデルID</Description>
      <Maximum>9999</Maximum>
      <SortID>260</SortID>
      <UnkC8>パーツ16</UnkC8>
    </Field>
    <Field Def="u16 weaponId17">
      <DisplayName>モデルID</DisplayName>
      <Description>18番目の武器のモデルID</Description>
      <Maximum>9999</Maximum>
      <SortID>270</SortID>
      <UnkC8>パーツ17</UnkC8>
    </Field>
    <Field Def="u16 weaponId18">
      <DisplayName>モデルID</DisplayName>
      <Description>19番目の武器のモデルID</Description>
      <Maximum>9999</Maximum>
      <SortID>280</SortID>
      <UnkC8>パーツ18</UnkC8>
    </Field>
    <Field Def="u16 weaponId19">
      <DisplayName>モデルID</DisplayName>
      <Description>20番目の武器のモデルID</Description>
      <Maximum>9999</Maximum>
      <SortID>290</SortID>
      <UnkC8>パーツ19</UnkC8>
    </Field>
    <Field Def="u16 weaponId20">
      <DisplayName>モデルID</DisplayName>
      <Description>21番目の武器のモデルID</Description>
      <Maximum>9999</Maximum>
      <SortID>300</SortID>
      <UnkC8>パーツ20</UnkC8>
    </Field>
    <Field Def="u16 weaponId21">
      <DisplayName>モデルID</DisplayName>
      <Description>22番目の武器のモデルID</Description>
      <Maximum>9999</Maximum>
      <SortID>310</SortID>
      <UnkC8>パーツ21</UnkC8>
    </Field>
    <Field Def="u16 weaponId22">
      <DisplayName>モデルID</DisplayName>
      <Description>23番目の武器のモデルID</Description>
      <Maximum>9999</Maximum>
      <SortID>320</SortID>
      <UnkC8>パーツ22</UnkC8>
    </Field>
    <Field Def="u16 weaponId23">
      <DisplayName>モデルID</DisplayName>
      <Description>24番目の武器のモデルID</Description>
      <Maximum>9999</Maximum>
      <SortID>330</SortID>
      <UnkC8>パーツ23</UnkC8>
    </Field>
    <Field Def="u16 weaponId24">
      <DisplayName>モデルID</DisplayName>
      <Description>25番目の武器のモデルID</Description>
      <Maximum>9999</Maximum>
      <SortID>340</SortID>
      <UnkC8>パーツ24</UnkC8>
    </Field>
    <Field Def="u16 weaponId25">
      <DisplayName>モデルID</DisplayName>
      <Description>26番目の武器のモデルID</Description>
      <Maximum>9999</Maximum>
      <SortID>350</SortID>
      <UnkC8>パーツ25</UnkC8>
    </Field>
    <Field Def="u16 weaponId26">
      <DisplayName>モデルID</DisplayName>
      <Description>27番目の武器のモデルID</Description>
      <Maximum>9999</Maximum>
      <SortID>360</SortID>
      <UnkC8>パーツ26</UnkC8>
    </Field>
    <Field Def="u16 weaponId27">
      <DisplayName>モデルID</DisplayName>
      <Description>28番目の武器のモデルID</Description>
      <Maximum>9999</Maximum>
      <SortID>370</SortID>
      <UnkC8>パーツ27</UnkC8>
    </Field>
    <Field Def="u16 weaponId28">
      <DisplayName>モデルID</DisplayName>
      <Description>29番目の武器のモデルID</Description>
      <Maximum>9999</Maximum>
      <SortID>380</SortID>
      <UnkC8>パーツ28</UnkC8>
    </Field>
    <Field Def="u16 weaponId29">
      <DisplayName>モデルID</DisplayName>
      <Description>30番目の武器のモデルID</Description>
      <Maximum>9999</Maximum>
      <SortID>390</SortID>
      <UnkC8>パーツ29</UnkC8>
    </Field>
    <Field Def="u16 weaponId30">
      <DisplayName>モデルID</DisplayName>
      <Description>31番目の武器のモデルID</Description>
      <Maximum>9999</Maximum>
      <SortID>400</SortID>
      <UnkC8>パーツ30</UnkC8>
    </Field>
    <Field Def="u16 weaponId31">
      <DisplayName>モデルID</DisplayName>
      <Description>32番目の武器のモデルID</Description>
      <Maximum>9999</Maximum>
      <SortID>410</SortID>
      <UnkC8>パーツ31</UnkC8>
    </Field>
    <Field Def="u32 weaponDmyId0">
      <DisplayName>アタッチダミポリID</DisplayName>
      <Description>1番目の武器のアタッチダミポリID</Description>
      <Maximum>99999999</Maximum>
      <SortID>420</SortID>
      <UnkC8>パーツ0</UnkC8>
    </Field>
    <Field Def="u32 weaponDmyId1">
      <DisplayName>アタッチダミポリID</DisplayName>
      <Description>2番目の武器のアタッチダミポリID</Description>
      <Maximum>99999999</Maximum>
      <SortID>430</SortID>
      <UnkC8>パーツ1</UnkC8>
    </Field>
    <Field Def="u32 weaponDmyId2">
      <DisplayName>アタッチダミポリID</DisplayName>
      <Description>3番目の武器のアタッチダミポリID</Description>
      <Maximum>99999999</Maximum>
      <SortID>440</SortID>
      <UnkC8>パーツ2</UnkC8>
    </Field>
    <Field Def="u32 weaponDmyId3">
      <DisplayName>アタッチダミポリID</DisplayName>
      <Description>4番目の武器のアタッチダミポリID</Description>
      <Maximum>99999999</Maximum>
      <SortID>450</SortID>
      <UnkC8>パーツ3</UnkC8>
    </Field>
    <Field Def="u32 weaponDmyId4">
      <DisplayName>アタッチダミポリID</DisplayName>
      <Description>5番目の武器のアタッチダミポリID</Description>
      <Maximum>99999999</Maximum>
      <SortID>460</SortID>
      <UnkC8>パーツ4</UnkC8>
    </Field>
    <Field Def="u32 weaponDmyId5">
      <DisplayName>アタッチダミポリID</DisplayName>
      <Description>6番目の武器のアタッチダミポリID</Description>
      <Maximum>99999999</Maximum>
      <SortID>470</SortID>
      <UnkC8>パーツ5</UnkC8>
    </Field>
    <Field Def="u32 weaponDmyId6">
      <DisplayName>アタッチダミポリID</DisplayName>
      <Description>7番目の武器のアタッチダミポリID</Description>
      <Maximum>99999999</Maximum>
      <SortID>480</SortID>
      <UnkC8>パーツ6</UnkC8>
    </Field>
    <Field Def="u32 weaponDmyId7">
      <DisplayName>アタッチダミポリID</DisplayName>
      <Description>8番目の武器のアタッチダミポリID</Description>
      <Maximum>99999999</Maximum>
      <SortID>490</SortID>
      <UnkC8>パーツ7</UnkC8>
    </Field>
    <Field Def="u32 weaponDmyId8">
      <DisplayName>アタッチダミポリID</DisplayName>
      <Description>9番目の武器のアタッチダミポリID</Description>
      <Maximum>99999999</Maximum>
      <SortID>500</SortID>
      <UnkC8>パーツ8</UnkC8>
    </Field>
    <Field Def="u32 weaponDmyId9">
      <DisplayName>アタッチダミポリID</DisplayName>
      <Description>10番目の武器のアタッチダミポリID</Description>
      <Maximum>99999999</Maximum>
      <SortID>510</SortID>
      <UnkC8>パーツ9</UnkC8>
    </Field>
    <Field Def="u32 weaponDmyId10">
      <DisplayName>アタッチダミポリID</DisplayName>
      <Description>11番目の武器のアタッチダミポリID</Description>
      <Maximum>99999999</Maximum>
      <SortID>520</SortID>
      <UnkC8>パーツ10</UnkC8>
    </Field>
    <Field Def="u32 weaponDmyId11">
      <DisplayName>アタッチダミポリID</DisplayName>
      <Description>12番目の武器のアタッチダミポリID</Description>
      <Maximum>99999999</Maximum>
      <SortID>530</SortID>
      <UnkC8>パーツ11</UnkC8>
    </Field>
    <Field Def="u32 weaponDmyId12">
      <DisplayName>アタッチダミポリID</DisplayName>
      <Description>13番目の武器のアタッチダミポリID</Description>
      <Maximum>99999999</Maximum>
      <SortID>540</SortID>
      <UnkC8>パーツ12</UnkC8>
    </Field>
    <Field Def="u32 weaponDmyId13">
      <DisplayName>アタッチダミポリID</DisplayName>
      <Description>14番目の武器のアタッチダミポリID</Description>
      <Maximum>99999999</Maximum>
      <SortID>550</SortID>
      <UnkC8>パーツ13</UnkC8>
    </Field>
    <Field Def="u32 weaponDmyId14">
      <DisplayName>アタッチダミポリID</DisplayName>
      <Description>15番目の武器のアタッチダミポリID</Description>
      <Maximum>99999999</Maximum>
      <SortID>560</SortID>
      <UnkC8>パーツ14</UnkC8>
    </Field>
    <Field Def="u32 weaponDmyId15">
      <DisplayName>アタッチダミポリID</DisplayName>
      <Description>16番目の武器のアタッチダミポリID</Description>
      <Maximum>99999999</Maximum>
      <SortID>570</SortID>
      <UnkC8>パーツ15</UnkC8>
    </Field>
    <Field Def="u32 weaponDmyId16">
      <DisplayName>アタッチダミポリID</DisplayName>
      <Description>17番目の武器のアタッチダミポリID</Description>
      <Maximum>99999999</Maximum>
      <SortID>580</SortID>
      <UnkC8>パーツ16</UnkC8>
    </Field>
    <Field Def="u32 weaponDmyId17">
      <DisplayName>アタッチダミポリID</DisplayName>
      <Description>18番目の武器のアタッチダミポリID</Description>
      <Maximum>99999999</Maximum>
      <SortID>590</SortID>
      <UnkC8>パーツ17</UnkC8>
    </Field>
    <Field Def="u32 weaponDmyId18">
      <DisplayName>アタッチダミポリID</DisplayName>
      <Description>19番目の武器のアタッチダミポリID</Description>
      <Maximum>99999999</Maximum>
      <SortID>600</SortID>
      <UnkC8>パーツ18</UnkC8>
    </Field>
    <Field Def="u32 weaponDmyId19">
      <DisplayName>アタッチダミポリID</DisplayName>
      <Description>20番目の武器のアタッチダミポリID</Description>
      <Maximum>99999999</Maximum>
      <SortID>610</SortID>
      <UnkC8>パーツ19</UnkC8>
    </Field>
    <Field Def="u32 weaponDmyId20">
      <DisplayName>アタッチダミポリID</DisplayName>
      <Description>21番目の武器のアタッチダミポリID</Description>
      <Maximum>99999999</Maximum>
      <SortID>620</SortID>
      <UnkC8>パーツ20</UnkC8>
    </Field>
    <Field Def="u32 weaponDmyId21">
      <DisplayName>アタッチダミポリID</DisplayName>
      <Description>22番目の武器のアタッチダミポリID</Description>
      <Maximum>99999999</Maximum>
      <SortID>630</SortID>
      <UnkC8>パーツ21</UnkC8>
    </Field>
    <Field Def="u32 weaponDmyId22">
      <DisplayName>アタッチダミポリID</DisplayName>
      <Description>23番目の武器のアタッチダミポリID</Description>
      <Maximum>99999999</Maximum>
      <SortID>640</SortID>
      <UnkC8>パーツ22</UnkC8>
    </Field>
    <Field Def="u32 weaponDmyId23">
      <DisplayName>アタッチダミポリID</DisplayName>
      <Description>24番目の武器のアタッチダミポリID</Description>
      <Maximum>99999999</Maximum>
      <SortID>650</SortID>
      <UnkC8>パーツ23</UnkC8>
    </Field>
    <Field Def="u32 weaponDmyId24">
      <DisplayName>アタッチダミポリID</DisplayName>
      <Description>25番目の武器のアタッチダミポリID</Description>
      <Maximum>99999999</Maximum>
      <SortID>660</SortID>
      <UnkC8>パーツ24</UnkC8>
    </Field>
    <Field Def="u32 weaponDmyId25">
      <DisplayName>アタッチダミポリID</DisplayName>
      <Description>26番目の武器のアタッチダミポリID</Description>
      <Maximum>99999999</Maximum>
      <SortID>670</SortID>
      <UnkC8>パーツ25</UnkC8>
    </Field>
    <Field Def="u32 weaponDmyId26">
      <DisplayName>アタッチダミポリID</DisplayName>
      <Description>27番目の武器のアタッチダミポリID</Description>
      <Maximum>99999999</Maximum>
      <SortID>680</SortID>
      <UnkC8>パーツ26</UnkC8>
    </Field>
    <Field Def="u32 weaponDmyId27">
      <DisplayName>アタッチダミポリID</DisplayName>
      <Description>28番目の武器のアタッチダミポリID</Description>
      <Maximum>99999999</Maximum>
      <SortID>690</SortID>
      <UnkC8>パーツ27</UnkC8>
    </Field>
    <Field Def="u32 weaponDmyId28">
      <DisplayName>アタッチダミポリID</DisplayName>
      <Description>29番目の武器のアタッチダミポリID</Description>
      <Maximum>99999999</Maximum>
      <SortID>700</SortID>
      <UnkC8>パーツ28</UnkC8>
    </Field>
    <Field Def="u32 weaponDmyId29">
      <DisplayName>アタッチダミポリID</DisplayName>
      <Description>30番目の武器のアタッチダミポリID</Description>
      <Maximum>99999999</Maximum>
      <SortID>710</SortID>
      <UnkC8>パーツ29</UnkC8>
    </Field>
    <Field Def="u32 weaponDmyId30">
      <DisplayName>アタッチダミポリID</DisplayName>
      <Description>31番目の武器のアタッチダミポリID</Description>
      <Maximum>99999999</Maximum>
      <SortID>720</SortID>
      <UnkC8>パーツ30</UnkC8>
    </Field>
    <Field Def="u32 weaponDmyId31">
      <DisplayName>アタッチダミポリID</DisplayName>
      <Description>32番目の武器のアタッチダミポリID</Description>
      <Maximum>99999999</Maximum>
      <SortID>730</SortID>
      <UnkC8>パーツ31</UnkC8>
    </Field>
    <Field Def="s32 weaponAttachObjId0 = -1">
      <DisplayName>アタッチ関節パラメータID</DisplayName>
      <Description>1番目の武器のアタッチ関節パラメータID</Description>
      <Minimum>-1</Minimum>
      <Maximum>999999999</Maximum>
      <SortID>1100</SortID>
      <UnkC8>パーツ0</UnkC8>
    </Field>
    <Field Def="s32 weaponAttachObjId1 = -1">
      <DisplayName>アタッチ関節パラメータID</DisplayName>
      <Description>2番目の武器のアタッチ関節パラメータID</Description>
      <Minimum>-1</Minimum>
      <Maximum>999999999</Maximum>
      <SortID>1110</SortID>
      <UnkC8>パーツ1</UnkC8>
    </Field>
    <Field Def="s32 weaponAttachObjId2 = -1">
      <DisplayName>アタッチ関節パラメータID</DisplayName>
      <Description>3番目の武器のアタッチ関節パラメータID</Description>
      <Minimum>-1</Minimum>
      <Maximum>999999999</Maximum>
      <SortID>1120</SortID>
      <UnkC8>パーツ2</UnkC8>
    </Field>
    <Field Def="s32 weaponAttachObjId3 = -1">
      <DisplayName>アタッチ関節パラメータID</DisplayName>
      <Description>4番目の武器のアタッチ関節パラメータID</Description>
      <Minimum>-1</Minimum>
      <Maximum>999999999</Maximum>
      <SortID>1130</SortID>
      <UnkC8>パーツ3</UnkC8>
    </Field>
    <Field Def="s32 weaponAttachObjId4 = -1">
      <DisplayName>アタッチ関節パラメータID</DisplayName>
      <Description>5番目の武器のアタッチ関節パラメータID</Description>
      <Minimum>-1</Minimum>
      <Maximum>999999999</Maximum>
      <SortID>1140</SortID>
      <UnkC8>パーツ4</UnkC8>
    </Field>
    <Field Def="s32 weaponAttachObjId5 = -1">
      <DisplayName>アタッチ関節パラメータID</DisplayName>
      <Description>6番目の武器のアタッチ関節パラメータID</Description>
      <Minimum>-1</Minimum>
      <Maximum>999999999</Maximum>
      <SortID>1150</SortID>
      <UnkC8>パーツ5</UnkC8>
    </Field>
    <Field Def="s32 weaponAttachObjId6 = -1">
      <DisplayName>アタッチ関節パラメータID</DisplayName>
      <Description>7番目の武器のアタッチ関節パラメータID</Description>
      <Minimum>-1</Minimum>
      <Maximum>999999999</Maximum>
      <SortID>1160</SortID>
      <UnkC8>パーツ6</UnkC8>
    </Field>
    <Field Def="s32 weaponAttachObjId7 = -1">
      <DisplayName>アタッチ関節パラメータID</DisplayName>
      <Description>8番目の武器のアタッチ関節パラメータID</Description>
      <Minimum>-1</Minimum>
      <Maximum>999999999</Maximum>
      <SortID>1170</SortID>
      <UnkC8>パーツ7</UnkC8>
    </Field>
    <Field Def="s32 weaponAttachObjId8 = -1">
      <DisplayName>アタッチ関節パラメータID</DisplayName>
      <Description>9番目の武器のアタッチ関節パラメータID</Description>
      <Minimum>-1</Minimum>
      <Maximum>999999999</Maximum>
      <SortID>1180</SortID>
      <UnkC8>パーツ8</UnkC8>
    </Field>
    <Field Def="s32 weaponAttachObjId9 = -1">
      <DisplayName>アタッチ関節パラメータID</DisplayName>
      <Description>10番目の武器のアタッチ関節パラメータID</Description>
      <Minimum>-1</Minimum>
      <Maximum>999999999</Maximum>
      <SortID>1190</SortID>
      <UnkC8>パーツ9</UnkC8>
    </Field>
    <Field Def="s32 weaponAttachObjId10 = -1">
      <DisplayName>アタッチ関節パラメータID</DisplayName>
      <Description>11番目の武器のアタッチ関節パラメータID</Description>
      <Minimum>-1</Minimum>
      <Maximum>999999999</Maximum>
      <SortID>1200</SortID>
      <UnkC8>パーツ10</UnkC8>
    </Field>
    <Field Def="s32 weaponAttachObjId11 = -1">
      <DisplayName>アタッチ関節パラメータID</DisplayName>
      <Description>12番目の武器のアタッチ関節パラメータID</Description>
      <Minimum>-1</Minimum>
      <Maximum>999999999</Maximum>
      <SortID>1210</SortID>
      <UnkC8>パーツ11</UnkC8>
    </Field>
    <Field Def="s32 weaponAttachObjId12 = -1">
      <DisplayName>アタッチ関節パラメータID</DisplayName>
      <Description>13番目の武器のアタッチ関節パラメータID</Description>
      <Minimum>-1</Minimum>
      <Maximum>999999999</Maximum>
      <SortID>1220</SortID>
      <UnkC8>パーツ12</UnkC8>
    </Field>
    <Field Def="s32 weaponAttachObjId13 = -1">
      <DisplayName>アタッチ関節パラメータID</DisplayName>
      <Description>14番目の武器のアタッチ関節パラメータID</Description>
      <Minimum>-1</Minimum>
      <Maximum>999999999</Maximum>
      <SortID>1230</SortID>
      <UnkC8>パーツ13</UnkC8>
    </Field>
    <Field Def="s32 weaponAttachObjId14 = -1">
      <DisplayName>アタッチ関節パラメータID</DisplayName>
      <Description>15番目の武器のアタッチ関節パラメータID</Description>
      <Minimum>-1</Minimum>
      <Maximum>999999999</Maximum>
      <SortID>1240</SortID>
      <UnkC8>パーツ14</UnkC8>
    </Field>
    <Field Def="s32 weaponAttachObjId15 = -1">
      <DisplayName>アタッチ関節パラメータID</DisplayName>
      <Description>16番目の武器のアタッチ関節パラメータID</Description>
      <Minimum>-1</Minimum>
      <Maximum>999999999</Maximum>
      <SortID>1250</SortID>
      <UnkC8>パーツ15</UnkC8>
    </Field>
    <Field Def="s32 weaponAttachObjId16 = -1">
      <DisplayName>アタッチ関節パラメータID</DisplayName>
      <Description>17番目の武器のアタッチ関節パラメータID</Description>
      <Minimum>-1</Minimum>
      <Maximum>999999999</Maximum>
      <SortID>1260</SortID>
      <UnkC8>パーツ16</UnkC8>
    </Field>
    <Field Def="s32 weaponAttachObjId17 = -1">
      <DisplayName>アタッチ関節パラメータID</DisplayName>
      <Description>18番目の武器のアタッチ関節パラメータID</Description>
      <Minimum>-1</Minimum>
      <Maximum>999999999</Maximum>
      <SortID>1270</SortID>
      <UnkC8>パーツ17</UnkC8>
    </Field>
    <Field Def="s32 weaponAttachObjId18 = -1">
      <DisplayName>アタッチ関節パラメータID</DisplayName>
      <Description>19番目の武器のアタッチ関節パラメータID</Description>
      <Minimum>-1</Minimum>
      <Maximum>999999999</Maximum>
      <SortID>1280</SortID>
      <UnkC8>パーツ18</UnkC8>
    </Field>
    <Field Def="s32 weaponAttachObjId19 = -1">
      <DisplayName>アタッチ関節パラメータID</DisplayName>
      <Description>20番目の武器のアタッチ関節パラメータID</Description>
      <Minimum>-1</Minimum>
      <Maximum>999999999</Maximum>
      <SortID>1290</SortID>
      <UnkC8>パーツ19</UnkC8>
    </Field>
    <Field Def="s32 weaponAttachObjId20 = -1">
      <DisplayName>アタッチ関節パラメータID</DisplayName>
      <Description>21番目の武器のアタッチ関節パラメータID</Description>
      <Minimum>-1</Minimum>
      <Maximum>999999999</Maximum>
      <SortID>1300</SortID>
      <UnkC8>パーツ20</UnkC8>
    </Field>
    <Field Def="s32 weaponAttachObjId21 = -1">
      <DisplayName>アタッチ関節パラメータID</DisplayName>
      <Description>22番目の武器のアタッチ関節パラメータID</Description>
      <Minimum>-1</Minimum>
      <Maximum>999999999</Maximum>
      <SortID>1310</SortID>
      <UnkC8>パーツ21</UnkC8>
    </Field>
    <Field Def="s32 weaponAttachObjId22 = -1">
      <DisplayName>アタッチ関節パラメータID</DisplayName>
      <Description>23番目の武器のアタッチ関節パラメータID</Description>
      <Minimum>-1</Minimum>
      <Maximum>999999999</Maximum>
      <SortID>1320</SortID>
      <UnkC8>パーツ22</UnkC8>
    </Field>
    <Field Def="s32 weaponAttachObjId23 = -1">
      <DisplayName>アタッチ関節パラメータID</DisplayName>
      <Description>24番目の武器のアタッチ関節パラメータID</Description>
      <Minimum>-1</Minimum>
      <Maximum>999999999</Maximum>
      <SortID>1330</SortID>
      <UnkC8>パーツ23</UnkC8>
    </Field>
    <Field Def="s32 weaponAttachObjId24 = -1">
      <DisplayName>アタッチ関節パラメータID</DisplayName>
      <Description>25番目の武器のアタッチ関節パラメータID</Description>
      <Minimum>-1</Minimum>
      <Maximum>999999999</Maximum>
      <SortID>1340</SortID>
      <UnkC8>パーツ24</UnkC8>
    </Field>
    <Field Def="s32 weaponAttachObjId25 = -1">
      <DisplayName>アタッチ関節パラメータID</DisplayName>
      <Description>26番目の武器のアタッチ関節パラメータID</Description>
      <Minimum>-1</Minimum>
      <Maximum>999999999</Maximum>
      <SortID>1350</SortID>
      <UnkC8>パーツ25</UnkC8>
    </Field>
    <Field Def="s32 weaponAttachObjId26 = -1">
      <DisplayName>アタッチ関節パラメータID</DisplayName>
      <Description>27番目の武器のアタッチ関節パラメータID</Description>
      <Minimum>-1</Minimum>
      <Maximum>999999999</Maximum>
      <SortID>1360</SortID>
      <UnkC8>パーツ26</UnkC8>
    </Field>
    <Field Def="s32 weaponAttachObjId27 = -1">
      <DisplayName>アタッチ関節パラメータID</DisplayName>
      <Description>28番目の武器のアタッチ関節パラメータID</Description>
      <Minimum>-1</Minimum>
      <Maximum>999999999</Maximum>
      <SortID>1370</SortID>
      <UnkC8>パーツ27</UnkC8>
    </Field>
    <Field Def="s32 weaponAttachObjId28 = -1">
      <DisplayName>アタッチ関節パラメータID</DisplayName>
      <Description>29番目の武器のアタッチ関節パラメータID</Description>
      <Minimum>-1</Minimum>
      <Maximum>999999999</Maximum>
      <SortID>1380</SortID>
      <UnkC8>パーツ28</UnkC8>
    </Field>
    <Field Def="s32 weaponAttachObjId29 = -1">
      <DisplayName>アタッチ関節パラメータID</DisplayName>
      <Description>30番目の武器のアタッチ関節パラメータID</Description>
      <Minimum>-1</Minimum>
      <Maximum>999999999</Maximum>
      <SortID>1390</SortID>
      <UnkC8>パーツ29</UnkC8>
    </Field>
    <Field Def="s32 weaponAttachObjId30 = -1">
      <DisplayName>アタッチ関節パラメータID</DisplayName>
      <Description>31番目の武器のアタッチ関節パラメータID</Description>
      <Minimum>-1</Minimum>
      <Maximum>999999999</Maximum>
      <SortID>1400</SortID>
      <UnkC8>パーツ30</UnkC8>
    </Field>
    <Field Def="s32 weaponAttachObjId31 = -1">
      <DisplayName>アタッチ関節パラメータID</DisplayName>
      <Description>32番目の武器のアタッチ関節パラメータID</Description>
      <Minimum>-1</Minimum>
      <Maximum>999999999</Maximum>
      <SortID>1410</SortID>
      <UnkC8>パーツ31</UnkC8>
    </Field>
    <Field Def="u8 bInitVisible0 = 1">
      <DisplayName>初期表示設定</DisplayName>
      <Enum>NPC_BOOL</Enum>
      <Description>1番目の武器の初期表示状態</Description>
      <Maximum>1</Maximum>
      <SortID>2100</SortID>
      <UnkC8>パーツ0</UnkC8>
    </Field>
    <Field Def="u8 bInitVisible1 = 1">
      <DisplayName>初期表示設定</DisplayName>
      <Enum>NPC_BOOL</Enum>
      <Description>2番目の武器の初期表示状態</Description>
      <Maximum>1</Maximum>
      <SortID>2110</SortID>
      <UnkC8>パーツ1</UnkC8>
    </Field>
    <Field Def="u8 bInitVisible2 = 1">
      <DisplayName>初期表示設定</DisplayName>
      <Enum>NPC_BOOL</Enum>
      <Description>3番目の武器の初期表示状態</Description>
      <Maximum>1</Maximum>
      <SortID>2120</SortID>
      <UnkC8>パーツ2</UnkC8>
    </Field>
    <Field Def="u8 bInitVisible3 = 1">
      <DisplayName>初期表示設定</DisplayName>
      <Enum>NPC_BOOL</Enum>
      <Description>4番目の武器の初期表示状態</Description>
      <Maximum>1</Maximum>
      <SortID>2130</SortID>
      <UnkC8>パーツ3</UnkC8>
    </Field>
    <Field Def="u8 bInitVisible4 = 1">
      <DisplayName>初期表示設定</DisplayName>
      <Enum>NPC_BOOL</Enum>
      <Description>5番目の武器の初期表示状態</Description>
      <Maximum>1</Maximum>
      <SortID>2140</SortID>
      <UnkC8>パーツ4</UnkC8>
    </Field>
    <Field Def="u8 bInitVisible5 = 1">
      <DisplayName>初期表示設定</DisplayName>
      <Enum>NPC_BOOL</Enum>
      <Description>6番目の武器の初期表示状態</Description>
      <Maximum>1</Maximum>
      <SortID>2150</SortID>
      <UnkC8>パーツ5</UnkC8>
    </Field>
    <Field Def="u8 bInitVisible6 = 1">
      <DisplayName>初期表示設定</DisplayName>
      <Enum>NPC_BOOL</Enum>
      <Description>7番目の武器の初期表示状態</Description>
      <Maximum>1</Maximum>
      <SortID>2160</SortID>
      <UnkC8>パーツ6</UnkC8>
    </Field>
    <Field Def="u8 bInitVisible7 = 1">
      <DisplayName>初期表示設定</DisplayName>
      <Enum>NPC_BOOL</Enum>
      <Description>8番目の武器の初期表示状態</Description>
      <Maximum>1</Maximum>
      <SortID>2170</SortID>
      <UnkC8>パーツ7</UnkC8>
    </Field>
    <Field Def="u8 bInitVisible8 = 1">
      <DisplayName>初期表示設定</DisplayName>
      <Enum>NPC_BOOL</Enum>
      <Description>9番目の武器の初期表示状態</Description>
      <Maximum>1</Maximum>
      <SortID>2180</SortID>
      <UnkC8>パーツ8</UnkC8>
    </Field>
    <Field Def="u8 bInitVisible9 = 1">
      <DisplayName>初期表示設定</DisplayName>
      <Enum>NPC_BOOL</Enum>
      <Description>10番目の武器の初期表示状態</Description>
      <Maximum>1</Maximum>
      <SortID>2190</SortID>
      <UnkC8>パーツ9</UnkC8>
    </Field>
    <Field Def="u8 bInitVisible10 = 1">
      <DisplayName>初期表示設定</DisplayName>
      <Enum>NPC_BOOL</Enum>
      <Description>11番目の武器の初期表示状態</Description>
      <Maximum>1</Maximum>
      <SortID>2200</SortID>
      <UnkC8>パーツ10</UnkC8>
    </Field>
    <Field Def="u8 bInitVisible11 = 1">
      <DisplayName>初期表示設定</DisplayName>
      <Enum>NPC_BOOL</Enum>
      <Description>12番目の武器の初期表示状態</Description>
      <Maximum>1</Maximum>
      <SortID>2210</SortID>
      <UnkC8>パーツ11</UnkC8>
    </Field>
    <Field Def="u8 bInitVisible12 = 1">
      <DisplayName>初期表示設定</DisplayName>
      <Enum>NPC_BOOL</Enum>
      <Description>13番目の武器の初期表示状態</Description>
      <Maximum>1</Maximum>
      <SortID>2220</SortID>
      <UnkC8>パーツ12</UnkC8>
    </Field>
    <Field Def="u8 bInitVisible13 = 1">
      <DisplayName>初期表示設定</DisplayName>
      <Enum>NPC_BOOL</Enum>
      <Description>14番目の武器の初期表示状態</Description>
      <Maximum>1</Maximum>
      <SortID>2230</SortID>
      <UnkC8>パーツ13</UnkC8>
    </Field>
    <Field Def="u8 bInitVisible14 = 1">
      <DisplayName>初期表示設定</DisplayName>
      <Enum>NPC_BOOL</Enum>
      <Description>15番目の武器の初期表示状態</Description>
      <Maximum>1</Maximum>
      <SortID>2240</SortID>
      <UnkC8>パーツ14</UnkC8>
    </Field>
    <Field Def="u8 bInitVisible15 = 1">
      <DisplayName>初期表示設定</DisplayName>
      <Enum>NPC_BOOL</Enum>
      <Description>16番目の武器の初期表示状態</Description>
      <Maximum>1</Maximum>
      <SortID>2250</SortID>
      <UnkC8>パーツ15</UnkC8>
    </Field>
    <Field Def="u8 bInitVisible16 = 1">
      <DisplayName>初期表示設定</DisplayName>
      <Enum>NPC_BOOL</Enum>
      <Description>17番目の武器の初期表示状態</Description>
      <Maximum>1</Maximum>
      <SortID>2260</SortID>
      <UnkC8>パーツ16</UnkC8>
    </Field>
    <Field Def="u8 bInitVisible17 = 1">
      <DisplayName>初期表示設定</DisplayName>
      <Enum>NPC_BOOL</Enum>
      <Description>18番目の武器の初期表示状態</Description>
      <Maximum>1</Maximum>
      <SortID>2270</SortID>
      <UnkC8>パーツ17</UnkC8>
    </Field>
    <Field Def="u8 bInitVisible18 = 1">
      <DisplayName>初期表示設定</DisplayName>
      <Enum>NPC_BOOL</Enum>
      <Description>19番目の武器の初期表示状態</Description>
      <Maximum>1</Maximum>
      <SortID>2280</SortID>
      <UnkC8>パーツ18</UnkC8>
    </Field>
    <Field Def="u8 bInitVisible19 = 1">
      <DisplayName>初期表示設定</DisplayName>
      <Enum>NPC_BOOL</Enum>
      <Description>20番目の武器の初期表示状態</Description>
      <Maximum>1</Maximum>
      <SortID>2290</SortID>
      <UnkC8>パーツ19</UnkC8>
    </Field>
    <Field Def="u8 bInitVisible20 = 1">
      <DisplayName>初期表示設定</DisplayName>
      <Enum>NPC_BOOL</Enum>
      <Description>21番目の武器の初期表示状態</Description>
      <Maximum>1</Maximum>
      <SortID>2300</SortID>
      <UnkC8>パーツ20</UnkC8>
    </Field>
    <Field Def="u8 bInitVisible21 = 1">
      <DisplayName>初期表示設定</DisplayName>
      <Enum>NPC_BOOL</Enum>
      <Description>22番目の武器の初期表示状態</Description>
      <Maximum>1</Maximum>
      <SortID>2310</SortID>
      <UnkC8>パーツ21</UnkC8>
    </Field>
    <Field Def="u8 bInitVisible22 = 1">
      <DisplayName>初期表示設定</DisplayName>
      <Enum>NPC_BOOL</Enum>
      <Description>23番目の武器の初期表示状態</Description>
      <Maximum>1</Maximum>
      <SortID>2320</SortID>
      <UnkC8>パーツ22</UnkC8>
    </Field>
    <Field Def="u8 bInitVisible23 = 1">
      <DisplayName>初期表示設定</DisplayName>
      <Enum>NPC_BOOL</Enum>
      <Description>24番目の武器の初期表示状態</Description>
      <Maximum>1</Maximum>
      <SortID>2330</SortID>
      <UnkC8>パーツ23</UnkC8>
    </Field>
    <Field Def="u8 bInitVisible24 = 1">
      <DisplayName>初期表示設定</DisplayName>
      <Enum>NPC_BOOL</Enum>
      <Description>25番目の武器の初期表示状態</Description>
      <Maximum>1</Maximum>
      <SortID>2340</SortID>
      <UnkC8>パーツ24</UnkC8>
    </Field>
    <Field Def="u8 bInitVisible25 = 1">
      <DisplayName>初期表示設定</DisplayName>
      <Enum>NPC_BOOL</Enum>
      <Description>26番目の武器の初期表示状態</Description>
      <Maximum>1</Maximum>
      <SortID>2350</SortID>
      <UnkC8>パーツ25</UnkC8>
    </Field>
    <Field Def="u8 bInitVisible26 = 1">
      <DisplayName>初期表示設定</DisplayName>
      <Enum>NPC_BOOL</Enum>
      <Description>27番目の武器の初期表示状態</Description>
      <Maximum>1</Maximum>
      <SortID>2360</SortID>
      <UnkC8>パーツ26</UnkC8>
    </Field>
    <Field Def="u8 bInitVisible27 = 1">
      <DisplayName>初期表示設定</DisplayName>
      <Enum>NPC_BOOL</Enum>
      <Description>28番目の武器の初期表示状態</Description>
      <Maximum>1</Maximum>
      <SortID>2370</SortID>
      <UnkC8>パーツ27</UnkC8>
    </Field>
    <Field Def="u8 bInitVisible28 = 1">
      <DisplayName>初期表示設定</DisplayName>
      <Enum>NPC_BOOL</Enum>
      <Description>29番目の武器の初期表示状態</Description>
      <Maximum>1</Maximum>
      <SortID>2380</SortID>
      <UnkC8>パーツ28</UnkC8>
    </Field>
    <Field Def="u8 bInitVisible29 = 1">
      <DisplayName>初期表示設定</DisplayName>
      <Enum>NPC_BOOL</Enum>
      <Description>30番目の武器の初期表示状態</Description>
      <Maximum>1</Maximum>
      <SortID>2390</SortID>
      <UnkC8>パーツ29</UnkC8>
    </Field>
    <Field Def="u8 bInitVisible30 = 1">
      <DisplayName>初期表示設定</DisplayName>
      <Enum>NPC_BOOL</Enum>
      <Description>31番目の武器の初期表示状態</Description>
      <Maximum>1</Maximum>
      <SortID>2400</SortID>
      <UnkC8>パーツ30</UnkC8>
    </Field>
    <Field Def="u8 bInitVisible31 = 1">
      <DisplayName>初期表示設定</DisplayName>
      <Enum>NPC_BOOL</Enum>
      <Description>32番目の武器の初期表示状態</Description>
      <Maximum>1</Maximum>
      <SortID>2410</SortID>
      <UnkC8>パーツ31</UnkC8>
    </Field>
    <Field Def="s32 breakSfxId0 = -1">
      <DisplayName>破壊時SFXID</DisplayName>
      <Description>1番目の武器の破壊時SFXID</Description>
      <Minimum>-1</Minimum>
      <Maximum>999999999</Maximum>
      <SortID>3100</SortID>
      <UnkC8>パーツ0</UnkC8>
    </Field>
    <Field Def="s32 breakSfxId1 = -1">
      <DisplayName>破壊時SFXID</DisplayName>
      <Description>2番目の武器の破壊時SFXID</Description>
      <Minimum>-1</Minimum>
      <Maximum>999999999</Maximum>
      <SortID>3110</SortID>
      <UnkC8>パーツ1</UnkC8>
    </Field>
    <Field Def="s32 breakSfxId2 = -1">
      <DisplayName>破壊時SFXID</DisplayName>
      <Description>3番目の武器の破壊時SFXID</Description>
      <Minimum>-1</Minimum>
      <Maximum>999999999</Maximum>
      <SortID>3120</SortID>
      <UnkC8>パーツ2</UnkC8>
    </Field>
    <Field Def="s32 breakSfxId3 = -1">
      <DisplayName>破壊時SFXID</DisplayName>
      <Description>4番目の武器の破壊時SFXID</Description>
      <Minimum>-1</Minimum>
      <Maximum>999999999</Maximum>
      <SortID>3130</SortID>
      <UnkC8>パーツ3</UnkC8>
    </Field>
    <Field Def="s32 breakSfxId4 = -1">
      <DisplayName>破壊時SFXID</DisplayName>
      <Description>5番目の武器の破壊時SFXID</Description>
      <Minimum>-1</Minimum>
      <Maximum>999999999</Maximum>
      <SortID>3140</SortID>
      <UnkC8>パーツ4</UnkC8>
    </Field>
    <Field Def="s32 breakSfxId5 = -1">
      <DisplayName>破壊時SFXID</DisplayName>
      <Description>6番目の武器の破壊時SFXID</Description>
      <Minimum>-1</Minimum>
      <Maximum>999999999</Maximum>
      <SortID>3150</SortID>
      <UnkC8>パーツ5</UnkC8>
    </Field>
    <Field Def="s32 breakSfxId6 = -1">
      <DisplayName>破壊時SFXID</DisplayName>
      <Description>7番目の武器の破壊時SFXID</Description>
      <Minimum>-1</Minimum>
      <Maximum>999999999</Maximum>
      <SortID>3160</SortID>
      <UnkC8>パーツ6</UnkC8>
    </Field>
    <Field Def="s32 breakSfxId7 = -1">
      <DisplayName>破壊時SFXID</DisplayName>
      <Description>8番目の武器の破壊時SFXID</Description>
      <Minimum>-1</Minimum>
      <Maximum>999999999</Maximum>
      <SortID>3170</SortID>
      <UnkC8>パーツ7</UnkC8>
    </Field>
    <Field Def="s32 breakSfxId8 = -1">
      <DisplayName>破壊時SFXID</DisplayName>
      <Description>9番目の武器の破壊時SFXID</Description>
      <Minimum>-1</Minimum>
      <Maximum>999999999</Maximum>
      <SortID>3180</SortID>
      <UnkC8>パーツ8</UnkC8>
    </Field>
    <Field Def="s32 breakSfxId9 = -1">
      <DisplayName>破壊時SFXID</DisplayName>
      <Description>10番目の武器の破壊時SFXID</Description>
      <Minimum>-1</Minimum>
      <Maximum>999999999</Maximum>
      <SortID>3190</SortID>
      <UnkC8>パーツ9</UnkC8>
    </Field>
    <Field Def="s32 breakSfxId10 = -1">
      <DisplayName>破壊時SFXID</DisplayName>
      <Description>11番目の武器の破壊時SFXID</Description>
      <Minimum>-1</Minimum>
      <Maximum>999999999</Maximum>
      <SortID>3200</SortID>
      <UnkC8>パーツ10</UnkC8>
    </Field>
    <Field Def="s32 breakSfxId11 = -1">
      <DisplayName>破壊時SFXID</DisplayName>
      <Description>12番目の武器の破壊時SFXID</Description>
      <Minimum>-1</Minimum>
      <Maximum>999999999</Maximum>
      <SortID>3210</SortID>
      <UnkC8>パーツ11</UnkC8>
    </Field>
    <Field Def="s32 breakSfxId12 = -1">
      <DisplayName>破壊時SFXID</DisplayName>
      <Description>13番目の武器の破壊時SFXID</Description>
      <Minimum>-1</Minimum>
      <Maximum>999999999</Maximum>
      <SortID>3220</SortID>
      <UnkC8>パーツ12</UnkC8>
    </Field>
    <Field Def="s32 breakSfxId13 = -1">
      <DisplayName>破壊時SFXID</DisplayName>
      <Description>14番目の武器の破壊時SFXID</Description>
      <Minimum>-1</Minimum>
      <Maximum>999999999</Maximum>
      <SortID>3230</SortID>
      <UnkC8>パーツ13</UnkC8>
    </Field>
    <Field Def="s32 breakSfxId14 = -1">
      <DisplayName>破壊時SFXID</DisplayName>
      <Description>15番目の武器の破壊時SFXID</Description>
      <Minimum>-1</Minimum>
      <Maximum>999999999</Maximum>
      <SortID>3240</SortID>
      <UnkC8>パーツ14</UnkC8>
    </Field>
    <Field Def="s32 breakSfxId15 = -1">
      <DisplayName>破壊時SFXID</DisplayName>
      <Description>16番目の武器の破壊時SFXID</Description>
      <Minimum>-1</Minimum>
      <Maximum>999999999</Maximum>
      <SortID>3250</SortID>
      <UnkC8>パーツ15</UnkC8>
    </Field>
    <Field Def="s32 breakSfxId16 = -1">
      <DisplayName>破壊時SFXID</DisplayName>
      <Description>17番目の武器の破壊時SFXID</Description>
      <Minimum>-1</Minimum>
      <Maximum>999999999</Maximum>
      <SortID>3260</SortID>
      <UnkC8>パーツ16</UnkC8>
    </Field>
    <Field Def="s32 breakSfxId17 = -1">
      <DisplayName>破壊時SFXID</DisplayName>
      <Description>18番目の武器の破壊時SFXID</Description>
      <Minimum>-1</Minimum>
      <Maximum>999999999</Maximum>
      <SortID>3270</SortID>
      <UnkC8>パーツ17</UnkC8>
    </Field>
    <Field Def="s32 breakSfxId18 = -1">
      <DisplayName>破壊時SFXID</DisplayName>
      <Description>19番目の武器の破壊時SFXID</Description>
      <Minimum>-1</Minimum>
      <Maximum>999999999</Maximum>
      <SortID>3280</SortID>
      <UnkC8>パーツ18</UnkC8>
    </Field>
    <Field Def="s32 breakSfxId19 = -1">
      <DisplayName>破壊時SFXID</DisplayName>
      <Description>20番目の武器の破壊時SFXID</Description>
      <Minimum>-1</Minimum>
      <Maximum>999999999</Maximum>
      <SortID>3290</SortID>
      <UnkC8>パーツ19</UnkC8>
    </Field>
    <Field Def="s32 breakSfxId20 = -1">
      <DisplayName>破壊時SFXID</DisplayName>
      <Description>21番目の武器の破壊時SFXID</Description>
      <Minimum>-1</Minimum>
      <Maximum>999999999</Maximum>
      <SortID>3300</SortID>
      <UnkC8>パーツ20</UnkC8>
    </Field>
    <Field Def="s32 breakSfxId21 = -1">
      <DisplayName>破壊時SFXID</DisplayName>
      <Description>22番目の武器の破壊時SFXID</Description>
      <Minimum>-1</Minimum>
      <Maximum>999999999</Maximum>
      <SortID>3310</SortID>
      <UnkC8>パーツ21</UnkC8>
    </Field>
    <Field Def="s32 breakSfxId22 = -1">
      <DisplayName>破壊時SFXID</DisplayName>
      <Description>23番目の武器の破壊時SFXID</Description>
      <Minimum>-1</Minimum>
      <Maximum>999999999</Maximum>
      <SortID>3320</SortID>
      <UnkC8>パーツ22</UnkC8>
    </Field>
    <Field Def="s32 breakSfxId23 = -1">
      <DisplayName>破壊時SFXID</DisplayName>
      <Description>24番目の武器の破壊時SFXID</Description>
      <Minimum>-1</Minimum>
      <Maximum>999999999</Maximum>
      <SortID>3330</SortID>
      <UnkC8>パーツ23</UnkC8>
    </Field>
    <Field Def="s32 breakSfxId24 = -1">
      <DisplayName>破壊時SFXID</DisplayName>
      <Description>25番目の武器の破壊時SFXID</Description>
      <Minimum>-1</Minimum>
      <Maximum>999999999</Maximum>
      <SortID>3340</SortID>
      <UnkC8>パーツ24</UnkC8>
    </Field>
    <Field Def="s32 breakSfxId25 = -1">
      <DisplayName>破壊時SFXID</DisplayName>
      <Description>26番目の武器の破壊時SFXID</Description>
      <Minimum>-1</Minimum>
      <Maximum>999999999</Maximum>
      <SortID>3350</SortID>
      <UnkC8>パーツ25</UnkC8>
    </Field>
    <Field Def="s32 breakSfxId26 = -1">
      <DisplayName>破壊時SFXID</DisplayName>
      <Description>27番目の武器の破壊時SFXID</Description>
      <Minimum>-1</Minimum>
      <Maximum>999999999</Maximum>
      <SortID>3360</SortID>
      <UnkC8>パーツ26</UnkC8>
    </Field>
    <Field Def="s32 breakSfxId27 = -1">
      <DisplayName>破壊時SFXID</DisplayName>
      <Description>28番目の武器の破壊時SFXID</Description>
      <Minimum>-1</Minimum>
      <Maximum>999999999</Maximum>
      <SortID>3370</SortID>
      <UnkC8>パーツ27</UnkC8>
    </Field>
    <Field Def="s32 breakSfxId28 = -1">
      <DisplayName>破壊時SFXID</DisplayName>
      <Description>29番目の武器の破壊時SFXID</Description>
      <Minimum>-1</Minimum>
      <Maximum>999999999</Maximum>
      <SortID>3380</SortID>
      <UnkC8>パーツ28</UnkC8>
    </Field>
    <Field Def="s32 breakSfxId29 = -1">
      <DisplayName>破壊時SFXID</DisplayName>
      <Description>30番目の武器の破壊時SFXID</Description>
      <Minimum>-1</Minimum>
      <Maximum>999999999</Maximum>
      <SortID>3390</SortID>
      <UnkC8>パーツ29</UnkC8>
    </Field>
    <Field Def="s32 breakSfxId30 = -1">
      <DisplayName>破壊時SFXID</DisplayName>
      <Description>31番目の武器の破壊時SFXID</Description>
      <Minimum>-1</Minimum>
      <Maximum>999999999</Maximum>
      <SortID>3400</SortID>
      <UnkC8>パーツ30</UnkC8>
    </Field>
    <Field Def="s32 breakSfxId31 = -1">
      <DisplayName>破壊時SFXID</DisplayName>
      <Description>32番目の武器の破壊時SFXID</Description>
      <Minimum>-1</Minimum>
      <Maximum>999999999</Maximum>
      <SortID>3410</SortID>
      <UnkC8>パーツ31</UnkC8>
    </Field>
    <Field Def="s32 breakDmyId0 = -1">
      <DisplayName>破壊時SFX発生ダミポリID</DisplayName>
      <Description>1番目の武器の破壊時SFXの発生ダミポリID</Description>
      <Minimum>-1</Minimum>
      <Maximum>999999999</Maximum>
      <SortID>4100</SortID>
      <UnkC8>パーツ0</UnkC8>
    </Field>
    <Field Def="s32 breakDmyId1 = -1">
      <DisplayName>破壊時SFX発生ダミポリID</DisplayName>
      <Description>2番目の武器の破壊時SFXの発生ダミポリID</Description>
      <Minimum>-1</Minimum>
      <Maximum>999999999</Maximum>
      <SortID>4110</SortID>
      <UnkC8>パーツ1</UnkC8>
    </Field>
    <Field Def="s32 breakDmyId2 = -1">
      <DisplayName>破壊時SFX発生ダミポリID</DisplayName>
      <Description>3番目の武器の破壊時SFXの発生ダミポリID</Description>
      <Minimum>-1</Minimum>
      <Maximum>999999999</Maximum>
      <SortID>4120</SortID>
      <UnkC8>パーツ2</UnkC8>
    </Field>
    <Field Def="s32 breakDmyId3 = -1">
      <DisplayName>破壊時SFX発生ダミポリID</DisplayName>
      <Description>4番目の武器の破壊時SFXの発生ダミポリID</Description>
      <Minimum>-1</Minimum>
      <Maximum>999999999</Maximum>
      <SortID>4130</SortID>
      <UnkC8>パーツ3</UnkC8>
    </Field>
    <Field Def="s32 breakDmyId4 = -1">
      <DisplayName>破壊時SFX発生ダミポリID</DisplayName>
      <Description>5番目の武器の破壊時SFXの発生ダミポリID</Description>
      <Minimum>-1</Minimum>
      <Maximum>999999999</Maximum>
      <SortID>4140</SortID>
      <UnkC8>パーツ4</UnkC8>
    </Field>
    <Field Def="s32 breakDmyId5 = -1">
      <DisplayName>破壊時SFX発生ダミポリID</DisplayName>
      <Description>6番目の武器の破壊時SFXの発生ダミポリID</Description>
      <Minimum>-1</Minimum>
      <Maximum>999999999</Maximum>
      <SortID>4150</SortID>
      <UnkC8>パーツ5</UnkC8>
    </Field>
    <Field Def="s32 breakDmyId6 = -1">
      <DisplayName>破壊時SFX発生ダミポリID</DisplayName>
      <Description>7番目の武器の破壊時SFXの発生ダミポリID</Description>
      <Minimum>-1</Minimum>
      <Maximum>999999999</Maximum>
      <SortID>4160</SortID>
      <UnkC8>パーツ6</UnkC8>
    </Field>
    <Field Def="s32 breakDmyId7 = -1">
      <DisplayName>破壊時SFX発生ダミポリID</DisplayName>
      <Description>8番目の武器の破壊時SFXの発生ダミポリID</Description>
      <Minimum>-1</Minimum>
      <Maximum>999999999</Maximum>
      <SortID>4170</SortID>
      <UnkC8>パーツ7</UnkC8>
    </Field>
    <Field Def="s32 breakDmyId8 = -1">
      <DisplayName>破壊時SFX発生ダミポリID</DisplayName>
      <Description>9番目の武器の破壊時SFXの発生ダミポリID</Description>
      <Minimum>-1</Minimum>
      <Maximum>999999999</Maximum>
      <SortID>4180</SortID>
      <UnkC8>パーツ8</UnkC8>
    </Field>
    <Field Def="s32 breakDmyId9 = -1">
      <DisplayName>破壊時SFX発生ダミポリID</DisplayName>
      <Description>10番目の武器の破壊時SFXの発生ダミポリID</Description>
      <Minimum>-1</Minimum>
      <Maximum>999999999</Maximum>
      <SortID>4190</SortID>
      <UnkC8>パーツ9</UnkC8>
    </Field>
    <Field Def="s32 breakDmyId10 = -1">
      <DisplayName>破壊時SFX発生ダミポリID</DisplayName>
      <Description>11番目の武器の破壊時SFXの発生ダミポリID</Description>
      <Minimum>-1</Minimum>
      <Maximum>999999999</Maximum>
      <SortID>4200</SortID>
      <UnkC8>パーツ10</UnkC8>
    </Field>
    <Field Def="s32 breakDmyId11 = -1">
      <DisplayName>破壊時SFX発生ダミポリID</DisplayName>
      <Description>12番目の武器の破壊時SFXの発生ダミポリID</Description>
      <Minimum>-1</Minimum>
      <Maximum>999999999</Maximum>
      <SortID>4210</SortID>
      <UnkC8>パーツ11</UnkC8>
    </Field>
    <Field Def="s32 breakDmyId12 = -1">
      <DisplayName>破壊時SFX発生ダミポリID</DisplayName>
      <Description>13番目の武器の破壊時SFXの発生ダミポリID</Description>
      <Minimum>-1</Minimum>
      <Maximum>999999999</Maximum>
      <SortID>4220</SortID>
      <UnkC8>パーツ12</UnkC8>
    </Field>
    <Field Def="s32 breakDmyId13 = -1">
      <DisplayName>破壊時SFX発生ダミポリID</DisplayName>
      <Description>14番目の武器の破壊時SFXの発生ダミポリID</Description>
      <Minimum>-1</Minimum>
      <Maximum>999999999</Maximum>
      <SortID>4230</SortID>
      <UnkC8>パーツ13</UnkC8>
    </Field>
    <Field Def="s32 breakDmyId14 = -1">
      <DisplayName>破壊時SFX発生ダミポリID</DisplayName>
      <Description>15番目の武器の破壊時SFXの発生ダミポリID</Description>
      <Minimum>-1</Minimum>
      <Maximum>999999999</Maximum>
      <SortID>4240</SortID>
      <UnkC8>パーツ14</UnkC8>
    </Field>
    <Field Def="s32 breakDmyId15 = -1">
      <DisplayName>破壊時SFX発生ダミポリID</DisplayName>
      <Description>16番目の武器の破壊時SFXの発生ダミポリID</Description>
      <Minimum>-1</Minimum>
      <Maximum>999999999</Maximum>
      <SortID>4250</SortID>
      <UnkC8>パーツ15</UnkC8>
    </Field>
    <Field Def="s32 breakDmyId16 = -1">
      <DisplayName>破壊時SFX発生ダミポリID</DisplayName>
      <Description>17番目の武器の破壊時SFXの発生ダミポリID</Description>
      <Minimum>-1</Minimum>
      <Maximum>999999999</Maximum>
      <SortID>4260</SortID>
      <UnkC8>パーツ16</UnkC8>
    </Field>
    <Field Def="s32 breakDmyId17 = -1">
      <DisplayName>破壊時SFX発生ダミポリID</DisplayName>
      <Description>18番目の武器の破壊時SFXの発生ダミポリID</Description>
      <Minimum>-1</Minimum>
      <Maximum>999999999</Maximum>
      <SortID>4270</SortID>
      <UnkC8>パーツ17</UnkC8>
    </Field>
    <Field Def="s32 breakDmyId18 = -1">
      <DisplayName>破壊時SFX発生ダミポリID</DisplayName>
      <Description>19番目の武器の破壊時SFXの発生ダミポリID</Description>
      <Minimum>-1</Minimum>
      <Maximum>999999999</Maximum>
      <SortID>4280</SortID>
      <UnkC8>パーツ18</UnkC8>
    </Field>
    <Field Def="s32 breakDmyId19 = -1">
      <DisplayName>破壊時SFX発生ダミポリID</DisplayName>
      <Description>20番目の武器の破壊時SFXの発生ダミポリID</Description>
      <Minimum>-1</Minimum>
      <Maximum>999999999</Maximum>
      <SortID>4290</SortID>
      <UnkC8>パーツ19</UnkC8>
    </Field>
    <Field Def="s32 breakDmyId20 = -1">
      <DisplayName>破壊時SFX発生ダミポリID</DisplayName>
      <Description>21番目の武器の破壊時SFXの発生ダミポリID</Description>
      <Minimum>-1</Minimum>
      <Maximum>999999999</Maximum>
      <SortID>4300</SortID>
      <UnkC8>パーツ20</UnkC8>
    </Field>
    <Field Def="s32 breakDmyId21 = -1">
      <DisplayName>破壊時SFX発生ダミポリID</DisplayName>
      <Description>22番目の武器の破壊時SFXの発生ダミポリID</Description>
      <Minimum>-1</Minimum>
      <Maximum>999999999</Maximum>
      <SortID>4310</SortID>
      <UnkC8>パーツ21</UnkC8>
    </Field>
    <Field Def="s32 breakDmyId22 = -1">
      <DisplayName>破壊時SFX発生ダミポリID</DisplayName>
      <Description>23番目の武器の破壊時SFXの発生ダミポリID</Description>
      <Minimum>-1</Minimum>
      <Maximum>999999999</Maximum>
      <SortID>4320</SortID>
      <UnkC8>パーツ22</UnkC8>
    </Field>
    <Field Def="s32 breakDmyId23 = -1">
      <DisplayName>破壊時SFX発生ダミポリID</DisplayName>
      <Description>24番目の武器の破壊時SFXの発生ダミポリID</Description>
      <Minimum>-1</Minimum>
      <Maximum>999999999</Maximum>
      <SortID>4330</SortID>
      <UnkC8>パーツ23</UnkC8>
    </Field>
    <Field Def="s32 breakDmyId24 = -1">
      <DisplayName>破壊時SFX発生ダミポリID</DisplayName>
      <Description>25番目の武器の破壊時SFXの発生ダミポリID</Description>
      <Minimum>-1</Minimum>
      <Maximum>999999999</Maximum>
      <SortID>4340</SortID>
      <UnkC8>パーツ24</UnkC8>
    </Field>
    <Field Def="s32 breakDmyId25 = -1">
      <DisplayName>破壊時SFX発生ダミポリID</DisplayName>
      <Description>26番目の武器の破壊時SFXの発生ダミポリID</Description>
      <Minimum>-1</Minimum>
      <Maximum>999999999</Maximum>
      <SortID>4350</SortID>
      <UnkC8>パーツ25</UnkC8>
    </Field>
    <Field Def="s32 breakDmyId26 = -1">
      <DisplayName>破壊時SFX発生ダミポリID</DisplayName>
      <Description>27番目の武器の破壊時SFXの発生ダミポリID</Description>
      <Minimum>-1</Minimum>
      <Maximum>999999999</Maximum>
      <SortID>4360</SortID>
      <UnkC8>パーツ26</UnkC8>
    </Field>
    <Field Def="s32 breakDmyId27 = -1">
      <DisplayName>破壊時SFX発生ダミポリID</DisplayName>
      <Description>28番目の武器の破壊時SFXの発生ダミポリID</Description>
      <Minimum>-1</Minimum>
      <Maximum>999999999</Maximum>
      <SortID>4370</SortID>
      <UnkC8>パーツ27</UnkC8>
    </Field>
    <Field Def="s32 breakDmyId28 = -1">
      <DisplayName>破壊時SFX発生ダミポリID</DisplayName>
      <Description>29番目の武器の破壊時SFXの発生ダミポリID</Description>
      <Minimum>-1</Minimum>
      <Maximum>999999999</Maximum>
      <SortID>4380</SortID>
      <UnkC8>パーツ28</UnkC8>
    </Field>
    <Field Def="s32 breakDmyId29 = -1">
      <DisplayName>破壊時SFX発生ダミポリID</DisplayName>
      <Description>30番目の武器の破壊時SFXの発生ダミポリID</Description>
      <Minimum>-1</Minimum>
      <Maximum>999999999</Maximum>
      <SortID>4390</SortID>
      <UnkC8>パーツ29</UnkC8>
    </Field>
    <Field Def="s32 breakDmyId30 = -1">
      <DisplayName>破壊時SFX発生ダミポリID</DisplayName>
      <Description>31番目の武器の破壊時SFXの発生ダミポリID</Description>
      <Minimum>-1</Minimum>
      <Maximum>999999999</Maximum>
      <SortID>4400</SortID>
      <UnkC8>パーツ30</UnkC8>
    </Field>
    <Field Def="s32 breakDmyId31 = -1">
      <DisplayName>破壊時SFX発生ダミポリID</DisplayName>
      <Description>32番目の武器の破壊時SFXの発生ダミポリID</Description>
      <Minimum>-1</Minimum>
      <Maximum>999999999</Maximum>
      <SortID>4410</SortID>
      <UnkC8>パーツ31</UnkC8>
    </Field>
  </Fields>
</PARAMDEF>