﻿<?xml version="1.0" encoding="utf-8"?>
<PARAMDEF XmlVersion="3">
  <ParamType>NPC_MATERIAL_PARAM_ST</ParamType>
  <DataVersion>2</DataVersion>
  <BigEndian>False</BigEndian>
  <Unicode>True</Unicode>
  <FormatVersion>203</FormatVersion>
  <Fields>
    <Field Def="u8 disableParam_NT:1">
      <DisplayName>NT版出力から外すか</DisplayName>
      <Enum>NPC_BOOL</Enum>
      <Description>NT版から除外するか、除外するものに○をつける</Description>
      <Maximum>1</Maximum>
      <SortID>990000</SortID>
    </Field>
    <Field Def="u8 disableParam_Product:1">
      <DisplayName>製品版出力から外すか</DisplayName>
      <Enum>NPC_BOOL</Enum>
      <Description>製品版から除外するか、除外するものに○をつける</Description>
      <Maximum>1</Maximum>
      <SortID>990010</SortID>
    </Field>
    <Field Def="dummy8 disableParamReserve1:6">
      <DisplayName>パッケージ出力用リザーブ1</DisplayName>
      <Description>パッケージ出力用リザーブ1</Description>
      <SortID>990011</SortID>
    </Field>
    <Field Def="dummy8 disableParamReserve2[3]">
      <DisplayName>パッケージ出力用リザーブ2</DisplayName>
      <Description>パッケージ出力用リザーブ2</Description>
      <SortID>990012</SortID>
    </Field>
    <Field Def="u32 materialParamId">
      <DisplayName>マテリアル拡張パラメータID</DisplayName>
      <Description>マテリアル拡張パラメータのID</Description>
      <Maximum>999999999</Maximum>
      <SortID>10</SortID>
    </Field>
    <Field Def="f32 Param0">
      <DisplayName>Param0（R)</DisplayName>
      <Description>設定するパラメータ（色の場合はR)</Description>
      <DisplayFormat>%d</DisplayFormat>
      <Minimum>0</Minimum>
      <Maximum>255</Maximum>
      <Increment>1</Increment>
      <SortID>100</SortID>
    </Field>
    <Field Def="f32 Param1">
      <DisplayName>Param1（G)</DisplayName>
      <Description>設定するパラメータ（色の場合はG)</Description>
      <DisplayFormat>%d</DisplayFormat>
      <Minimum>0</Minimum>
      <Maximum>255</Maximum>
      <Increment>1</Increment>
      <SortID>200</SortID>
    </Field>
    <Field Def="f32 Param2">
      <DisplayName>Param2（B)</DisplayName>
      <Description>設定するパラメータ（色の場合はB)</Description>
      <DisplayFormat>%d</DisplayFormat>
      <Minimum>0</Minimum>
      <Maximum>255</Maximum>
      <Increment>1</Increment>
      <SortID>300</SortID>
    </Field>
    <Field Def="f32 Param3">
      <DisplayName>Param4（Intensity)</DisplayName>
      <Description>設定するパラメータ（色の場合はIntensity)</Description>
      <Minimum>0</Minimum>
      <Maximum>10</Maximum>
      <Increment>0.1</Increment>
      <SortID>500</SortID>
    </Field>
    <Field Def="s32 materialId = -1">
      <DisplayName>マテリアルID</DisplayName>
      <Description>変更するマテリアルID(matxmlで設定しているID）-1で全部のマテリアル</Description>
      <Minimum>-1</Minimum>
      <Maximum>9999</Maximum>
      <SortID>11</SortID>
    </Field>
  </Fields>
</PARAMDEF>