﻿<?xml version="1.0" encoding="utf-8"?>
<PARAMDEF XmlVersion="3">
  <ParamType>NPC_TRANSFORM_PARAM_ST</ParamType>
  <DataVersion>2</DataVersion>
  <BigEndian>False</BigEndian>
  <Unicode>True</Unicode>
  <FormatVersion>203</FormatVersion>
  <Fields>
    <Field Def="u8 disableParam_NT:1">
      <DisplayName>NT版出力から外すか</DisplayName>
      <Enum>NPC_BOOL</Enum>
      <Description>NT版から除外するか、除外するものに○をつける</Description>
      <Maximum>1</Maximum>
      <SortID>90000</SortID>
    </Field>
    <Field Def="u8 disableParam_Product:1">
      <DisplayName>製品版出力から外すか</DisplayName>
      <Enum>NPC_BOOL</Enum>
      <Description>製品版から除外するか、除外するものに○をつける</Description>
      <Maximum>1</Maximum>
      <SortID>90010</SortID>
    </Field>
    <Field Def="dummy8 disableParamReserve1:6">
      <DisplayName>パッケージ出力用リザーブ1</DisplayName>
      <Description>パッケージ出力用リザーブ1</Description>
      <SortID>100000000</SortID>
    </Field>
    <Field Def="dummy8 disableParamReserve2[3]">
      <DisplayName>パッケージ出力用リザーブ2</DisplayName>
      <Description>パッケージ出力用リザーブ2</Description>
      <SortID>100000001</SortID>
    </Field>
    <Field Def="u8 lockDmyPoly0:1">
      <DisplayName>ロックオンダミポリ220</DisplayName>
      <Enum>NPC_BOOL</Enum>
      <Description>ロックオンダミポリ220 が使用可能</Description>
      <Maximum>1</Maximum>
      <SortID>100</SortID>
    </Field>
    <Field Def="u8 lockDmyPoly1:1">
      <DisplayName>ロックオンダミポリ221</DisplayName>
      <Enum>NPC_BOOL</Enum>
      <Description>ロックオンダミポリ221 が使用可能</Description>
      <Maximum>1</Maximum>
      <SortID>200</SortID>
    </Field>
    <Field Def="u8 lockDmyPoly2:1">
      <DisplayName>ロックオンダミポリ222</DisplayName>
      <Enum>NPC_BOOL</Enum>
      <Description>ロックオンダミポリ222 が使用可能</Description>
      <Maximum>1</Maximum>
      <SortID>300</SortID>
    </Field>
    <Field Def="u8 lockDmyPoly3:1">
      <DisplayName>ロックオンダミポリ223</DisplayName>
      <Enum>NPC_BOOL</Enum>
      <Description>ロックオンダミポリ223 が使用可能</Description>
      <Maximum>1</Maximum>
      <SortID>400</SortID>
    </Field>
    <Field Def="u8 lockDmyPoly4:1">
      <DisplayName>ロックオンダミポリ224</DisplayName>
      <Enum>NPC_BOOL</Enum>
      <Description>ロックオンダミポリ224 が使用可能</Description>
      <Maximum>1</Maximum>
      <SortID>500</SortID>
    </Field>
    <Field Def="u8 lockDmyPoly5:1">
      <DisplayName>ロックオンダミポリ225</DisplayName>
      <Enum>NPC_BOOL</Enum>
      <Description>ロックオンダミポリ225 が使用可能</Description>
      <Maximum>1</Maximum>
      <SortID>600</SortID>
    </Field>
    <Field Def="u8 lockDmyPoly6:1">
      <DisplayName>ロックオンダミポリ226</DisplayName>
      <Enum>NPC_BOOL</Enum>
      <Description>ロックオンダミポリ226 が使用可能</Description>
      <Maximum>1</Maximum>
      <SortID>700</SortID>
    </Field>
    <Field Def="u8 lockDmyPoly7:1">
      <DisplayName>ロックオンダミポリ227</DisplayName>
      <Enum>NPC_BOOL</Enum>
      <Description>ロックオンダミポリ227 が使用可能</Description>
      <Maximum>1</Maximum>
      <SortID>800</SortID>
    </Field>
    <Field Def="dummy8 pad[31]">
      <DisplayFormat>%d</DisplayFormat>
      <EditFlags>Wrap</EditFlags>
      <SortID>99999999</SortID>
    </Field>
  </Fields>
</PARAMDEF>