﻿<?xml version="1.0" encoding="utf-8"?>
<PARAMDEF XmlVersion="3">
  <ParamType>NPC_THINK_PARAM_ST</ParamType>
  <DataVersion>9</DataVersion>
  <BigEndian>False</BigEndian>
  <Unicode>True</Unicode>
  <FormatVersion>203</FormatVersion>
  <Fields>
    <Field Def="u8 disableParam_NT:1">
      <DisplayName>NT版出力から外すか</DisplayName>
      <Enum>NPC_BOOL</Enum>
      <Description>NT版から除外するか、除外するものに○をつける</Description>
      <Maximum>1</Maximum>
      <SortID>990500</SortID>
      <UnkC8>デバッグ用</UnkC8>
    </Field>
    <Field Def="u8 disableParam_Product:1">
      <DisplayName>製品版出力から外すか</DisplayName>
      <Enum>NPC_BOOL</Enum>
      <Description>製品版から除外するか、除外するものに○をつける</Description>
      <Maximum>1</Maximum>
      <SortID>990600</SortID>
      <UnkC8>デバッグ用</UnkC8>
    </Field>
    <Field Def="dummy8 disableParamReserve1:6">
      <DisplayName>パッケージ出力用リザーブ1</DisplayName>
      <Description>パッケージ出力用リザーブ1</Description>
      <SortID>990601</SortID>
    </Field>
    <Field Def="dummy8 disableParamReserve2[3]">
      <DisplayName>パッケージ出力用リザーブ2</DisplayName>
      <Description>パッケージ出力用リザーブ2</Description>
      <SortID>990602</SortID>
    </Field>
    <Field Def="s32 logicId = -1">
      <DisplayName>ロジックスクリプトID</DisplayName>
      <Description>スクリプトで作成したロジックのIDを設定します。</Description>
      <Minimum>-1</Minimum>
      <Maximum>99999999</Maximum>
      <SortID>3000</SortID>
      <UnkC8>基本設定</UnkC8>
    </Field>
    <Field Def="s32 battleGoalID = -1">
      <DisplayName>戦闘ゴールID</DisplayName>
      <Description>戦闘ゴールID</Description>
      <Minimum>-1</Minimum>
      <Maximum>99999999</Maximum>
      <SortID>4000</SortID>
      <UnkC8>基本設定</UnkC8>
    </Field>
    <Field Def="u16 searchEye_dist">
      <DisplayName>索敵視覚_距離[m]</DisplayName>
      <Description>索敵視覚による索敵範囲.</Description>
      <SortID>30000</SortID>
      <UnkC8>索敵視覚</UnkC8>
    </Field>
    <Field Def="u8 searchEye_angX">
      <DisplayName>索敵視覚_角度（高さ）[deg]</DisplayName>
      <Description>索敵視覚による索敵範囲.</Description>
      <Maximum>180</Maximum>
      <SortID>31000</SortID>
      <UnkC8>索敵視覚</UnkC8>
    </Field>
    <Field Def="u8 searchEye_angY">
      <DisplayName>索敵視覚_角度（幅）[deg]</DisplayName>
      <Description>索敵視覚による索敵範囲.</Description>
      <Maximum>180</Maximum>
      <SortID>31100</SortID>
      <UnkC8>索敵視覚</UnkC8>
    </Field>
    <Field Def="u8 scriptType">
      <DisplayName>スクリプトタイプ</DisplayName>
      <Enum>NPC_THINK_AI_SCRIPT_TYPE</Enum>
      <Description>解釈するスクリプトのタイプ情報</Description>
      <SortID>6000</SortID>
      <UnkC8>基本設定</UnkC8>
    </Field>
    <Field Def="u8 goalAction_CannotGetTarget">
      <DisplayName>ゴールアクション：ターゲット再補足不能時</DisplayName>
      <Enum>NPC_THINK_GOAL_ACTION</Enum>
      <Description>ゴールアクション：ターゲットが再補足不能状態になった	</Description>
      <Maximum>9</Maximum>
      <SortID>101050</SortID>
      <UnkC8>各状態での行動</UnkC8>
    </Field>
    <Field Def="s16 coverActionReleaseDist = -1">
      <DisplayName>カバーアクション解除距離[m]</DisplayName>
      <Description>カバーアクション解除距離[m]</Description>
      <Minimum>-1</Minimum>
      <Maximum>9999</Maximum>
      <SortID>113000</SortID>
      <UnkC8>カバーアクション</UnkC8>
    </Field>
    <Field Def="f32 searchTargetLv1ForgetTime = 5">
      <DisplayName>索敵Lv1ターゲット忘れる時間[sec]</DisplayName>
      <Description>索敵Lv1ターゲット忘れる時間。</Description>
      <Minimum>-1</Minimum>
      <Maximum>999999</Maximum>
      <Increment>0.1</Increment>
      <SortID>71300</SortID>
      <UnkC8>ターゲット記憶時間</UnkC8>
    </Field>
    <Field Def="f32 searchTargetLv2ForgetTime = 8">
      <DisplayName>索敵Lv2ターゲット忘れる時間[sec]</DisplayName>
      <Description>索敵Lv2ターゲット忘れる時間。</Description>
      <Minimum>-1</Minimum>
      <Maximum>999999</Maximum>
      <Increment>0.1</Increment>
      <SortID>71400</SortID>
      <UnkC8>ターゲット記憶時間</UnkC8>
    </Field>
    <Field Def="f32 BackHomeLife_OnHitEneWal = 5">
      <DisplayName>敵壁接触時のBackHome時間[sec]</DisplayName>
      <Description>ブロックをさえぎる敵壁に接触したとき、BackToHomeゴールの寿命</Description>
      <Minimum>0</Minimum>
      <Maximum>999</Maximum>
      <Increment>0.1</Increment>
      <SortID>910000</SortID>
      <UnkC8>使わない</UnkC8>
    </Field>
    <Field Def="f32 SightTargetForgetTime = 600">
      <DisplayName>視覚ターゲット忘れる時間[sec]</DisplayName>
      <Description>視覚ターゲット忘れる時間。</Description>
      <Minimum>0</Minimum>
      <Maximum>999999</Maximum>
      <Increment>0.1</Increment>
      <SortID>71000</SortID>
      <UnkC8>ターゲット記憶時間</UnkC8>
    </Field>
    <Field Def="s32 idAttackCannotMove">
      <DisplayName>動けなくなったときに行うEzState番号</DisplayName>
      <Description>破壊可能なオブジェクトによって動きが止まっている場合、自動的に実行する行動。</Description>
      <Minimum>-1</Minimum>
      <Maximum>999999</Maximum>
      <SortID>910100</SortID>
      <UnkC8>使わない</UnkC8>
    </Field>
    <Field Def="f32 ear_dist">
      <DisplayName>聴覚_距離[m]</DisplayName>
      <Description>聴覚による索敵範囲.。</Description>
      <Minimum>0</Minimum>
      <Maximum>999999</Maximum>
      <Increment>0.1</Increment>
      <SortID>61000</SortID>
      <UnkC8>感覚</UnkC8>
    </Field>
    <Field Def="s32 callHelp_ActionAnimId = -1">
      <DisplayName>仲間呼び 応答アクションアニメID</DisplayName>
      <Description>応答する時のアニメID(EzStateAnimID)</Description>
      <Minimum>-1</Minimum>
      <Maximum>99999999</Maximum>
      <SortID>901700</SortID>
      <UnkC8>保留</UnkC8>
    </Field>
    <Field Def="s32 callHelp_CallActionId = -1">
      <DisplayName>仲間呼び_仲間呼びアクションID</DisplayName>
      <Description>仲間呼ぶときのアクションID(EzStateAnimID)</Description>
      <Minimum>-1</Minimum>
      <Maximum>99999999</Maximum>
      <SortID>901800</SortID>
      <UnkC8>保留</UnkC8>
    </Field>
    <Field Def="u16 eye_dist">
      <DisplayName>視覚_距離[m]</DisplayName>
      <Description>視覚による索敵範囲.</Description>
      <SortID>20000</SortID>
      <UnkC8>通常視覚</UnkC8>
    </Field>
    <Field Def="u16 BackHome_GuardActId">
      <DisplayName>帰宅時：ガードアクションID</DisplayName>
      <Description>帰宅時、ターゲットの方を見ている時に行うアクション番号（ガードで使う想定、0で無効）</Description>
      <SortID>900300</SortID>
      <UnkC8>保留</UnkC8>
    </Field>
    <Field Def="u16 ear_soundcut_dist">
      <DisplayName>聴覚　影響カット距離[m]</DisplayName>
      <Description>音源のサイズを小さくする距離。この距離未満の音が聞こえなくなります。</Description>
      <SortID>61100</SortID>
      <UnkC8>感覚</UnkC8>
    </Field>
    <Field Def="u16 nose_dist">
      <DisplayName>嗅覚_距離[m]</DisplayName>
      <Description>嗅覚による索敵範囲.</Description>
      <SortID>62000</SortID>
      <UnkC8>感覚</UnkC8>
    </Field>
    <Field Def="u16 maxBackhomeDist">
      <DisplayName>何があっても帰宅する距離[m]</DisplayName>
      <Description>COMMON_SetBattleActLogicの引き数</Description>
      <SortID>81000</SortID>
      <UnkC8>各状態遷移条件</UnkC8>
    </Field>
    <Field Def="u16 backhomeDist">
      <DisplayName>戦闘しつつ帰宅する距離[m]</DisplayName>
      <Description>COMMON_SetBattleActLogicの引き数</Description>
      <SortID>81100</SortID>
      <UnkC8>各状態遷移条件</UnkC8>
    </Field>
    <Field Def="u16 backhomeBattleDist">
      <DisplayName>巣に帰るのをあきらめて戦闘する距離[m]</DisplayName>
      <Description>COMMON_SetBattleActLogicの引き数</Description>
      <SortID>81200</SortID>
      <UnkC8>各状態遷移条件</UnkC8>
    </Field>
    <Field Def="u16 nonBattleActLife">
      <DisplayName>敵を意識しているときの非戦闘行動時間[sec]</DisplayName>
      <Description>COMMON_SetBattleActLogicの引き数</Description>
      <Maximum>65534</Maximum>
      <SortID>82000</SortID>
      <UnkC8>各状態遷移条件</UnkC8>
    </Field>
    <Field Def="u16 BackHome_LookTargetTime = 3">
      <DisplayName>帰宅時：ターゲットを見ている時間[sec]</DisplayName>
      <Description>帰宅時：ターゲットを見ている時間[sec]</Description>
      <Maximum>65534</Maximum>
      <SortID>70000</SortID>
      <UnkC8>ターゲット記憶時間</UnkC8>
    </Field>
    <Field Def="u16 BackHome_LookTargetDist = 10">
      <DisplayName>帰宅時：ターゲットを見ている距離[m]</DisplayName>
      <Description>帰宅時：ターゲットを見ている距離[m]</Description>
      <Maximum>65534</Maximum>
      <SortID>70100</SortID>
      <UnkC8>ターゲット記憶時間</UnkC8>
    </Field>
    <Field Def="f32 SoundTargetForgetTime = 150">
      <DisplayName>音ターゲット忘れる時間[sec]</DisplayName>
      <Description>音ターゲット忘れる時間。</Description>
      <Minimum>0</Minimum>
      <Maximum>999999</Maximum>
      <Increment>0.1</Increment>
      <SortID>71100</SortID>
      <UnkC8>ターゲット記憶時間</UnkC8>
    </Field>
    <Field Def="u16 BattleStartDist">
      <DisplayName>戦闘開始距離[m]</DisplayName>
      <Maximum>65534</Maximum>
      <SortID>11000</SortID>
      <UnkC8>視覚基本設定</UnkC8>
    </Field>
    <Field Def="u16 callHelp_MyPeerId">
      <DisplayName>仲間呼び 自分の仲間グループID</DisplayName>
      <Description>自分の仲間グループID</Description>
      <Maximum>65534</Maximum>
      <SortID>901900</SortID>
      <UnkC8>保留</UnkC8>
    </Field>
    <Field Def="u16 callHelp_CallPeerId">
      <DisplayName>仲間呼び 呼ぶ仲間グループID</DisplayName>
      <Description>仲間を呼ぶ対象となる仲間グループID</Description>
      <Maximum>65534</Maximum>
      <SortID>902000</SortID>
      <UnkC8>保留</UnkC8>
    </Field>
    <Field Def="u16 targetSys_DmgEffectRate = 100">
      <DisplayName>ダメージ影響率[％]</DisplayName>
      <Description>ダメージ影響率取得(ターゲットシステム評価情報)</Description>
      <Maximum>1000</Maximum>
      <SortID>120000</SortID>
      <UnkC8>調査対象</UnkC8>
    </Field>
    <Field Def="u8 TeamAttackEffectivity = 25">
      <DisplayName>チーム攻撃影響力[0-100]</DisplayName>
      <Description>チーム内の同時攻撃人数を決めるための値。値を大きくすると、同時に攻撃参加できる人数が少なくなる。</Description>
      <Maximum>100</Maximum>
      <SortID>110000</SortID>
      <UnkC8>取り巻き行動</UnkC8>
    </Field>
    <Field Def="u8 eye_angX">
      <DisplayName>視覚_角度（高さ）[deg]</DisplayName>
      <Description>視覚による索敵範囲.</Description>
      <Maximum>180</Maximum>
      <SortID>21000</SortID>
      <UnkC8>通常視覚</UnkC8>
    </Field>
    <Field Def="u8 eye_angY">
      <DisplayName>視覚_角度（幅）[deg]</DisplayName>
      <Description>視覚による索敵範囲.</Description>
      <Maximum>180</Maximum>
      <SortID>21100</SortID>
      <UnkC8>通常視覚</UnkC8>
    </Field>
    <Field Def="u8 disableDark">
      <DisplayName>暗闇影響しない</DisplayName>
      <Enum>ON_OFF</Enum>
      <Description>警戒視覚_距離、戦闘開始距離が暗闇による影響を受けないようにするか</Description>
      <Maximum>1</Maximum>
      <SortID>10000</SortID>
      <UnkC8>視覚基本設定</UnkC8>
    </Field>
    <Field Def="u8 caravanRole">
      <DisplayName>キャラバンでの役割</DisplayName>
      <Enum>NPC_THINK_CARAVAN_ROLE</Enum>
      <Description>キャラバンでの役割</Description>
      <Maximum>3</Maximum>
      <SortID>910200</SortID>
      <UnkC8>使わない</UnkC8>
    </Field>
    <Field Def="u8 callHelp_CallValidMinDistTarget = 5">
      <DisplayName>仲間呼び_ターゲットとの最低距離[m]</DisplayName>
      <Description>この値より近い場合は仲間呼びできない.</Description>
      <SortID>902100</SortID>
      <UnkC8>保留</UnkC8>
    </Field>
    <Field Def="u8 callHelp_CallValidRange = 15">
      <DisplayName>仲間呼び_仲間を呼ぶ有効距離[m]</DisplayName>
      <Description>この値より仲間が遠い場合は呼ばない。</Description>
      <SortID>902200</SortID>
      <UnkC8>保留</UnkC8>
    </Field>
    <Field Def="u8 callHelp_ForgetTimeByArrival">
      <DisplayName>仲間呼び 応答してから忘れる時間[sec]</DisplayName>
      <Description>応答する時間</Description>
      <SortID>902300</SortID>
      <UnkC8>保留</UnkC8>
    </Field>
    <Field Def="u8 callHelp_MinWaitTime">
      <DisplayName>応答時の待機最小時間[ssm=&gt;ss．mSec]</DisplayName>
      <Description>応答ゴールの最初の待機ゴールでの最小時間[101=&gt;10．1sec]</Description>
      <SortID>122000</SortID>
      <UnkC8>調査対象</UnkC8>
    </Field>
    <Field Def="u8 callHelp_MaxWaitTime">
      <DisplayName>応答時の待機最大時間[ssm=&gt;ss．mSec]</DisplayName>
      <Description>応答ゴールの最初の待機ゴールでの最大時間[101=&gt;10．1sec]</Description>
      <SortID>122100</SortID>
      <UnkC8>調査対象</UnkC8>
    </Field>
    <Field Def="u8 goalAction_ToSearchLv1">
      <DisplayName>ゴールアクション：索敵Lv1</DisplayName>
      <Enum>NPC_THINK_GOAL_ACTION</Enum>
      <Description>ゴールアクション：ターゲットが索敵Lv1になった</Description>
      <Maximum>9</Maximum>
      <SortID>100000</SortID>
      <UnkC8>各状態での行動</UnkC8>
    </Field>
    <Field Def="u8 goalAction_ToSearchLv2">
      <DisplayName>ゴールアクション：索敵Lv2</DisplayName>
      <Enum>NPC_THINK_GOAL_ACTION</Enum>
      <Description>ゴールアクション：ターゲットが索敵Lv2になった</Description>
      <Maximum>9</Maximum>
      <SortID>100100</SortID>
      <UnkC8>各状態での行動</UnkC8>
    </Field>
    <Field Def="u8 callHelp_ReplyBehaviorType">
      <DisplayName>仲間呼び 応答後の行動タイプ</DisplayName>
      <Enum>NPC_THINK_REPLY_BEHAVIOR_TYPE</Enum>
      <Description>応答後、目標位置までの行動タイプ</Description>
      <Maximum>3</Maximum>
      <SortID>902400</SortID>
      <UnkC8>保留</UnkC8>
    </Field>
    <Field Def="u8 disablePathMove">
      <DisplayName>パス移動しない</DisplayName>
      <Description>パス移動命令が来てもパスを辿らずに直接移動するか</Description>
      <Maximum>1</Maximum>
      <SortID>910300</SortID>
      <UnkC8>使わない</UnkC8>
    </Field>
    <Field Def="u8 skipArrivalVisibleCheck">
      <DisplayName>視線による到着判定をスキップするか？</DisplayName>
      <Enum>ON_OFF</Enum>
      <Description>視線による到着判定をスキップするか？Onにすると、視線が通っていなくても、到着判定を行う。</Description>
      <Maximum>1</Maximum>
      <SortID>910400</SortID>
      <UnkC8>使わない</UnkC8>
    </Field>
    <Field Def="u8 thinkAttr_doAdmirer">
      <DisplayName>取巻き役になるか？</DisplayName>
      <Enum>ON_OFF</Enum>
      <Description>思考属性：ＯＮにすると取巻き役を演じます。</Description>
      <Maximum>1</Maximum>
      <SortID>111000</SortID>
      <UnkC8>取り巻き行動</UnkC8>
    </Field>
    <Field Def="u8 enableNaviFlg_Edge:1 = 1">
      <DisplayName>フラグ「崖」通れるか？</DisplayName>
      <Description>ノード「崖」を通過できるか？(def:1)</Description>
      <Maximum>1</Maximum>
      <SortID>901000</SortID>
      <UnkC8>保留</UnkC8>
    </Field>
    <Field Def="u8 enableNaviFlg_LargeSpace:1 = 1">
      <DisplayName>フラグ「広い」通れるか？</DisplayName>
      <Description>ノード「広い」を通過できるか？(def:1)</Description>
      <Maximum>1</Maximum>
      <SortID>901100</SortID>
      <UnkC8>保留</UnkC8>
    </Field>
    <Field Def="u8 enableNaviFlg_Ladder:1">
      <DisplayName>フラグ「梯子」通れるか？</DisplayName>
      <Description>ノード「梯子」を通過できるか？(def:0)</Description>
      <Maximum>1</Maximum>
      <SortID>901200</SortID>
      <UnkC8>保留</UnkC8>
    </Field>
    <Field Def="u8 enableNaviFlg_Hole:1">
      <DisplayName>フラグ「穴」通れるか？</DisplayName>
      <Description>ノード「穴」を通過できるか？(def:0)</Description>
      <Maximum>1</Maximum>
      <SortID>901300</SortID>
      <UnkC8>保留</UnkC8>
    </Field>
    <Field Def="u8 enableNaviFlg_Door:1">
      <DisplayName>フラグ「扉」通れるか？</DisplayName>
      <Description>ノード「扉」を通過できるか？(def:0)</Description>
      <Maximum>1</Maximum>
      <SortID>901400</SortID>
      <UnkC8>保留</UnkC8>
    </Field>
    <Field Def="u8 enableNaviFlg_InSideWall:1">
      <DisplayName>フラグ「壁中」通れるか？</DisplayName>
      <Description>ノード「壁中」を通過できるか？(def:0)</Description>
      <Maximum>1</Maximum>
      <SortID>901500</SortID>
      <UnkC8>保留</UnkC8>
    </Field>
    <Field Def="u8 enableNaviFlg_pad:1">
      <DisplayName>パディング</DisplayName>
      <Maximum>1</Maximum>
      <SortID>901600</SortID>
      <UnkC8>保留</UnkC8>
    </Field>
    <Field Def="u8 enableNaviFlg_Edge_Ordinary:1 = 1">
      <DisplayName>フラグ「崖」通れるか？（通常／警戒状態）</DisplayName>
      <Description>通常／警戒状態でノード「崖」を通過できるか？(def:1)</Description>
      <Maximum>1</Maximum>
      <SortID>901700</SortID>
      <UnkC8>保留</UnkC8>
    </Field>
    <Field Def="dummy8 enableNaviFlg_reserve1[3]">
      <DisplayName>ほんとに予約</DisplayName>
      <Description>フラグが新しく必要になったらここにいれます（NotPadding)</Description>
      <SortID>990603</SortID>
    </Field>
    <Field Def="s32 searchThreshold_Lv0toLv1 = 10">
      <DisplayName>索敵Lv0→Lv1の閾値</DisplayName>
      <Description>索敵Lv0→Lv1の閾値</Description>
      <Minimum>-1</Minimum>
      <Maximum>999999</Maximum>
      <SortID>80000</SortID>
      <UnkC8>各状態遷移条件</UnkC8>
    </Field>
    <Field Def="s32 searchThreshold_Lv1toLv2 = 70">
      <DisplayName>索敵Lv1→Lv2の閾値</DisplayName>
      <Description>索敵Lv1→Lv2の閾値</Description>
      <Minimum>-1</Minimum>
      <Maximum>999999</Maximum>
      <SortID>80100</SortID>
      <UnkC8>各状態遷移条件</UnkC8>
    </Field>
    <Field Def="f32 platoonReplyTime">
      <DisplayName>小隊反応遅延時間[sec]</DisplayName>
      <Description>小隊反応遅延時間[sec]</Description>
      <Minimum>0</Minimum>
      <Maximum>99999</Maximum>
      <Increment>0.1</Increment>
      <SortID>900400</SortID>
      <UnkC8>保留</UnkC8>
    </Field>
    <Field Def="f32 platoonReplyAddRandomTime">
      <DisplayName>小隊反応追加ランダム時間[sec]</DisplayName>
      <Description>小隊反応追加ランダム時間[sec]</Description>
      <Minimum>0</Minimum>
      <Maximum>99999</Maximum>
      <Increment>0.1</Increment>
      <SortID>900500</SortID>
      <UnkC8>保留</UnkC8>
    </Field>
    <Field Def="angle32 cameraEmuLookHalfAngleH">
      <DisplayName>仮想カメラ画角横</DisplayName>
      <Description>仮想カメラがターゲットを捉えたか判定をする際の角度水平</Description>
      <Minimum>0</Minimum>
      <Maximum>180</Maximum>
      <Increment>1</Increment>
      <SortID>900600</SortID>
      <UnkC8>保留</UnkC8>
    </Field>
    <Field Def="angle32 cameraEmuLookHalfAngleV">
      <DisplayName>仮想カメラ画角縦</DisplayName>
      <Description>仮想カメラがターゲットを捉えたか判定をする際の角度垂直</Description>
      <Minimum>0</Minimum>
      <Maximum>90</Maximum>
      <Increment>1</Increment>
      <SortID>900700</SortID>
      <UnkC8>保留</UnkC8>
    </Field>
    <Field Def="u8 isCameraEmuLockAt = 1">
      <DisplayName>仮想カメラでターゲットを追従</DisplayName>
      <Enum>ON_OFF</Enum>
      <Description>仮想カメラをターゲット方向に向ける制御を行うか（ON：追従 OFF：前方固定）</Description>
      <Maximum>1</Maximum>
      <SortID>900800</SortID>
      <UnkC8>保留</UnkC8>
    </Field>
    <Field Def="u8 initialHitResponseType = 1">
      <DisplayName>未発見時に被弾した際の反応</DisplayName>
      <Enum>NPC_THINK_INITIAL_HIT_RESPONSE_TYPE</Enum>
      <Description>未発見時に被弾した際の反応</Description>
      <Maximum>2</Maximum>
      <SortID>90000</SortID>
      <UnkC8>ターゲット共有関連</UnkC8>
    </Field>
    <Field Def="s16 fixedCannonReleaseDistByDist = -1">
      <DisplayName>距離で固定砲台解除距離[m]</DisplayName>
      <Description>距離で固定砲台解除距離[m]</Description>
      <Minimum>-1</Minimum>
      <Maximum>9999</Maximum>
      <SortID>112000</SortID>
      <UnkC8>固定砲台行動</UnkC8>
    </Field>
    <Field Def="f32 searchTargetDamageForgetTime = 10">
      <DisplayName>被弾状態 ターゲットを忘れる時間[sec]</DisplayName>
      <Description>被弾状態 ターゲットを忘れる時間[sec]</Description>
      <Minimum>-1</Minimum>
      <Maximum>999999</Maximum>
      <Increment>0.1</Increment>
      <SortID>71500</SortID>
      <UnkC8>ターゲット記憶時間</UnkC8>
    </Field>
    <Field Def="f32 keepTargetRaycastDist">
      <DisplayName>ターゲット維持用のレイキャスト距離[m]</DisplayName>
      <Description>ターゲット維持用のレイキャスト距離[m]</Description>
      <Minimum>-1</Minimum>
      <Maximum>999999</Maximum>
      <Increment>0.1</Increment>
      <SortID>13000</SortID>
      <UnkC8>視覚基本設定</UnkC8>
    </Field>
    <Field Def="u8 isUseBoostRiseMove">
      <DisplayName>ブースト上昇を利用するか</DisplayName>
      <Enum>BOOL_CIRCLECROSS_TYPE</Enum>
      <Description>ジャンプ時にシステム移動の代わりにブースト上昇OPを使うか．</Description>
      <Maximum>1</Maximum>
      <SortID>121000</SortID>
      <UnkC8>調査対象</UnkC8>
    </Field>
    <Field Def="u8 doUseSharedTarget = 1">
      <DisplayName>ターゲット共有を受けるか</DisplayName>
      <Enum>NPC_BOOL</Enum>
      <Description>×が設定されていれば、一切のターゲット共有を受けないようになる（索敵・戦闘両方）</Description>
      <Maximum>1</Maximum>
      <SortID>91350</SortID>
      <UnkC8>ターゲット共有関連</UnkC8>
    </Field>
    <Field Def="u16 eye_BackOffsetDist">
      <DisplayName>視覚_発生距離[m]</DisplayName>
      <Description>キャラの中心からこの距離後ろが視角開始位置になる</Description>
      <SortID>23000</SortID>
      <UnkC8>通常視覚</UnkC8>
    </Field>
    <Field Def="u16 eye_BeginDist">
      <DisplayName>視覚_カット距離[m]</DisplayName>
      <Description>視角発生位置からこの距離は認識しない</Description>
      <Maximum>65534</Maximum>
      <SortID>24000</SortID>
      <UnkC8>通常視覚</UnkC8>
    </Field>
    <Field Def="u8 actTypeOnFailedPath">
      <DisplayName>パス検索失敗時の行動種別</DisplayName>
      <Enum>NPC_THINK_ACTTYPE_ON_FAILEDPATH</Enum>
      <Description>パス検索失敗時、代替パスの終点に到達した際に行うデフォルトの行動種別</Description>
      <Maximum>4</Maximum>
      <SortID>900000</SortID>
      <UnkC8>保留</UnkC8>
    </Field>
    <Field Def="u8 goalAction_ToNormal">
      <DisplayName>ゴールアクション：通常時</DisplayName>
      <Enum>NPC_THINK_GOAL_ACTION</Enum>
      <Description>ゴールアクション：通常時の行動</Description>
      <Maximum>9</Maximum>
      <SortID>100200</SortID>
      <UnkC8>各状態での行動</UnkC8>
    </Field>
    <Field Def="s32 pathFindCostParamId">
      <DisplayName>パス検索コストパラメータID</DisplayName>
      <Description>パス検索コストパラメータのID</Description>
      <Minimum>0</Minimum>
      <Maximum>99999999</Maximum>
      <SortID>900100</SortID>
      <UnkC8>保留</UnkC8>
    </Field>
    <Field Def="u8 actTypeOnNonBtlFailedPath">
      <DisplayName>パス検索失敗時の挙動（非戦闘中）</DisplayName>
      <Enum>NPC_THINK_ACTTYPE_ON_NONBTL_FAILEDPATH</Enum>
      <Description>ターゲット【なし】時に、現在地点を巣に書き換えた後に取る行動 </Description>
      <Maximum>2</Maximum>
      <SortID>900200</SortID>
      <UnkC8>保留</UnkC8>
    </Field>
    <Field Def="u8 isBuddyAI">
      <DisplayName>バディAI</DisplayName>
      <Enum>BOOL_CIRCLECROSS_TYPE</Enum>
      <Description>バディ用の思考か</Description>
      <Maximum>1</Maximum>
      <SortID>910500</SortID>
      <UnkC8>使わない</UnkC8>
    </Field>
    <Field Def="u8 goalAction_ToCaution">
      <DisplayName>ゴールアクション：警戒状態/通常音</DisplayName>
      <Enum>NPC_THINK_GOAL_ACTION</Enum>
      <Description>ゴールアクション：ターゲットが通常音の感知により警戒状態になった</Description>
      <Maximum>9</Maximum>
      <SortID>100300</SortID>
      <UnkC8>各状態での行動</UnkC8>
    </Field>
    <Field Def="u8 goalAction_ToCautionImportant">
      <DisplayName>ゴールアクション：警戒状態/重要音</DisplayName>
      <Enum>NPC_THINK_GOAL_ACTION</Enum>
      <Description>ゴールアクション：ターゲットが重要音の感知により警戒状態になった</Description>
      <Maximum>9</Maximum>
      <SortID>100400</SortID>
      <UnkC8>各状態での行動</UnkC8>
    </Field>
    <Field Def="u8 enableJumpMove">
      <DisplayName>移動中ジャンプ許可</DisplayName>
      <Enum>BOOL_CIRCLECROSS_TYPE</Enum>
      <Description>ジャンプ用ユーザーエッジを飛び越えて移動するか</Description>
      <Maximum>1</Maximum>
      <SortID>900900</SortID>
      <UnkC8>保留</UnkC8>
    </Field>
    <Field Def="u8 disableLocalSteering">
      <DisplayName>回避移動しない</DisplayName>
      <Description>他のキャラクターを回避しながら移動しようとする挙動(ローカルステアリング)をオフにするか？</Description>
      <Maximum>1</Maximum>
      <SortID>910600</SortID>
      <UnkC8>使わない</UnkC8>
    </Field>
    <Field Def="u8 goalAction_ToCautionThreat">
      <DisplayName>ゴールアクション：警戒状態/脅威音</DisplayName>
      <Enum>NPC_THINK_GOAL_ACTION</Enum>
      <Description>ゴールアクション：ターゲットが脅威音の感知により警戒状態になった</Description>
      <Maximum>9</Maximum>
      <SortID>100500</SortID>
      <UnkC8>各状態での行動</UnkC8>
    </Field>
    <Field Def="u8 goalAction_MaxBackHomeAction">
      <DisplayName>ゴールアクション：何があっても帰宅</DisplayName>
      <Enum>NPC_THINK_GOAL_ACTION</Enum>
      <Description>ゴールアクション：何が当ても帰宅する状態に入った</Description>
      <Maximum>9</Maximum>
      <SortID>100600</SortID>
      <UnkC8>各状態での行動</UnkC8>
    </Field>
    <Field Def="f32 MemoryTargetForgetTime = 150">
      <DisplayName>記憶ターゲット忘れる時間[sec]</DisplayName>
      <Description>記憶ターゲット忘れる時間。</Description>
      <Minimum>0</Minimum>
      <Maximum>999999</Maximum>
      <Increment>0.1</Increment>
      <SortID>71200</SortID>
      <UnkC8>ターゲット記憶時間</UnkC8>
    </Field>
    <Field Def="u8 goalAction_BackHomeAction">
      <DisplayName>ゴールアクション：戦闘しつつ帰宅</DisplayName>
      <Enum>NPC_THINK_GOAL_ACTION</Enum>
      <Description>ゴールアクション：戦闘しながら帰宅する状態に入った</Description>
      <Maximum>9</Maximum>
      <SortID>100700</SortID>
      <UnkC8>各状態での行動</UnkC8>
    </Field>
    <Field Def="u8 isSearchEnableReycast = 1">
      <DisplayName>索敵視界の遮蔽</DisplayName>
      <Enum>ON_OFF</Enum>
      <Description>索敵視界の遮蔽（レイキャスト）が有効か否か。 ON：遮蔽有効（レイキャストする） OFF:遮蔽無効</Description>
      <Maximum>1</Maximum>
      <SortID>14000</SortID>
      <UnkC8>視覚基本設定</UnkC8>
    </Field>
    <Field Def="u8 isAlwaysEyeSightFromDmyPoly">
      <DisplayName>視覚_向きを常時基準ダミポリに合わせる </DisplayName>
      <Enum>BOOL_CIRCLECROSS_TYPE</Enum>
      <Description>常に視界をダミポリ基準にするかどうか(ダミポリID:250</Description>
      <Maximum>1</Maximum>
      <SortID>12000</SortID>
      <UnkC8>視覚基本設定</UnkC8>
    </Field>
    <Field Def="u8 shareTargetType">
      <DisplayName>共有ターゲットタイプ</DisplayName>
      <Enum>NPC_THINK_SHARE_TARGET_TYPE</Enum>
      <Description>共有するターゲットのタイプを設定</Description>
      <Maximum>3</Maximum>
      <SortID>91400</SortID>
      <UnkC8>ターゲット共有関連</UnkC8>
    </Field>
    <Field Def="u8 goalAction_ToFind">
      <DisplayName>ゴールアクション：発見状態</DisplayName>
      <Enum>NPC_THINK_GOAL_ACTION</Enum>
      <Description>ゴールアクション：ターゲットが発見状態になった</Description>
      <Maximum>9</Maximum>
      <SortID>100800</SortID>
      <UnkC8>各状態での行動</UnkC8>
    </Field>
    <Field Def="u8 goalAction_ToSearch">
      <DisplayName>ゴールアクション：索敵状態</DisplayName>
      <Enum>NPC_THINK_GOAL_ACTION</Enum>
      <Description>索敵状態時のアクション</Description>
      <Maximum>9</Maximum>
      <SortID>100900</SortID>
      <UnkC8>各状態での行動</UnkC8>
    </Field>
    <Field Def="u8 goalAction_ToDisappear">
      <DisplayName>ゴールアクション：記憶ターゲット状態</DisplayName>
      <Enum>NPC_THINK_GOAL_ACTION</Enum>
      <Description>ゴールアクション：ターゲットを見失った</Description>
      <Maximum>9</Maximum>
      <SortID>101000</SortID>
      <UnkC8>各状態での行動</UnkC8>
    </Field>
    <Field Def="u8 changeStateAction_ToNormal">
      <DisplayName>ゴールアクション：通常状態開始</DisplayName>
      <Enum>NPC_THINK_CHANGE_STATE_ACTION</Enum>
      <Description>通常状態に遷移したときのアクション</Description>
      <Maximum>2</Maximum>
      <SortID>101100</SortID>
      <UnkC8>各状態での行動</UnkC8>
    </Field>
    <Field Def="s32 GoalActionID">
      <DisplayName>ゴールアクションID</DisplayName>
      <Description>非戦闘時の汎用的なAI行動用のID（スクリプトタイプがオペレーションの場合のみ有効）</Description>
      <Minimum>0</Minimum>
      <Maximum>99999999</Maximum>
      <SortID>5000</SortID>
      <UnkC8>基本設定</UnkC8>
    </Field>
    <Field Def="s32 soundBehaviorId01 = -1">
      <DisplayName>振る舞いID1</DisplayName>
      <Description>聴くことのできる音ターゲットの振る舞いIDに対応</Description>
      <Minimum>-1</Minimum>
      <Maximum>999999</Maximum>
      <SortID>910800</SortID>
      <UnkC8>使わない</UnkC8>
    </Field>
    <Field Def="s32 soundBehaviorId02 = -1">
      <DisplayName>振る舞いID2</DisplayName>
      <Description>聴くことのできる音ターゲットの振る舞いIDに対応</Description>
      <Minimum>-1</Minimum>
      <Maximum>999999</Maximum>
      <SortID>910900</SortID>
      <UnkC8>使わない</UnkC8>
    </Field>
    <Field Def="s32 soundBehaviorId03 = -1">
      <DisplayName>振る舞いID3</DisplayName>
      <Description>聴くことのできる音ターゲットの振る舞いIDに対応</Description>
      <Minimum>-1</Minimum>
      <Maximum>999999</Maximum>
      <SortID>911000</SortID>
      <UnkC8>使わない</UnkC8>
    </Field>
    <Field Def="s32 soundBehaviorId04 = -1">
      <DisplayName>振る舞いID4</DisplayName>
      <Description>聴くことのできる音ターゲットの振る舞いIDに対応</Description>
      <Minimum>-1</Minimum>
      <Maximum>999999</Maximum>
      <SortID>911100</SortID>
      <UnkC8>使わない</UnkC8>
    </Field>
    <Field Def="s32 soundBehaviorId05 = -1">
      <DisplayName>振る舞いID5</DisplayName>
      <Description>聴くことのできる音ターゲットの振る舞いIDに対応</Description>
      <Minimum>-1</Minimum>
      <Maximum>999999</Maximum>
      <SortID>911200</SortID>
      <UnkC8>使わない</UnkC8>
    </Field>
    <Field Def="s32 soundBehaviorId06 = -1">
      <DisplayName>振る舞いID6</DisplayName>
      <Description>聴くことのできる音ターゲットの振る舞いIDに対応</Description>
      <Minimum>-1</Minimum>
      <Maximum>999999</Maximum>
      <SortID>911300</SortID>
      <UnkC8>使わない</UnkC8>
    </Field>
    <Field Def="s32 soundBehaviorId07 = -1">
      <DisplayName>振る舞いID7</DisplayName>
      <Description>聴くことのできる音ターゲットの振る舞いIDに対応</Description>
      <Minimum>-1</Minimum>
      <Maximum>999999</Maximum>
      <SortID>911400</SortID>
      <UnkC8>使わない</UnkC8>
    </Field>
    <Field Def="s32 soundBehaviorId08 = -1">
      <DisplayName>振る舞いID8</DisplayName>
      <Description>聴くことのできる音ターゲットの振る舞いIDに対応</Description>
      <Minimum>-1</Minimum>
      <Maximum>999999</Maximum>
      <SortID>911500</SortID>
      <UnkC8>使わない</UnkC8>
    </Field>
    <Field Def="s16 enemyMaxDistForBattleThanEventTgt">
      <DisplayName>自身と敵の距離がこの距離未満だったらイベントターゲットより戦闘行動を優先する（0～9999ｍ）</DisplayName>
      <Description>自身と敵の距離がこの距離未満だったらイベントターゲットより戦闘行動を優先する</Description>
      <Minimum>0</Minimum>
      <Maximum>9999</Maximum>
      <SortID>103000</SortID>
      <UnkC8>随伴行動</UnkC8>
    </Field>
    <Field Def="s16 eventTgtMinDistForBattleAndGoToEventTgt">
      <DisplayName>自身とイベントターゲットの距離がこの距離以上だったら戦いながらイベントターゲットに向かう（0～9999ｍ）</DisplayName>
      <Description>自身とイベントターゲットの距離がこの距離以上だったら戦いながらイベントターゲットに向かう</Description>
      <Minimum>0</Minimum>
      <Maximum>9999</Maximum>
      <SortID>103010</SortID>
      <UnkC8>随伴行動</UnkC8>
    </Field>
    <Field Def="s16 eventTgtMinDistForGoToEventTgt">
      <DisplayName>自身とイベントターゲットの距離がこの距離以上だったらイベントターゲットへ向かう事を最優先する（0～9999ｍ）</DisplayName>
      <Description>自身とイベントターゲットの距離がこの距離以上だったらイベントターゲットへ向かう事を最優先する</Description>
      <Minimum>0</Minimum>
      <Maximum>9999</Maximum>
      <SortID>103020</SortID>
      <UnkC8>随伴行動</UnkC8>
    </Field>
    <Field Def="u16 radar_dist">
      <DisplayName>レーダー認識範囲[m]</DisplayName>
      <Description>レーダー認識範囲</Description>
      <SortID>60000</SortID>
      <UnkC8>感覚</UnkC8>
    </Field>
    <Field Def="s32 eye_VerticalMax">
      <DisplayName>視覚認識上限高度[m]</DisplayName>
      <Description>通常視覚範囲の上限高度</Description>
      <Minimum>-999999</Minimum>
      <Maximum>999999</Maximum>
      <SortID>22000</SortID>
      <UnkC8>通常視覚</UnkC8>
    </Field>
    <Field Def="s32 eye_VerticalMin">
      <DisplayName>視覚認識下限高度[m]</DisplayName>
      <Description>通常視覚範囲の下限高度</Description>
      <Minimum>-999999</Minimum>
      <Maximum>999999</Maximum>
      <SortID>22100</SortID>
      <UnkC8>通常視覚</UnkC8>
    </Field>
    <Field Def="s32 searchEye_VerticalMax">
      <DisplayName>索敵視覚認識上限高度[m]</DisplayName>
      <Description>索敵視覚範囲の上限高度</Description>
      <Minimum>-999999</Minimum>
      <Maximum>999999</Maximum>
      <SortID>32000</SortID>
      <UnkC8>索敵視覚</UnkC8>
    </Field>
    <Field Def="s32 searchEye_VerticalMin">
      <DisplayName>索敵視覚認識下限高度[m]</DisplayName>
      <Description>索敵視覚範囲の下限高度</Description>
      <Minimum>-999999</Minimum>
      <Maximum>999999</Maximum>
      <SortID>32100</SortID>
      <UnkC8>索敵視覚</UnkC8>
    </Field>
    <Field Def="f32 shareSearchTargetDist">
      <DisplayName>索敵ターゲットを共有する距離[m]</DisplayName>
      <Description>索敵ターゲットの共有範囲</Description>
      <Minimum>0</Minimum>
      <Maximum>999999</Maximum>
      <Increment>0.1</Increment>
      <SortID>91000</SortID>
      <UnkC8>ターゲット共有関連</UnkC8>
    </Field>
    <Field Def="f32 shareAttackTargetDist">
      <DisplayName>攻撃ターゲットを共有する距離[m]</DisplayName>
      <Description>攻撃ターゲットの共有範囲</Description>
      <Minimum>0</Minimum>
      <Maximum>999999</Maximum>
      <Increment>0.1</Increment>
      <SortID>91100</SortID>
      <UnkC8>ターゲット共有関連</UnkC8>
    </Field>
    <Field Def="f32 shareSearchTargetSpeed = -1">
      <DisplayName>索敵ターゲットを共有する速度 [m/s]</DisplayName>
      <Description>「索敵ターゲットを共有する距離」を上限、初期値を0mとして時間経過で共有範囲を拡大する。-1は無効値ですぐ最大範囲内共有する</Description>
      <Minimum>-1</Minimum>
      <Maximum>99999</Maximum>
      <Increment>1</Increment>
      <SortID>91200</SortID>
      <UnkC8>ターゲット共有関連</UnkC8>
    </Field>
    <Field Def="f32 shareAttackTargetSpeed = -1">
      <DisplayName>攻撃ターゲットを共有する速度 [m/s]</DisplayName>
      <Description>「攻撃ターゲットを共有する距離」を上限、初期値を0mとして時間経過で共有範囲を拡大する。-1は無効値ですぐ最大範囲内共有する</Description>
      <Minimum>-1</Minimum>
      <Maximum>99999</Maximum>
      <Increment>1</Increment>
      <SortID>91300</SortID>
      <UnkC8>ターゲット共有関連</UnkC8>
    </Field>
    <Field Def="s16 enemyMaxDistForBattleThanPlayer">
      <DisplayName>自身と敵の距離がこの距離未満だったらプレイヤーより戦闘行動を優先する（0～9999ｍ）</DisplayName>
      <Description>自身と敵の距離がこの距離未満だったらプレイヤーより戦闘行動を優先する（0～9999ｍ）</Description>
      <Minimum>0</Minimum>
      <Maximum>9999</Maximum>
      <SortID>103100</SortID>
      <UnkC8>随伴行動</UnkC8>
    </Field>
    <Field Def="s16 playerMinDistForBattleAndGoToPlayer">
      <DisplayName>自身とプレイヤーの距離がこの距離以上だったら戦いながらプレイヤーに向かう（0～9999ｍ）</DisplayName>
      <Description>自身とプレイヤーの距離がこの距離以上だったら戦いながらプレイヤーに向かう（0～9999ｍ）</Description>
      <Minimum>0</Minimum>
      <Maximum>9999</Maximum>
      <SortID>103110</SortID>
      <UnkC8>随伴行動</UnkC8>
    </Field>
    <Field Def="s16 playerMinDistForGoToPlayer">
      <DisplayName>自身とプレイヤーの距離がこの距離以上だったらプレイヤーへ向かう事を最優先する（0～9999ｍ）</DisplayName>
      <Description>自身とプレイヤーの距離がこの距離以上だったらプレイヤーへ向かう事を最優先する（0～9999ｍ）</Description>
      <Minimum>0</Minimum>
      <Maximum>9999</Maximum>
      <SortID>103120</SortID>
      <UnkC8>随伴行動</UnkC8>
    </Field>
    <Field Def="s16 fixedCannonReleaseDistByHit = -1">
      <DisplayName>被弾で固定砲台解除距離[m]</DisplayName>
      <Description>被弾で固定砲台解除距離[m]</Description>
      <Minimum>-1</Minimum>
      <Maximum>9999</Maximum>
      <SortID>112100</SortID>
      <UnkC8>固定砲台行動</UnkC8>
    </Field>
    <Field Def="s16 searchEye_BackOffsetDist = -1">
      <DisplayName>索敵視覚_発生距離[m]</DisplayName>
      <Description>索敵視覚用の視覚発生距離</Description>
      <Minimum>-1</Minimum>
      <SortID>33000</SortID>
      <UnkC8>索敵視覚</UnkC8>
    </Field>
    <Field Def="s16 searchEye_BeginDist = -1">
      <DisplayName>索敵視覚_カット距離[m]</DisplayName>
      <Description>索敵視覚用の視覚カット距離</Description>
      <Minimum>-1</Minimum>
      <Maximum>32766</Maximum>
      <SortID>34000</SortID>
      <UnkC8>索敵視覚</UnkC8>
    </Field>
    <Field Def="u16 searchEye2_dist">
      <DisplayName>索敵視覚2_距離[m]</DisplayName>
      <Description>近距離向け用索敵視覚距離</Description>
      <SortID>40000</SortID>
      <UnkC8>索敵視覚2</UnkC8>
    </Field>
    <Field Def="u8 searchEye2_angX">
      <DisplayName>索敵視覚2_角度（高さ）[deg]</DisplayName>
      <Description>近距離向け用索敵視覚角度の高さ</Description>
      <Maximum>180</Maximum>
      <SortID>41000</SortID>
      <UnkC8>索敵視覚2</UnkC8>
    </Field>
    <Field Def="u8 searchEye2_angY">
      <DisplayName>索敵視覚2_角度（幅）[deg]</DisplayName>
      <Description>近距離向け用索敵視覚角度の幅</Description>
      <Maximum>180</Maximum>
      <SortID>41100</SortID>
      <UnkC8>索敵視覚2</UnkC8>
    </Field>
    <Field Def="s32 searchEye2_VerticalMax">
      <DisplayName>索敵視覚2_認識上限高度[m]</DisplayName>
      <Description>近距離向け用索敵視覚認識上限高度</Description>
      <Minimum>-999999</Minimum>
      <Maximum>999999</Maximum>
      <SortID>42000</SortID>
      <UnkC8>索敵視覚2</UnkC8>
    </Field>
    <Field Def="s32 searchEye2_VerticalMin">
      <DisplayName>索敵視覚2_認識下限高度[m]</DisplayName>
      <Description>近距離向け用索敵視覚認識下限高度</Description>
      <Minimum>-999999</Minimum>
      <Maximum>999999</Maximum>
      <SortID>42100</SortID>
      <UnkC8>索敵視覚2</UnkC8>
    </Field>
    <Field Def="s16 searchEye2_BackOffsetDist = -1">
      <DisplayName>索敵視覚2_発生距離[m]</DisplayName>
      <Description>近距離向け用索敵視覚発生距離</Description>
      <Minimum>-1</Minimum>
      <SortID>43000</SortID>
      <UnkC8>索敵視覚2</UnkC8>
    </Field>
    <Field Def="s16 searchEye2_BeginDist = -1">
      <DisplayName>索敵視覚2_カット距離[m]</DisplayName>
      <Description>近距離向け用索敵視覚カット距離</Description>
      <Minimum>-1</Minimum>
      <Maximum>32766</Maximum>
      <SortID>44000</SortID>
      <UnkC8>索敵視覚2</UnkC8>
    </Field>
    <Field Def="f32 shareSearchPointTargetDist">
      <DisplayName>索敵度を共有する距離[m]</DisplayName>
      <Description>キャラの持つ索敵度の値を共有する距離 </Description>
      <Minimum>0</Minimum>
      <Maximum>9999</Maximum>
      <Increment>0.1</Increment>
      <SortID>911600</SortID>
      <UnkC8>使わない</UnkC8>
    </Field>
    <Field Def="f32 shareCombatPointTargetDist">
      <DisplayName>交戦度を共有する距離[m]</DisplayName>
      <Description>キャラの持つ交戦度の値を共有する距離</Description>
      <Minimum>0</Minimum>
      <Maximum>9999</Maximum>
      <Increment>0.1</Increment>
      <SortID>911700</SortID>
      <UnkC8>使わない</UnkC8>
    </Field>
    <Field Def="f32 shareSearchPointRate">
      <DisplayName>索敵度共有割合</DisplayName>
      <Description>キャラの持つ索敵度の値を共有する割合 </Description>
      <Minimum>0</Minimum>
      <Maximum>1</Maximum>
      <SortID>911800</SortID>
      <UnkC8>使わない</UnkC8>
    </Field>
    <Field Def="f32 shareCombatPointRate">
      <DisplayName>交戦度共有割合</DisplayName>
      <Description>キャラの持つ交戦度の値を共有する割合</Description>
      <Minimum>0</Minimum>
      <Maximum>1</Maximum>
      <SortID>911900</SortID>
      <UnkC8>使わない</UnkC8>
    </Field>
    <Field Def="u16 battleEye_dist">
      <DisplayName>戦闘視覚_距離[m]</DisplayName>
      <Description>戦闘状態用視覚距離</Description>
      <SortID>50000</SortID>
      <UnkC8>戦闘視覚</UnkC8>
    </Field>
    <Field Def="u8 battleEye_angX">
      <DisplayName>戦闘視覚_角度（高さ）[deg]</DisplayName>
      <Description>戦闘状態用視覚角度の高さ</Description>
      <Maximum>180</Maximum>
      <SortID>51000</SortID>
      <UnkC8>戦闘視覚</UnkC8>
    </Field>
    <Field Def="u8 battleEye_angY">
      <DisplayName>戦闘視覚_角度（幅）[deg]</DisplayName>
      <Description>戦闘状態用視覚角度の幅</Description>
      <Maximum>180</Maximum>
      <SortID>51100</SortID>
      <UnkC8>戦闘視覚</UnkC8>
    </Field>
    <Field Def="s32 battleEye_VerticalMax">
      <DisplayName>戦闘視覚_認識上限高度[m]</DisplayName>
      <Description>戦闘状態用視覚認識上限高度</Description>
      <Minimum>-999999</Minimum>
      <Maximum>999999</Maximum>
      <SortID>52000</SortID>
      <UnkC8>戦闘視覚</UnkC8>
    </Field>
    <Field Def="s32 battleEye_VerticalMin">
      <DisplayName>戦闘視覚_認識下限高度[m]</DisplayName>
      <Description>戦闘状態用視覚認識下限高度</Description>
      <Minimum>-999999</Minimum>
      <Maximum>999999</Maximum>
      <SortID>52100</SortID>
      <UnkC8>戦闘視覚</UnkC8>
    </Field>
    <Field Def="s16 battleEye_BackOffsetDist = -1">
      <DisplayName>戦闘視覚_発生距離[m]</DisplayName>
      <Description>戦闘状態用視覚発生距離</Description>
      <Minimum>-1</Minimum>
      <SortID>53000</SortID>
      <UnkC8>戦闘視覚</UnkC8>
    </Field>
    <Field Def="s16 battleEye_BeginDist = -1">
      <DisplayName>戦闘視覚_カット距離[m]</DisplayName>
      <Description>戦闘状態用視覚カット距離</Description>
      <Minimum>-1</Minimum>
      <Maximum>32766</Maximum>
      <SortID>54000</SortID>
      <UnkC8>戦闘視覚</UnkC8>
    </Field>
    <Field Def="f32 DebugAiThinkParam00">
      <DisplayName>デバッグ用AIパラメータ00</DisplayName>
      <Description>デバッグ用AIパラメータ00</Description>
      <Minimum>-9999</Minimum>
      <Maximum>9999</Maximum>
      <Increment>0.1</Increment>
      <SortID>990000</SortID>
      <UnkC8>デバッグ用</UnkC8>
    </Field>
    <Field Def="f32 DebugAiThinkParam01">
      <DisplayName>デバッグ用AIパラメータ01</DisplayName>
      <Description>デバッグ用AIパラメータ01</Description>
      <Minimum>-9999</Minimum>
      <Maximum>9999</Maximum>
      <Increment>0.1</Increment>
      <SortID>990100</SortID>
      <UnkC8>デバッグ用</UnkC8>
    </Field>
    <Field Def="f32 DebugAiThinkParam02">
      <DisplayName>デバッグ用AIパラメータ02</DisplayName>
      <Description>デバッグ用AIパラメータ02</Description>
      <Minimum>-9999</Minimum>
      <Maximum>9999</Maximum>
      <Increment>0.1</Increment>
      <SortID>990200</SortID>
      <UnkC8>デバッグ用</UnkC8>
    </Field>
    <Field Def="f32 DebugAiThinkParam03">
      <DisplayName>デバッグ用AIパラメータ03</DisplayName>
      <Description>デバッグ用AIパラメータ03</Description>
      <Minimum>-9999</Minimum>
      <Maximum>9999</Maximum>
      <Increment>0.1</Increment>
      <SortID>990300</SortID>
      <UnkC8>デバッグ用</UnkC8>
    </Field>
    <Field Def="f32 DebugAiThinkParam04">
      <DisplayName>デバッグ用AIパラメータ04</DisplayName>
      <Description>デバッグ用AIパラメータ04</Description>
      <Minimum>-9999</Minimum>
      <Maximum>9999</Maximum>
      <Increment>0.1</Increment>
      <SortID>990400</SortID>
      <UnkC8>デバッグ用</UnkC8>
    </Field>
    <Field Def="s16 radar_power = -1">
      <DisplayName>レーダー性能</DisplayName>
      <Description>ターゲットのステルス性能と比較して，レーダーによって検知できるかを決める性能値</Description>
      <Minimum>-1</Minimum>
      <Maximum>9999</Maximum>
      <SortID>60100</SortID>
      <UnkC8>感覚</UnkC8>
    </Field>
    <Field Def="s8 commonAttack_WeaponPlace = -1">
      <DisplayName>汎用攻撃_装備部位</DisplayName>
      <Description>汎用攻撃の装備部位設定，AI_WEAPON_PLACE_の数字に応じて，なしなら-1</Description>
      <Minimum>-1</Minimum>
      <Maximum>31</Maximum>
      <SortID>102000</SortID>
      <UnkC8>各状態での行動</UnkC8>
    </Field>
    <Field Def="u8 doLaunchAiLayer_MOVE01:1 = 1">
      <DisplayName>AIレイヤー起動：MOVE01</DisplayName>
      <Enum>NPC_BOOL</Enum>
      <Description>LayerID: 2</Description>
      <Maximum>1</Maximum>
      <SortID>7000</SortID>
      <UnkC8>AIレイヤー起動設定</UnkC8>
    </Field>
    <Field Def="u8 doLaunchAiLayer_MOVETYPE:1 = 1">
      <DisplayName>AIレイヤー起動：MOVETYPE</DisplayName>
      <Enum>NPC_BOOL</Enum>
      <Description>LayerID: 3</Description>
      <Maximum>1</Maximum>
      <SortID>7001</SortID>
      <UnkC8>AIレイヤー起動設定</UnkC8>
    </Field>
    <Field Def="u8 doLaunchAiLayer_ATTACK01:1 = 1">
      <DisplayName>AIレイヤー起動：ATTACK01</DisplayName>
      <Enum>NPC_BOOL</Enum>
      <Description>LayerID: 4</Description>
      <Maximum>1</Maximum>
      <SortID>7002</SortID>
      <UnkC8>AIレイヤー起動設定</UnkC8>
    </Field>
    <Field Def="u8 doLaunchAiLayer_ATTACK02:1 = 1">
      <DisplayName>AIレイヤー起動：ATTACK02</DisplayName>
      <Enum>NPC_BOOL</Enum>
      <Description>LayerID: 5</Description>
      <Maximum>1</Maximum>
      <SortID>7003</SortID>
      <UnkC8>AIレイヤー起動設定</UnkC8>
    </Field>
    <Field Def="u8 doLaunchAiLayer_ATTACK03:1 = 1">
      <DisplayName>AIレイヤー起動：ATTACK03</DisplayName>
      <Enum>NPC_BOOL</Enum>
      <Description>LayerID: 6</Description>
      <Maximum>1</Maximum>
      <SortID>7004</SortID>
      <UnkC8>AIレイヤー起動設定</UnkC8>
    </Field>
    <Field Def="u8 doLaunchAiLayer_ATTACK04:1 = 1">
      <DisplayName>AIレイヤー起動：ATTACK04</DisplayName>
      <Enum>NPC_BOOL</Enum>
      <Description>LayerID: 7</Description>
      <Maximum>1</Maximum>
      <SortID>7005</SortID>
      <UnkC8>AIレイヤー起動設定</UnkC8>
    </Field>
    <Field Def="u8 doLaunchAiLayer_EXTRA01:1 = 1">
      <DisplayName>AIレイヤー起動：EXTRA01</DisplayName>
      <Enum>NPC_BOOL</Enum>
      <Description>LayerID: 8</Description>
      <Maximum>1</Maximum>
      <SortID>7006</SortID>
      <UnkC8>AIレイヤー起動設定</UnkC8>
    </Field>
    <Field Def="u8 doLaunchAiLayer_INTERRUPT:1 = 1">
      <DisplayName>AIレイヤー起動：INTERRUPT</DisplayName>
      <Enum>NPC_BOOL</Enum>
      <Description>LayerID: 9</Description>
      <Maximum>1</Maximum>
      <SortID>7007</SortID>
      <UnkC8>AIレイヤー起動設定</UnkC8>
    </Field>
    <Field Def="u16 commonAttack_Dist">
      <DisplayName>汎用攻撃_距離[m]</DisplayName>
      <Description>汎用攻撃の範囲設定</Description>
      <SortID>102100</SortID>
      <UnkC8>各状態での行動</UnkC8>
    </Field>
    <Field Def="s16 coverActionAttackDist = -1">
      <DisplayName>カバーアクション攻撃距離[m]</DisplayName>
      <Description>カバーアクション攻撃距離[m]</Description>
      <Minimum>-1</Minimum>
      <Maximum>9999</Maximum>
      <SortID>113100</SortID>
      <UnkC8>カバーアクション</UnkC8>
    </Field>
    <Field Def="f32 shareTargetRecognitionLag">
      <DisplayName>共有ターゲット認識遅延[sec]</DisplayName>
      <Description>共有ターゲットを受け取ってから認識できるまでの遅延時間[sec]</Description>
      <DisplayFormat>%.1f</DisplayFormat>
      <Minimum>0</Minimum>
      <Maximum>999.9</Maximum>
      <Increment>0.1</Increment>
      <SortID>91330</SortID>
      <UnkC8>ターゲット共有関連</UnkC8>
    </Field>
    <Field Def="f32 keepSharingTargetAfterDiedTime">
      <DisplayName>死亡時_共有維持時間[sec]</DisplayName>
      <Description>キャラ死亡後もターゲット共有処理が最大範囲になってからの維持時間[sec]、０の場合は最大範囲にならなくても死亡後即共有停止</Description>
      <DisplayFormat>%.1f</DisplayFormat>
      <Minimum>0</Minimum>
      <Maximum>999.9</Maximum>
      <Increment>0.1</Increment>
      <SortID>91340</SortID>
      <UnkC8>ターゲット共有関連</UnkC8>
    </Field>
    <Field Def="f32 GeneralAiThinkParam00">
      <DisplayName>AI汎用パラメータ00</DisplayName>
      <Description>デバッグ用AIパラメータ00から製品版へ移行するためのもの</Description>
      <Minimum>-9999</Minimum>
      <Maximum>9999</Maximum>
      <Increment>0.1</Increment>
      <SortID>114000</SortID>
      <UnkC8>汎用パラメータ</UnkC8>
    </Field>
    <Field Def="f32 GeneralAiThinkParam01">
      <DisplayName>AI汎用パラメータ01</DisplayName>
      <Description>デバッグ用AIパラメータ01から製品版へ移行するためのもの</Description>
      <Minimum>-9999</Minimum>
      <Maximum>9999</Maximum>
      <Increment>0.1</Increment>
      <SortID>114100</SortID>
      <UnkC8>汎用パラメータ</UnkC8>
    </Field>
    <Field Def="f32 GeneralAiThinkParam02">
      <DisplayName>AI汎用パラメータ02</DisplayName>
      <Description>デバッグ用AIパラメータ02から製品版へ移行するためのもの</Description>
      <Minimum>-9999</Minimum>
      <Maximum>9999</Maximum>
      <Increment>0.1</Increment>
      <SortID>114200</SortID>
      <UnkC8>汎用パラメータ</UnkC8>
    </Field>
    <Field Def="f32 GeneralAiThinkParam03">
      <DisplayName>AI汎用パラメータ03</DisplayName>
      <Description>デバッグ用AIパラメータ03から製品版へ移行するためのもの</Description>
      <Minimum>-9999</Minimum>
      <Maximum>9999</Maximum>
      <Increment>0.1</Increment>
      <SortID>114300</SortID>
      <UnkC8>汎用パラメータ</UnkC8>
    </Field>
    <Field Def="f32 GeneralAiThinkParam04">
      <DisplayName>AI汎用パラメータ04</DisplayName>
      <Description>デバッグ用AIパラメータ04から製品版へ移行するためのもの</Description>
      <Minimum>-9999</Minimum>
      <Maximum>9999</Maximum>
      <Increment>0.1</Increment>
      <SortID>114400</SortID>
      <UnkC8>汎用パラメータ</UnkC8>
    </Field>
    <Field Def="f32 PathSearchWaitTime = -1">
      <DisplayName>パス検索待ち時間[sec]</DisplayName>
      <Description>パス検索の時間がこれを越えたら強制失敗扱い。-1はHavok任せ</Description>
      <DisplayFormat>%.1f</DisplayFormat>
      <Minimum>-1</Minimum>
      <Maximum>99</Maximum>
      <Increment>0.1</Increment>
      <SortID>113200</SortID>
      <UnkC8>パス検索関連</UnkC8>
    </Field>
    <Field Def="f32 jumpEdgeEnteredDistOffset">
      <DisplayName>始端到達判定距離オフセット[m]</DisplayName>
      <Description>ジャンプエッジに入っているかどうかのチェック用。キャラのヒット半径はシステム側で別途加算</Description>
      <DisplayFormat>%.1f</DisplayFormat>
      <Minimum>0</Minimum>
      <Maximum>9999</Maximum>
      <Increment>0.1</Increment>
      <SortID>113300</SortID>
      <UnkC8>ジャンプエッジ関連</UnkC8>
    </Field>
    <Field Def="f32 jumpEdgeFinishHeightOffset = 3">
      <DisplayName>終端到達判定高度オフセット[m]</DisplayName>
      <Description>ジャンプエッジ終了チェック用。許容できる最大高度。キャラのヒット高度はシステム側で別途加算</Description>
      <DisplayFormat>%.1f</DisplayFormat>
      <Minimum>0</Minimum>
      <Maximum>9999</Maximum>
      <Increment>0.1</Increment>
      <SortID>113310</SortID>
      <UnkC8>ジャンプエッジ関連</UnkC8>
    </Field>
    <Field Def="f32 jumpEdgeFinishHorizontalDist = 10">
      <DisplayName>終端到達判定水平距離[m]</DisplayName>
      <Description>ジャンプエッジ終了チェック用。許容できる最大水平距離</Description>
      <DisplayFormat>%.1f</DisplayFormat>
      <Minimum>0</Minimum>
      <Maximum>9999</Maximum>
      <Increment>0.1</Increment>
      <SortID>113320</SortID>
      <UnkC8>ジャンプエッジ関連</UnkC8>
    </Field>
    <Field Def="f32 jumpEdgeFinishAngle = 90">
      <DisplayName>終端到達判定角度[deg]</DisplayName>
      <Description>ジャンプエッジ終了チェック用。現在位置→終端　と　始端→終端　となす角度がこの値を越えたら到達と見なす</Description>
      <DisplayFormat>%.1f</DisplayFormat>
      <Minimum>0</Minimum>
      <Maximum>180</Maximum>
      <Increment>0.1</Increment>
      <SortID>113330</SortID>
      <UnkC8>ジャンプエッジ関連</UnkC8>
    </Field>
    <Field Def="f32 jumpEdgeFinishLandCheckHeightOffset = 3">
      <DisplayName>終端到達足元安全確認判定オフセット[m]</DisplayName>
      <Description>ジャンプエッジ終了チェック用。レイキャストで足元に地面があるかどうかチェック用。現在位置と終端の高度差はシステム側で別途加算</Description>
      <DisplayFormat>%.1f</DisplayFormat>
      <Minimum>0</Minimum>
      <Maximum>9999</Maximum>
      <Increment>0.1</Increment>
      <SortID>113340</SortID>
      <UnkC8>ジャンプエッジ関連</UnkC8>
    </Field>
    <Field Def="f32 jumpEdgeFallHeight = 5">
      <DisplayName>落下時判定高度[m]</DisplayName>
      <Description>ジャンプエッジで落下する時用。落下とみなす最小高度</Description>
      <DisplayFormat>%.1f</DisplayFormat>
      <Minimum>0</Minimum>
      <Maximum>9999</Maximum>
      <Increment>0.1</Increment>
      <SortID>113350</SortID>
      <UnkC8>ジャンプエッジ関連</UnkC8>
    </Field>
    <Field Def="f32 jumpEdgeFallHorizontalDist = 5">
      <DisplayName>落下時判定水平距離[m]</DisplayName>
      <Description>ジャンプエッジで落下する時用。落下できる最大水平距離</Description>
      <DisplayFormat>%.1f</DisplayFormat>
      <Minimum>0</Minimum>
      <Maximum>9999</Maximum>
      <Increment>0.1</Increment>
      <SortID>113360</SortID>
      <UnkC8>ジャンプエッジ関連</UnkC8>
    </Field>
    <Field Def="s16 navimeshNavigatorIterationLimit = -1">
      <DisplayName>ナビメッシュのパス検索の最大イテレーション数</DisplayName>
      <Description>-1の場合はHavok任せ（10000になる）。大きいほど長距離のパス検索ができるようになるが、地形裏などの到達できないパス検索の場合時間がかかることになる</Description>
      <Minimum>-1</Minimum>
      <Maximum>10000</Maximum>
      <SortID>113210</SortID>
      <UnkC8>パス検索関連</UnkC8>
    </Field>
    <Field Def="s16 navivolumeNavigatorIterationLimit = -1">
      <DisplayName>ナビボリュームのパス検索の最大イテレーション数</DisplayName>
      <Description>-1の場合はHavok任せ（10000になる）。大きいほど長距離のパス検索ができるようになるが、地形裏などの到達できないパス検索の場合時間がかかることになる</Description>
      <Minimum>-1</Minimum>
      <Maximum>10000</Maximum>
      <SortID>113211</SortID>
      <UnkC8>パス検索関連</UnkC8>
    </Field>
    <Field Def="u8 isSearchDisableRaycastForDummyChr">
      <DisplayName>ダミーキャラのターゲットへの視線遮蔽チェックをやめるか</DisplayName>
      <Enum>ON_OFF</Enum>
      <Description>OFF：「索敵視界の遮蔽」にお任せ。ON：ダミーキャラに対してレイキャストでの視覚遮蔽チェックをしない</Description>
      <Maximum>1</Maximum>
      <SortID>14100</SortID>
      <UnkC8>視覚基本設定</UnkC8>
    </Field>
    <Field Def="u8 enableInitialPosInGetLastLandingPoint:1">
      <DisplayName>最終の着地位置に初期位置が使えるか</DisplayName>
      <Enum>NPC_BOOL</Enum>
      <Description>最終着地位置を取得時初期位置をうまく取れないバグの修正用。影響範囲を抑えるためにだけパラメータ化した</Description>
      <Maximum>1</Maximum>
      <SortID>113500</SortID>
      <UnkC8>バグ修正用</UnkC8>
    </Field>
    <Field Def="u8 doStayDuringNaviSearchInJumpEdgeMove:1 = 1">
      <DisplayName>ジャンプエッジ中のパス検索待ち中待機するか</DisplayName>
      <Enum>NPC_BOOL</Enum>
      <Description>ジャンプエッジ中ブースト上昇OPを使っているが、パス検索中待機命令を出すとキャラが上昇し続けることがあるため修正用。影響範囲を抑えるためにだけパラメータ化した</Description>
      <Maximum>1</Maximum>
      <SortID>113510</SortID>
      <UnkC8>バグ修正用</UnkC8>
    </Field>
    <Field Def="u8 unk191_2:1" />
    <Field Def="dummy8 pad2:5">
      <DisplayName>pad</DisplayName>
      <SortID>990604</SortID>
    </Field>
    <Field Def="dummy8 pad1[2]">
      <DisplayName>pad</DisplayName>
      <SortID>990605</SortID>
    </Field>
    <Field Def="f32 jumpEdgeFinishRaycastRadius = -1">
      <DisplayName>終端到達判定レイキャスト用半径[m]</DisplayName>
      <Description>ジャンプエッジ終了チェック用。プラスの値が設定される場合、デフォルトのキャラヒット半径を上書きする</Description>
      <Minimum>-1</Minimum>
      <Maximum>1000</Maximum>
      <Increment>0.1</Increment>
      <SortID>113370</SortID>
      <UnkC8>ジャンプエッジ関連</UnkC8>
    </Field>
    <Field Def="dummy8 pad[8]">
      <SortID>990606</SortID>
    </Field>
  </Fields>
</PARAMDEF>