﻿<?xml version="1.0" encoding="utf-8"?>
<PARAMDEF XmlVersion="3">
  <ParamType>PARTSTOKEN_PARAM_ST</ParamType>
  <DataVersion>1</DataVersion>
  <BigEndian>False</BigEndian>
  <Unicode>True</Unicode>
  <FormatVersion>203</FormatVersion>
  <Fields>
    <Field Def="u8 disableParam_NT:1">
      <DisplayName>NT版出力から外すか</DisplayName>
      <Enum>BOOL_CIRCLECROSS_TYPE</Enum>
      <Description>NT版から除外するか、除外するものに○をつける</Description>
      <Maximum>1</Maximum>
      <SortID>90000</SortID>
    </Field>
    <Field Def="u8 disableParam_Product:1">
      <DisplayName>製品版出力から外すか</DisplayName>
      <Enum>BOOL_CIRCLECROSS_TYPE</Enum>
      <Description>製品版から除外するか、除外するものに○をつける</Description>
      <Maximum>1</Maximum>
      <SortID>90010</SortID>
    </Field>
    <Field Def="dummy8 disableParamReserve1:6">
      <DisplayName>パッケージ出力用リザーブ1</DisplayName>
      <Description>パッケージ出力用リザーブ1</Description>
      <SortID>90011</SortID>
    </Field>
    <Field Def="dummy8 disableParamReserve2[3]">
      <DisplayName>パッケージ出力用リザーブ2</DisplayName>
      <Description>パッケージ出力用リザーブ2</Description>
      <SortID>90012</SortID>
    </Field>
    <Field Def="u16 point">
      <DisplayName>ポイント</DisplayName>
      <Description>傭兵ランク用のポイント</Description>
      <Maximum>9999</Maximum>
      <SortID>1</SortID>
    </Field>
    <Field Def="s8 grade">
      <DisplayName>等級</DisplayName>
      <Enum>PARTS_TOKEN_GRADE_TYPE</Enum>
      <Description>メニュー表示用のカテゴリ</Description>
      <Minimum>0</Minimum>
      <Maximum>9999</Maximum>
      <SortID>2</SortID>
    </Field>
    <Field Def="s8 usage">
      <DisplayName>獲得経路</DisplayName>
      <Enum>PARTS_TOKEN_USAGE_TYPE</Enum>
      <Description>獲得経路</Description>
      <Minimum>0</Minimum>
      <Maximum>9999</Maximum>
      <SortID>3</SortID>
    </Field>
    <Field Def="dummy8 reserved[12]">
      <DisplayName>予約</DisplayName>
      <Description>----</Description>
      <DisplayFormat>%d</DisplayFormat>
      <EditFlags>Wrap</EditFlags>
      <SortID>89999</SortID>
    </Field>
  </Fields>
</PARAMDEF>