﻿<?xml version="1.0" encoding="utf-8"?>
<PARAMDEF XmlVersion="3">
  <ParamType>PLAYER_MATERIAL_PRESET_PARAM_ST</ParamType>
  <DataVersion>1</DataVersion>
  <BigEndian>False</BigEndian>
  <Unicode>True</Unicode>
  <FormatVersion>203</FormatVersion>
  <Fields>
    <Field Def="f32 Shininess">
      <DisplayName>光沢感</DisplayName>
      <DisplayFormat>%.2f</DisplayFormat>
      <Minimum>-1</Minimum>
      <Maximum>1</Maximum>
      <SortID>10</SortID>
    </Field>
    <Field Def="f32 Metalness">
      <DisplayName>金属感</DisplayName>
      <DisplayFormat>%.2f</DisplayFormat>
      <Minimum>-1</Minimum>
      <Maximum>1</Maximum>
      <SortID>20</SortID>
    </Field>
    <Field Def="f32 Glow">
      <DisplayName>光量</DisplayName>
      <Description>光沢感専用のパラメータでも光量は１に設定しておくようにしてください、設定しないと真っ黒になります</Description>
      <DisplayFormat>%.2f</DisplayFormat>
      <Minimum>0</Minimum>
      <Maximum>10</Maximum>
      <SortID>500</SortID>
    </Field>
    <Field Def="s32 TexIdLayer0 = -1">
      <DisplayName>1層目素材（基本鉄など）</DisplayName>
      <Description>1層目素材（基本鉄など）で参照するテクスチャのID（AEGXXX_YYY）の6桁</Description>
      <DisplayFormat>%06d</DisplayFormat>
      <EditFlags>8</EditFlags>
      <Minimum>-1</Minimum>
      <Maximum>999999</Maximum>
      <SortID>100</SortID>
    </Field>
    <Field Def="s32 TexIdLayer1 = -1">
      <DisplayName>2層目素材(基本ベースペイント）</DisplayName>
      <Description>2層目素材(基本ベースペイント）で参照するテクスチャのID（AEGXXX_YYY）の6桁</Description>
      <DisplayFormat>%06d</DisplayFormat>
      <EditFlags>8</EditFlags>
      <Minimum>-1</Minimum>
      <Maximum>999999</Maximum>
      <SortID>110</SortID>
    </Field>
    <Field Def="s32 TexIdLayer2 = -1">
      <DisplayName>3層目素材(基本塗装後の状態）</DisplayName>
      <Description>3層目素材(基本塗装後の状態）で参照するテクスチャのID（AEGXXX_YYY）の6桁</Description>
      <DisplayFormat>%06d</DisplayFormat>
      <EditFlags>8</EditFlags>
      <Minimum>-1</Minimum>
      <Maximum>999999</Maximum>
      <SortID>120</SortID>
    </Field>
    <Field Def="s32 MaterialTex_Albedo = -1">
      <DisplayName>アルベドテクスチャ</DisplayName>
      <Description>カラーリングごとのマテリアル差し替え用の参照テクスチャID</Description>
      <DisplayFormat>%06d</DisplayFormat>
      <EditFlags>8</EditFlags>
      <Minimum>-1</Minimum>
      <Maximum>999999</Maximum>
      <SortID>200</SortID>
    </Field>
    <Field Def="s32 MaterialTex_Normal_Shininess = -1">
      <DisplayName>ノーマル、シャイネステクスチャ</DisplayName>
      <Description>カラーリングごとのマテリアル差し替え用の参照テクスチャID</Description>
      <DisplayFormat>%06d</DisplayFormat>
      <EditFlags>8</EditFlags>
      <Minimum>-1</Minimum>
      <Maximum>999999</Maximum>
      <SortID>210</SortID>
    </Field>
    <Field Def="dummy8 pad_end[32]">
      <DisplayName>------</DisplayName>
      <DisplayFormat>%f</DisplayFormat>
      <EditFlags>Wrap</EditFlags>
      <SortID>501</SortID>
    </Field>
  </Fields>
</PARAMDEF>