﻿<?xml version="1.0" encoding="utf-8"?>
<PARAMDEF XmlVersion="3">
  <ParamType>PLAYER_CAMOUFLAGE_PATTERN_PARAM_ST</ParamType>
  <DataVersion>1</DataVersion>
  <BigEndian>False</BigEndian>
  <Unicode>True</Unicode>
  <FormatVersion>203</FormatVersion>
  <Fields>
    <Field Def="f32 Small = 1">
      <DisplayName>小</DisplayName>
      <Description>タイリング(小)のスケール</Description>
      <DisplayFormat>%.2f</DisplayFormat>
      <Minimum>0.01</Minimum>
      <Maximum>10</Maximum>
      <SortID>1</SortID>
      <UnkB8>TilingScale</UnkB8>
      <UnkC0>TILING_SCALE</UnkC0>
      <UnkC8>タイリング</UnkC8>
    </Field>
    <Field Def="f32 Medium = 1">
      <DisplayName>中</DisplayName>
      <Description>タイリング(中)のスケール</Description>
      <DisplayFormat>%.2f</DisplayFormat>
      <Minimum>0.01</Minimum>
      <Maximum>10</Maximum>
      <SortID>2</SortID>
      <UnkB8>TilingScale</UnkB8>
      <UnkC0>TILING_SCALE</UnkC0>
      <UnkC8>タイリング</UnkC8>
    </Field>
    <Field Def="f32 Large = 1">
      <DisplayName>大</DisplayName>
      <Description>タイリング(大)のスケール</Description>
      <DisplayFormat>%.2f</DisplayFormat>
      <Minimum>0.01</Minimum>
      <Maximum>10</Maximum>
      <SortID>3</SortID>
      <UnkB8>TilingScale</UnkB8>
      <UnkC0>TILING_SCALE</UnkC0>
      <UnkC8>タイリング</UnkC8>
    </Field>
    <Field Def="u8 Slot0_enabled:1 = 1">
      <DisplayName>0</DisplayName>
      <Description>スロット0がカラーリングが可能か</Description>
      <DisplayFormat>%u</DisplayFormat>
      <Maximum>1</Maximum>
      <SortID>4</SortID>
      <UnkC8>カラーリング</UnkC8>
    </Field>
    <Field Def="u8 Slot1_enabled:1 = 1">
      <DisplayName>1</DisplayName>
      <Description>スロット1がカラーリングが可能か</Description>
      <DisplayFormat>%u</DisplayFormat>
      <Maximum>1</Maximum>
      <SortID>5</SortID>
      <UnkC8>カラーリング</UnkC8>
    </Field>
    <Field Def="u8 Slot2_enabled:1 = 1">
      <DisplayName>2</DisplayName>
      <Description>スロット2がカラーリングが可能か</Description>
      <DisplayFormat>%u</DisplayFormat>
      <Maximum>1</Maximum>
      <SortID>6</SortID>
      <UnkC8>カラーリング</UnkC8>
    </Field>
    <Field Def="u8 Slot3_enabled:1 = 1">
      <DisplayName>3</DisplayName>
      <Description>スロット3がカラーリングが可能か</Description>
      <DisplayFormat>%u</DisplayFormat>
      <Maximum>1</Maximum>
      <SortID>7</SortID>
      <UnkC8>カラーリング</UnkC8>
    </Field>
    <Field Def="dummy8 pad0:4">
      <DisplayName>----</DisplayName>
      <Description>タイリング(中)のスケール</Description>
      <DisplayFormat>%.2f</DisplayFormat>
      <EditFlags>Wrap</EditFlags>
      <SortID>100000000</SortID>
    </Field>
    <Field Def="dummy8 pad[3]">
      <DisplayName>pad0</DisplayName>
      <SortID>99999999</SortID>
    </Field>
  </Fields>
</PARAMDEF>