﻿<?xml version="1.0" encoding="utf-8"?>
<PARAMDEF XmlVersion="3">
  <ParamType>PLAYER_WEATHERING_TEX_PRESET_PARAM_ST</ParamType>
  <DataVersion>5</DataVersion>
  <BigEndian>False</BigEndian>
  <Unicode>True</Unicode>
  <FormatVersion>203</FormatVersion>
  <Fields>
    <Field Def="s32 TexIdLayer3 = -1">
      <DisplayName>塗装剥がれTex</DisplayName>
      <Description>AETXXX_XXX</Description>
      <DisplayFormat>%06d</DisplayFormat>
      <EditFlags>8</EditFlags>
      <Minimum>-1</Minimum>
      <Maximum>999999</Maximum>
      <SortID>130</SortID>
    </Field>
    <Field Def="f32 Peeling_Int">
      <DisplayName>塗装剥がれ強度</DisplayName>
      <Description>塗装剥がれ強度</Description>
      <EditFlags>8</EditFlags>
      <Minimum>0</Minimum>
      <Maximum>10</Maximum>
      <SortID>150</SortID>
    </Field>
    <Field Def="f32 Rust_Int">
      <DisplayName>錆強度</DisplayName>
      <Description>錆強度</Description>
      <EditFlags>8</EditFlags>
      <Minimum>0</Minimum>
      <Maximum>10</Maximum>
      <SortID>160</SortID>
    </Field>
    <Field Def="f32 CHG_1stlayer_Shininess">
      <DisplayName>塗装剥がれ_シャイネス</DisplayName>
      <Description>1層目(塗装剥がれ用）のシャインネスの強度調整用</Description>
      <EditFlags>8</EditFlags>
      <Minimum>0</Minimum>
      <Maximum>10</Maximum>
      <SortID>170</SortID>
    </Field>
    <Field Def="f32 CHG_1stlayer_Metalness">
      <DisplayName>塗装剥がれ_メタルネス</DisplayName>
      <Description>1層目(塗装剥がれ用）のメタルネスの強度調整用</Description>
      <EditFlags>8</EditFlags>
      <Minimum>0</Minimum>
      <Maximum>10</Maximum>
      <SortID>180</SortID>
    </Field>
    <Field Def="f32 CHG_3rdlayer_Shininess">
      <DisplayName>錆_シャイネス</DisplayName>
      <Description>2層目(錆用)のシャインネスの強度調整用</Description>
      <EditFlags>8</EditFlags>
      <Minimum>0</Minimum>
      <Maximum>10</Maximum>
      <SortID>190</SortID>
    </Field>
    <Field Def="f32 CHG_3rdlayer_Metalness">
      <DisplayName>錆_メタルネス</DisplayName>
      <Description>2層目(錆用)のメタルネスの強度調整用</Description>
      <EditFlags>8</EditFlags>
      <Minimum>0</Minimum>
      <Maximum>10</Maximum>
      <SortID>200</SortID>
    </Field>
    <Field Def="s32 TexIdLayer4 = -1">
      <DisplayName>錆Tex</DisplayName>
      <Description>AETXXX_XXX</Description>
      <DisplayFormat>%06d</DisplayFormat>
      <EditFlags>8</EditFlags>
      <Minimum>-1</Minimum>
      <Maximum>999999</Maximum>
      <SortID>140</SortID>
    </Field>
    <Field Def="dummy8 pad[4]">
      <DisplayName>パディング</DisplayName>
      <SortID>201</SortID>
    </Field>
  </Fields>
</PARAMDEF>