﻿<?xml version="1.0" encoding="utf-8"?>
<PARAMDEF XmlVersion="3">
  <ParamType>RIGID_BODY_PARAM_ST</ParamType>
  <DataVersion>1</DataVersion>
  <BigEndian>False</BigEndian>
  <Unicode>True</Unicode>
  <FormatVersion>203</FormatVersion>
  <Fields>
    <Field Def="f32 mass = 1000">
      <DisplayName>質量</DisplayName>
      <Description>剛体の質量</Description>
      <EditFlags>None</EditFlags>
      <Minimum>0</Minimum>
      <Maximum>999999</Maximum>
      <Increment>1</Increment>
      <SortID>1</SortID>
    </Field>
    <Field Def="f32 friction = 0.8">
      <DisplayName>摩擦係数</DisplayName>
      <Description>剛体表面の摩擦係数</Description>
      <EditFlags>None</EditFlags>
      <Minimum>0</Minimum>
      <Maximum>1</Maximum>
      <SortID>2</SortID>
    </Field>
    <Field Def="f32 restitution = 0.1">
      <DisplayName>反発係数</DisplayName>
      <Description>剛体の弾性係数</Description>
      <EditFlags>None</EditFlags>
      <Minimum>0</Minimum>
      <Maximum>1</Maximum>
      <SortID>3</SortID>
    </Field>
    <Field Def="f32 maxLinearSpeed = 200">
      <DisplayName>最高速度[m/s]</DisplayName>
      <Description>剛体に可能な最大リニア速度(m/s)</Description>
      <EditFlags>None</EditFlags>
      <Minimum>0</Minimum>
      <Maximum>999999</Maximum>
      <Increment>1</Increment>
      <SortID>4</SortID>
    </Field>
    <Field Def="f32 maxAngularSpeed = 100">
      <DisplayName>最高角速度</DisplayName>
      <Description>剛体に可能な最大角速度(角度/シミュレーションフレーム)</Description>
      <EditFlags>None</EditFlags>
      <Minimum>0</Minimum>
      <Maximum>999999</Maximum>
      <Increment>1</Increment>
      <SortID>5</SortID>
    </Field>
    <Field Def="f32 linearDamping = 0.8">
      <DisplayName>速度減衰</DisplayName>
      <Description>剛体に適用されるリニア減衰(単位は秒数の逆数)</Description>
      <EditFlags>None</EditFlags>
      <Minimum>0</Minimum>
      <Maximum>999999</Maximum>
      <SortID>6</SortID>
    </Field>
    <Field Def="f32 angularDamping = 0.8">
      <DisplayName>角速度減衰</DisplayName>
      <Description>剛体に適用される回転角の減衰(単位は秒数の逆数)</Description>
      <EditFlags>None</EditFlags>
      <Minimum>0</Minimum>
      <Maximum>999999</Maximum>
      <SortID>7</SortID>
    </Field>
    <Field Def="f32 gravityFactor = 3">
      <DisplayName>重力倍率</DisplayName>
      <Description>重力倍率</Description>
      <EditFlags>None</EditFlags>
      <Minimum>0</Minimum>
      <Maximum>999999</Maximum>
      <SortID>8</SortID>
    </Field>
    <Field Def="f32 softContactForceFactor = 0.01">
      <DisplayName>ソフトコンタクト係数</DisplayName>
      <Description>ソフトコンタクト係数</Description>
      <EditFlags>None</EditFlags>
      <Minimum>0</Minimum>
      <Maximum>1</Maximum>
      <Increment>0.001</Increment>
      <SortID>1001</SortID>
      <UnkC8>通常</UnkC8>
    </Field>
    <Field Def="f32 softContactDampFactor = 0.1">
      <DisplayName>ソフトコンタクト弾力</DisplayName>
      <Description>ソフトコンタクト弾力</Description>
      <EditFlags>None</EditFlags>
      <Minimum>0</Minimum>
      <Maximum>1</Maximum>
      <Increment>0.001</Increment>
      <SortID>1001</SortID>
      <UnkC8>通常</UnkC8>
    </Field>
    <Field Def="f32 softContactSeperationVelocity = 30">
      <DisplayName>ソフトコンタクト押し出し速さ</DisplayName>
      <Description>ソフトコンタクト押し出し速さ</Description>
      <EditFlags>None</EditFlags>
      <Minimum>0</Minimum>
      <Maximum>999999</Maximum>
      <Increment>0.001</Increment>
      <SortID>1001</SortID>
      <UnkC8>通常</UnkC8>
    </Field>
    <Field Def="f32 softContactForceFactorSoft = 0.01">
      <DisplayName>ソフトコンタクト係数（柔らかい）</DisplayName>
      <Description>ソフトコンタクト係数（柔らかい）</Description>
      <EditFlags>None</EditFlags>
      <Minimum>0</Minimum>
      <Maximum>1</Maximum>
      <Increment>0.001</Increment>
      <SortID>1000</SortID>
      <UnkC8>柔らかい</UnkC8>
    </Field>
    <Field Def="f32 softContactDampFactorSoft = 0.1">
      <DisplayName>ソフトコンタクト弾力（柔らかい）</DisplayName>
      <Description>ソフトコンタクト弾力（柔らかい）</Description>
      <EditFlags>None</EditFlags>
      <Minimum>0</Minimum>
      <Maximum>1</Maximum>
      <Increment>0.001</Increment>
      <SortID>1000</SortID>
      <UnkC8>柔らかい</UnkC8>
    </Field>
    <Field Def="f32 softContactSeperationVelocitySoft = 30">
      <DisplayName>ソフトコンタクト押し出し速さ（柔らかい）</DisplayName>
      <Description>ソフトコンタクト押し出し速さ（柔らかい）</Description>
      <EditFlags>None</EditFlags>
      <Minimum>0</Minimum>
      <Maximum>999999</Maximum>
      <Increment>0.001</Increment>
      <SortID>1000</SortID>
      <UnkC8>柔らかい</UnkC8>
    </Field>
    <Field Def="f32 softContactForceFactorHard = 0.01">
      <DisplayName>ソフトコンタクト係数（硬い）</DisplayName>
      <Description>ソフトコンタクト係数（硬い）</Description>
      <EditFlags>None</EditFlags>
      <Minimum>0</Minimum>
      <Maximum>1</Maximum>
      <Increment>0.001</Increment>
      <SortID>1002</SortID>
      <UnkC8>硬い</UnkC8>
    </Field>
    <Field Def="f32 softContactDampFactorHard = 0.1">
      <DisplayName>ソフトコンタクト弾力（硬い）</DisplayName>
      <Description>ソフトコンタクト弾力（硬い）</Description>
      <EditFlags>None</EditFlags>
      <Minimum>0</Minimum>
      <Maximum>1</Maximum>
      <Increment>0.001</Increment>
      <SortID>1002</SortID>
      <UnkC8>硬い</UnkC8>
    </Field>
    <Field Def="f32 softContactSeperationVelocityHard = 30">
      <DisplayName>ソフトコンタクト押し出し速さ（硬い）</DisplayName>
      <Description>ソフトコンタクト押し出し速さ（硬い）</Description>
      <EditFlags>None</EditFlags>
      <Minimum>0</Minimum>
      <Maximum>999999</Maximum>
      <Increment>0.001</Increment>
      <SortID>1002</SortID>
      <UnkC8>硬い</UnkC8>
    </Field>
    <Field Def="dummy8 reserve00[20]">
      <DisplayName>予約00</DisplayName>
      <SortID>1003</SortID>
    </Field>
  </Fields>
</PARAMDEF>