﻿<?xml version="1.0" encoding="utf-8"?>
<PARAMDEF XmlVersion="3">
  <ParamType>RUNTIME_SOUND_GLOBAL_PARAM_ST</ParamType>
  <DataVersion>2</DataVersion>
  <BigEndian>False</BigEndian>
  <Unicode>True</Unicode>
  <FormatVersion>203</FormatVersion>
  <Fields>
    <Field Def="u8 disableParam_NT:1">
      <DisplayName>NT版出力から外すか</DisplayName>
      <Enum>NPC_BOOL</Enum>
      <Description>NT版から除外するか、除外するものに○をつける</Description>
      <Maximum>1</Maximum>
      <SortID>90000</SortID>
    </Field>
    <Field Def="u8 disableParam_Product:1">
      <DisplayName>製品版出力から外すか</DisplayName>
      <Enum>NPC_BOOL</Enum>
      <Description>製品版から除外するか、除外するものに○をつける</Description>
      <Maximum>1</Maximum>
      <SortID>90010</SortID>
    </Field>
    <Field Def="dummy8 disableParamReserve1:6">
      <DisplayName>パッケージ出力用リザーブ1</DisplayName>
      <Description>パッケージ出力用リザーブ1</Description>
      <SortID>90011</SortID>
    </Field>
    <Field Def="dummy8 disableParamReserve2[3]">
      <DisplayName>パッケージ出力用リザーブ2</DisplayName>
      <Description>パッケージ出力用リザーブ2</Description>
      <SortID>90012</SortID>
    </Field>
    <Field Def="u8 ParamType">
      <DisplayName>タイプ</DisplayName>
      <Enum>RUNTIME_SOUND_GLOBAL_PARAM_TYPE</Enum>
      <Description>種別</Description>
      <Maximum>999999999</Maximum>
      <SortID>1</SortID>
      <UnkC8>グローバルパラメータ</UnkC8>
    </Field>
    <Field Def="dummy8 dmy[3]">
      <DisplayName>予約領域</DisplayName>
      <SortID>90013</SortID>
    </Field>
    <Field Def="fixstr RTPC_ID[16]">
      <Description>RTPC_ID</Description>
      <DisplayFormat />
      <EditFlags>None</EditFlags>
      <SortID>2</SortID>
      <UnkC8>グローバルパラメータ</UnkC8>
    </Field>
    <Field Def="f32 RTPC_MinValue">
      <DisplayName>RTPC最小値</DisplayName>
      <Description>RTPC最小値、RTPC最小値からRTPC最大値までの値が０～１００に丸められます。</Description>
      <Minimum>0</Minimum>
      <Maximum>1E+09</Maximum>
      <Increment>1</Increment>
      <SortID>3</SortID>
      <UnkC8>グローバルパラメータ</UnkC8>
    </Field>
    <Field Def="f32 RTPC_MaxValue">
      <DisplayName>RTPC最大値</DisplayName>
      <Description>RTPC最大値、RTPC最小値からRTPC最大値までの値が０～１００に丸められます。</Description>
      <Minimum>0</Minimum>
      <Maximum>1E+09</Maximum>
      <Increment>1</Increment>
      <SortID>4</SortID>
      <UnkC8>グローバルパラメータ</UnkC8>
    </Field>
  </Fields>
</PARAMDEF>