﻿<?xml version="1.0" encoding="utf-8"?>
<PARAMDEF XmlVersion="3">
  <ParamType>RUNTIME_SOUND_PARAM_ST</ParamType>
  <DataVersion>3</DataVersion>
  <BigEndian>False</BigEndian>
  <Unicode>True</Unicode>
  <FormatVersion>203</FormatVersion>
  <Fields>
    <Field Def="u8 disableParam_NT:1">
      <DisplayName>NT版出力から外すか</DisplayName>
      <Enum>NPC_BOOL</Enum>
      <Description>NT版から除外するか、除外するものに○をつける</Description>
      <Maximum>1</Maximum>
      <SortID>90000</SortID>
    </Field>
    <Field Def="u8 disableParam_Product:1">
      <DisplayName>製品版出力から外すか</DisplayName>
      <Enum>NPC_BOOL</Enum>
      <Description>製品版から除外するか、除外するものに○をつける</Description>
      <Maximum>1</Maximum>
      <SortID>90010</SortID>
    </Field>
    <Field Def="dummy8 disableParamReserve1:6">
      <DisplayName>パッケージ出力用リザーブ1</DisplayName>
      <Description>パッケージ出力用リザーブ1</Description>
      <SortID>10000000</SortID>
    </Field>
    <Field Def="dummy8 disableParamReserve2[3]">
      <DisplayName>パッケージ出力用リザーブ2</DisplayName>
      <Description>パッケージ出力用リザーブ2</Description>
      <SortID>10000001</SortID>
    </Field>
    <Field Def="s32 ConditionID">
      <DisplayName>条件ID</DisplayName>
      <Description>条件の識別用ID</Description>
      <EditFlags>13</EditFlags>
      <Minimum>0</Minimum>
      <Maximum>999999999</Maximum>
      <SortID>1020</SortID>
    </Field>
    <Field Def="u16 SoundPlayer">
      <DisplayName>再生タイプ</DisplayName>
      <Enum>RUNTIME_SOUND_PLAYER_TYPE</Enum>
      <Description>再生タイプ</Description>
      <EditFlags>Wrap, Lock</EditFlags>
      <Maximum>999999999</Maximum>
      <SortID>2000</SortID>
    </Field>
    <Field Def="s16 SlotNo = -1">
      <DisplayName>再生スロット番号</DisplayName>
      <Description>再生スロット番号</Description>
      <EditFlags>Wrap, Lock</EditFlags>
      <Minimum>-1</Minimum>
      <Maximum>9999</Maximum>
      <SortID>2030</SortID>
      <UnkC8>サウンドパラメータ</UnkC8>
    </Field>
    <Field Def="s32 SeID">
      <Description>再生するSeID</Description>
      <EditFlags>Wrap, Lock</EditFlags>
      <Minimum>0</Minimum>
      <Maximum>999999999</Maximum>
      <SortID>2010</SortID>
      <UnkC8>サウンドパラメータ</UnkC8>
    </Field>
    <Field Def="s32 AttachDmypolyID = -1">
      <DisplayName>アタッチダミポリID</DisplayName>
      <Description>Se再生時にアタッチするダミポリID</Description>
      <EditFlags>Wrap, Lock</EditFlags>
      <Minimum>-1</Minimum>
      <Maximum>999999999</Maximum>
      <SortID>2020</SortID>
      <UnkC8>サウンドパラメータ</UnkC8>
    </Field>
    <Field Def="fixstr RTPC01_ID[16]">
      <DisplayName>RTPC【1】のID</DisplayName>
      <Description>RTPC【1】のID</Description>
      <DisplayFormat />
      <EditFlags>None</EditFlags>
      <SortID>3000</SortID>
      <UnkC8>サウンドパラメータ</UnkC8>
    </Field>
    <Field Def="u8 RTPC01_Value">
      <DisplayName>RTPC【1】設定する値</DisplayName>
      <Enum>RUNTIME_SOUND_RTPC_CURVE_TYPE</Enum>
      <Description>RTPC【1】設定する値</Description>
      <EditFlags>Wrap, Lock</EditFlags>
      <Maximum>999999999</Maximum>
      <SortID>3000</SortID>
      <UnkC8>サウンドパラメータ</UnkC8>
    </Field>
    <Field Def="u8 IsApplyEnemyFriendPlayer:1">
      <DisplayName>敵・味方ACにも反映させる</DisplayName>
      <Description>敵・味方ACにも反映するか。ＰＣ用のパラメータ専用のものです。NPC用は無視されます。</Description>
      <EditFlags>Wrap, Lock</EditFlags>
      <Maximum>1</Maximum>
      <SortID>8000</SortID>
    </Field>
    <Field Def="dummy8 dmy1Bit:7">
      <DisplayName>予約領域</DisplayName>
      <SortID>10000002</SortID>
    </Field>
    <Field Def="dummy8 dmy1[1]">
      <DisplayName>予約領域</DisplayName>
      <SortID>10000003</SortID>
    </Field>
    <Field Def="u8 soundType">
      <DisplayName>サウンドタイプ</DisplayName>
      <Enum>RUNTIME_SOUND_SOUND_TYPE</Enum>
      <Description>通常イベントかダイナミックダイアログかなどを指定します。</Description>
      <EditFlags>Wrap, Lock</EditFlags>
      <SortID>1010</SortID>
      <UnkC8>サウンドパラメータ</UnkC8>
    </Field>
    <Field Def="s32 RTPC01_ValueChangeDuration">
      <DisplayName>RTPC【1】指定した値になるまでの時間[ms]</DisplayName>
      <Description>RTPC【1】指定した値になるまでの時間[ms]</Description>
      <EditFlags>Wrap, Lock</EditFlags>
      <Minimum>0</Minimum>
      <Maximum>999999999</Maximum>
      <SortID>3000</SortID>
      <UnkC8>サウンドパラメータ</UnkC8>
    </Field>
    <Field Def="s32 PlayInterval">
      <DisplayName>再生インターバル[ms]</DisplayName>
      <Description>再生インターバル[ms]</Description>
      <DisplayFormat>%f</DisplayFormat>
      <EditFlags>Wrap, Lock</EditFlags>
      <Minimum>0</Minimum>
      <Maximum>9999</Maximum>
      <Increment>0</Increment>
      <SortID>3000</SortID>
      <UnkC8>サウンドパラメータ</UnkC8>
    </Field>
    <Field Def="s32 SeID_OtherPlayer">
      <DisplayName>SeID（自機以外）</DisplayName>
      <Description>時期以外に適用されるSeID</Description>
      <EditFlags>Wrap, Lock</EditFlags>
      <Minimum>0</Minimum>
      <Maximum>999999999</Maximum>
      <SortID>2011</SortID>
      <UnkC8>サウンドパラメータ</UnkC8>
    </Field>
    <Field Def="dummy8 pad[12]">
      <DisplayFormat>%f</DisplayFormat>
      <EditFlags>Wrap, Lock</EditFlags>
      <SortID>9999999</SortID>
    </Field>
  </Fields>
</PARAMDEF>