﻿<?xml version="1.0" encoding="utf-8"?>
<PARAMDEF XmlVersion="3">
  <ParamType>SE_MATERIAL_CONVERT_PARAM_ST</ParamType>
  <DataVersion>1</DataVersion>
  <BigEndian>False</BigEndian>
  <Unicode>True</Unicode>
  <FormatVersion>203</FormatVersion>
  <Fields>
    <Field Def="u8 seMaterialId">
      <DisplayName>SE材質ID</DisplayName>
      <Enum>MATERIAL_SE_TYPE</Enum>
      <Description>SFX材質ID（３桁）からSE材質ID（２桁）への変換</Description>
      <SortID>1000</SortID>
    </Field>
    <Field Def="dummy8 pad1[3]">
      <DisplayName>パディング</DisplayName>
      <SortID>2001</SortID>
    </Field>
    <Field Def="fixstr seMaterialNameStr[16]">
      <DisplayName>SE材質名文字列[最大16文字]</DisplayName>
      <Description>WwiseでSEを呼び出すための最大16文字となる半角文字列</Description>
      <SortID>2000</SortID>
    </Field>
    <Field Def="dummy8 tailPad[12]">
      <DisplayName>末尾パディング</DisplayName>
      <Description>末尾パディング</Description>
      <SortID>2002</SortID>
    </Field>
  </Fields>
</PARAMDEF>