﻿<?xml version="1.0" encoding="utf-8"?>
<PARAMDEF XmlVersion="3">
  <ParamType>SFX_MODEL_PARAM_ST</ParamType>
  <DataVersion>1</DataVersion>
  <BigEndian>False</BigEndian>
  <Unicode>True</Unicode>
  <FormatVersion>203</FormatVersion>
  <Fields>
    <Field Def="s32 unk00" />
    <Field Def="s32 unk04" />
    <Field Def="s32 unk08" />
    <Field Def="s32 unk0c" />
    <Field Def="s32 unk10" />
    <Field Def="s32 unk14" />
    <Field Def="s32 unk18" />
    <Field Def="s32 unk1c" />
  </Fields>
</PARAMDEF>