﻿<?xml version="1.0" encoding="utf-8"?>
<PARAMDEF XmlVersion="3">
  <ParamType>SKYDOME_ASSET_PARAM_ST</ParamType>
  <DataVersion>1</DataVersion>
  <BigEndian>False</BigEndian>
  <Unicode>True</Unicode>
  <FormatVersion>203</FormatVersion>
  <Fields>
    <Field Def="s32 AssetId0 = -1">
      <DisplayName>表示アセット1</DisplayName>
      <Description>-1:無効 生成するアセットIDを指定します。AEG999_999 -&gt; 999999</Description>
      <EditFlags>None</EditFlags>
      <Minimum>-1</Minimum>
      <Maximum>999999</Maximum>
      <SortID>10</SortID>
    </Field>
    <Field Def="s32 AssetId1 = -1">
      <DisplayName>表示アセット2</DisplayName>
      <Description>-1:無効 生成するアセットIDを指定します。AEG999_999 -&gt; 999999</Description>
      <EditFlags>None</EditFlags>
      <Minimum>-1</Minimum>
      <Maximum>999999</Maximum>
      <SortID>11</SortID>
    </Field>
    <Field Def="s32 AssetId2 = -1">
      <DisplayName>表示アセット3</DisplayName>
      <Description>-1:無効 生成するアセットIDを指定します。AEG999_999 -&gt; 999999</Description>
      <EditFlags>None</EditFlags>
      <Minimum>-1</Minimum>
      <Maximum>999999</Maximum>
      <SortID>12</SortID>
    </Field>
    <Field Def="s32 AssetId3 = -1">
      <DisplayName>表示アセット4</DisplayName>
      <Description>-1:無効 生成するアセットIDを指定します。AEG999_999 -&gt; 999999</Description>
      <EditFlags>None</EditFlags>
      <Minimum>-1</Minimum>
      <Maximum>999999</Maximum>
      <SortID>13</SortID>
    </Field>
    <Field Def="s32 AssetId4 = -1">
      <DisplayName>表示アセット5</DisplayName>
      <Description>-1:無効 生成するアセットIDを指定します。AEG999_999 -&gt; 999999</Description>
      <EditFlags>None</EditFlags>
      <Minimum>-1</Minimum>
      <Maximum>999999</Maximum>
      <SortID>14</SortID>
    </Field>
    <Field Def="s32 AssetId5 = -1">
      <DisplayName>表示アセット6</DisplayName>
      <Description>-1:無効 生成するアセットIDを指定します。AEG999_999 -&gt; 999999</Description>
      <EditFlags>None</EditFlags>
      <Minimum>-1</Minimum>
      <Maximum>999999</Maximum>
      <SortID>15</SortID>
    </Field>
    <Field Def="s32 AssetId6 = -1">
      <DisplayName>表示アセット7</DisplayName>
      <Description>-1:無効 生成するアセットIDを指定します。AEG999_999 -&gt; 999999</Description>
      <EditFlags>None</EditFlags>
      <Minimum>-1</Minimum>
      <Maximum>999999</Maximum>
      <SortID>16</SortID>
    </Field>
    <Field Def="s32 AssetId7 = -1">
      <DisplayName>表示アセット8</DisplayName>
      <Description>-1:無効 生成するアセットIDを指定します。AEG999_999 -&gt; 999999</Description>
      <EditFlags>None</EditFlags>
      <Minimum>-1</Minimum>
      <Maximum>999999</Maximum>
      <SortID>17</SortID>
    </Field>
    <Field Def="dummy8 reserved0[8]">
      <SortID>9999</SortID>
    </Field>
  </Fields>
</PARAMDEF>