﻿<?xml version="1.0" encoding="utf-8"?>
<PARAMDEF XmlVersion="3">
  <ParamType>SOUND_CUTSCENE_PARAM_ST</ParamType>
  <DataVersion>5</DataVersion>
  <BigEndian>False</BigEndian>
  <Unicode>True</Unicode>
  <FormatVersion>203</FormatVersion>
  <Fields>
    <Field Def="u8 disableParam_NT:1">
      <DisplayName>NT版出力から外すか</DisplayName>
      <Enum>NPC_BOOL</Enum>
      <Description>NT版から除外するか、除外するものに○をつける</Description>
      <Maximum>1</Maximum>
      <SortID>900000</SortID>
    </Field>
    <Field Def="u8 disableParam_Product:1">
      <DisplayName>製品版出力から外すか</DisplayName>
      <Enum>NPC_BOOL</Enum>
      <Description>製品版から除外するか、除外するものに○をつける</Description>
      <Maximum>1</Maximum>
      <SortID>900010</SortID>
    </Field>
    <Field Def="dummy8 disableParamReserve1:6">
      <DisplayName>パッケージ出力用リザーブ1</DisplayName>
      <Description>パッケージ出力用リザーブ1</Description>
      <SortID>900011</SortID>
    </Field>
    <Field Def="dummy8 disableParamReserve2[3]">
      <DisplayName>パッケージ出力用リザーブ2</DisplayName>
      <Description>パッケージ出力用リザーブ2</Description>
      <SortID>900012</SortID>
    </Field>
    <Field Def="s16 OneShotBgmBehaviorOnStart">
      <DisplayName>カットシーン開始時ワンショットBGM挙動</DisplayName>
      <Enum>SOUND_CUTSCENE_BGM_BEHAVIOR_TYPE</Enum>
      <Description>カットシーン開始時ワンショットBGM挙動を指定します</Description>
      <EditFlags>None</EditFlags>
      <Minimum>0</Minimum>
      <Maximum>8</Maximum>
      <SortID>11</SortID>
    </Field>
    <Field Def="s16 BossBattleStateOnEnd = -1">
      <DisplayName>カットシーン終了時BGMステート「BGMState_BossEnemy」</DisplayName>
      <Enum>SOUND_BGM_STATE_BOSS_ENEMY_TYPE</Enum>
      <Description>カットシーン終了時BGMステート「BossBattleState」の状態を指定します</Description>
      <EditFlags>None</EditFlags>
      <Minimum>-1</Minimum>
      <Maximum>256</Maximum>
      <SortID>15</SortID>
    </Field>
    <Field Def="s32 BgmEnemyTypeOnStart = -1">
      <DisplayName>カットシーン開始時BGMステート「Bgm_ID」</DisplayName>
      <Description>カットシーン開始時時BGMステート「Bgm_ID」の状態を指定します</Description>
      <EditFlags>None</EditFlags>
      <Minimum>-1</Minimum>
      <Maximum>99999999</Maximum>
      <SortID>13</SortID>
    </Field>
    <Field Def="s32 BgmEnemyTypeOnEnd = -1">
      <DisplayName>カットシーン終了時BGMステート「Bgm_ID」</DisplayName>
      <Description>カットシーン終了時BGMステート「Bgm_ID」の状態を指定します</Description>
      <EditFlags>None</EditFlags>
      <Minimum>-1</Minimum>
      <Maximum>99999999</Maximum>
      <SortID>14</SortID>
    </Field>
    <Field Def="s32 PostPlaySeId = -1">
      <DisplayName>カットシーン終了時にポストするSEID（カテゴリ：p)指定(-1:ポストしない)</DisplayName>
      <EditFlags>None</EditFlags>
      <Minimum>-1</Minimum>
      <Maximum>999999999</Maximum>
      <SortID>20</SortID>
    </Field>
    <Field Def="s32 PostPlaySeIdForSkip = -1">
      <DisplayName>カットシーン終了時にポストするSEID_スキップ時（カテゴリ：p)指定(-1:ポストしない)</DisplayName>
      <EditFlags>None</EditFlags>
      <Minimum>-1</Minimum>
      <Maximum>999999999</Maximum>
      <SortID>21</SortID>
    </Field>
    <Field Def="f32 EnterMapMuteStopTimeOnDrawCutscene = -1">
      <DisplayName>入場直後ミュート解除するカットシーン描画時間[秒](0より小さい：描画時間で解除しない)</DisplayName>
      <DisplayFormat>%d</DisplayFormat>
      <EditFlags>None</EditFlags>
      <Minimum>-1</Minimum>
      <Maximum>9999</Maximum>
      <Increment>0.1</Increment>
      <SortID>22</SortID>
    </Field>
    <Field Def="u8 ReverbType">
      <DisplayName>カットシーン中のリバーブタイプ</DisplayName>
      <Description>カットシーン中に適応するリバーブタイプを指定します</Description>
      <EditFlags>None</EditFlags>
      <Maximum>16</Maximum>
    </Field>
    <Field Def="dummy8 reserved[11]">
      <SortID>9999</SortID>
    </Field>
  </Fields>
</PARAMDEF>