﻿<?xml version="1.0" encoding="utf-8"?>
<PARAMDEF XmlVersion="3">
  <ParamType>SOUNDID_SPATIAL_SETTING</ParamType>
  <DataVersion>1</DataVersion>
  <BigEndian>False</BigEndian>
  <Unicode>True</Unicode>
  <FormatVersion>203</FormatVersion>
  <Fields>
    <Field Def="s32 SoundID_Type = 15">
      <DisplayName>対象サウンドID(タイプ)</DisplayName>
      <Enum>SOUND_TYPE_class</Enum>
      <Description>対象サウンドID(タイプ)</Description>
      <Minimum>0</Minimum>
      <Maximum>15</Maximum>
      <SortID>1</SortID>
    </Field>
    <Field Def="u32 SoundID_No">
      <DisplayName>対象サウンドID(番号)</DisplayName>
      <Description>対象サウンドID(番号)</Description>
      <Maximum>9999999</Maximum>
      <SortID>2</SortID>
    </Field>
    <Field Def="s8 ReflectLv = -1">
      <DisplayName>反響レベル</DisplayName>
      <Enum>SOUND_REFLECT_LEVEL</Enum>
      <Description>反響レベル</Description>
      <Minimum>-1</Minimum>
      <Maximum>2</Maximum>
      <SortID>3</SortID>
    </Field>
    <Field Def="dummy8 pad_last[23]">
      <DisplayName>パディング</DisplayName>
      <Description>パディング</Description>
      <DisplayFormat>%d</DisplayFormat>
      <EditFlags>Wrap</EditFlags>
      <SortID>9999</SortID>
    </Field>
  </Fields>
</PARAMDEF>