﻿<?xml version="1.0" encoding="utf-8"?>
<PARAMDEF XmlVersion="3">
  <ParamType>SUB_WINDOW_CAM_PARAM_ST</ParamType>
  <DataVersion>1</DataVersion>
  <BigEndian>False</BigEndian>
  <Unicode>True</Unicode>
  <FormatVersion>203</FormatVersion>
  <Fields>
    <Field Def="f32 camFov = 45">
      <DisplayName>画角[deg]</DisplayName>
      <Description>カメラの画角</Description>
      <DisplayFormat>%0.3f</DisplayFormat>
      <EditFlags>None</EditFlags>
      <Minimum>1</Minimum>
      <Maximum>180</Maximum>
      <Increment>0.1</Increment>
      <SortID>10</SortID>
    </Field>
    <Field Def="s32 camTargetDmyPolyId = -1">
      <DisplayName>注視点ダミポリID</DisplayName>
      <Description>ターゲットの注視点ダミポリID</Description>
      <EditFlags>None</EditFlags>
      <Minimum>-1</Minimum>
      <Maximum>99999</Maximum>
      <SortID>100</SortID>
    </Field>
    <Field Def="f32 camTargetDist = 50">
      <DisplayName>注視点からのカメラ距離</DisplayName>
      <Description>注視点からのカメラ距離</Description>
      <DisplayFormat>%0.1f</DisplayFormat>
      <EditFlags>None</EditFlags>
      <Minimum>0.1</Minimum>
      <Maximum>99999</Maximum>
      <Increment>0.1</Increment>
      <SortID>150</SortID>
    </Field>
    <Field Def="u8 camRotationType">
      <DisplayName>カメラ角度指定方法</DisplayName>
      <Description>カメラの角度指定方法(0固定)</Description>
      <EditFlags>None</EditFlags>
      <Maximum>0</Maximum>
      <Increment>0</Increment>
      <SortID>9999</SortID>
    </Field>
    <Field Def="dummy8 reserve[3]">
      <DisplayName>予約</DisplayName>
      <SortID>10000</SortID>
    </Field>
    <Field Def="f32 Target_RotationX">
      <DisplayName>X軸回転角度[deg]</DisplayName>
      <Description>キャラ正面基準でのX軸の回転角度</Description>
      <DisplayFormat>%0.3f</DisplayFormat>
      <EditFlags>None</EditFlags>
      <Minimum>-180</Minimum>
      <Maximum>180</Maximum>
      <Increment>0.1</Increment>
      <SortID>300</SortID>
    </Field>
    <Field Def="f32 Target_RotationY">
      <DisplayName>Y軸回転角度[deg]</DisplayName>
      <Description>キャラ正面基準でのY軸の回転角度</Description>
      <DisplayFormat>%0.3f</DisplayFormat>
      <EditFlags>None</EditFlags>
      <Minimum>-180</Minimum>
      <Maximum>180</Maximum>
      <Increment>0.1</Increment>
      <SortID>310</SortID>
    </Field>
    <Field Def="f32 Target_RotationZ">
      <DisplayName>Z軸回転角度[deg]</DisplayName>
      <Description>キャラ正面基準でのZ軸の回転角度</Description>
      <DisplayFormat>%0.3f</DisplayFormat>
      <EditFlags>None</EditFlags>
      <Minimum>-180</Minimum>
      <Maximum>180</Maximum>
      <Increment>0.1</Increment>
      <SortID>320</SortID>
    </Field>
    <Field Def="dummy8 reserve100[60]">
      <DisplayName>予約100</DisplayName>
      <SortID>10001</SortID>
    </Field>
  </Fields>
</PARAMDEF>