﻿<?xml version="1.0" encoding="utf-8"?>
<PARAMDEF XmlVersion="3">
  <ParamType>TALK_PARAM_ST</ParamType>
  <DataVersion>5</DataVersion>
  <BigEndian>False</BigEndian>
  <Unicode>True</Unicode>
  <FormatVersion>203</FormatVersion>
  <Fields>
    <Field Def="u8 disableParam_NT:1">
      <DisplayName>NT版出力から外すか</DisplayName>
      <Enum>NPC_BOOL</Enum>
      <Description>NT版から除外するか、除外するものに○をつける</Description>
      <Maximum>1</Maximum>
      <SortID>9998</SortID>
    </Field>
    <Field Def="u8 disableParam_Product:1">
      <DisplayName>製品版出力から外すか</DisplayName>
      <Enum>NPC_BOOL</Enum>
      <Description>製品版から除外するか、除外するものに○をつける</Description>
      <Maximum>1</Maximum>
      <SortID>9999</SortID>
    </Field>
    <Field Def="dummy8 disableParamReserve1:6">
      <DisplayName>パッケージ出力用リザーブ1</DisplayName>
      <Description>パッケージ出力用リザーブ1</Description>
      <SortID>10000</SortID>
    </Field>
    <Field Def="dummy8 disableParamReserve2[3]">
      <DisplayName>パッケージ出力用リザーブ2</DisplayName>
      <Description>パッケージ出力用リザーブ2</Description>
      <SortID>10001</SortID>
    </Field>
    <Field Def="s32 msgId = -1">
      <DisplayName>メッセージID</DisplayName>
      <Description>メッセージを指定-&gt;メニュー</Description>
      <Minimum>-1</Minimum>
      <Maximum>2000000000</Maximum>
      <SortID>1</SortID>
    </Field>
    <Field Def="s32 voiceId = -1">
      <DisplayName>ボイスID</DisplayName>
      <Description>ボイスを指定-&gt;サウンド</Description>
      <Minimum>-1</Minimum>
      <Maximum>2000000000</Maximum>
      <SortID>2</SortID>
    </Field>
    <Field Def="s32 spEffectId0 = -1">
      <DisplayName>特殊効果ID0</DisplayName>
      <Description>特殊効果を指定-&gt;キャラ</Description>
      <Minimum>-1</Minimum>
      <Maximum>2000000000</Maximum>
      <SortID>103</SortID>
    </Field>
    <Field Def="s32 motionId0 = -1">
      <DisplayName>モーションID0</DisplayName>
      <Description>モーションを指定-&gt;キャラ</Description>
      <Minimum>-1</Minimum>
      <Maximum>2000000000</Maximum>
      <SortID>104</SortID>
    </Field>
    <Field Def="s32 spEffectId1 = -1">
      <DisplayName>特殊効果ID1</DisplayName>
      <Description>特殊効果を指定-&gt;キャラ</Description>
      <Minimum>-1</Minimum>
      <Maximum>2000000000</Maximum>
      <SortID>105</SortID>
    </Field>
    <Field Def="s32 motionId1 = -1">
      <DisplayName>モーションID1</DisplayName>
      <Description>モーションを指定-&gt;キャラ</Description>
      <Minimum>-1</Minimum>
      <Maximum>2000000000</Maximum>
      <SortID>106</SortID>
    </Field>
    <Field Def="s32 returnPos = -1">
      <DisplayName>復帰位置</DisplayName>
      <Description>復帰する会話の相対位置-&gt;会話</Description>
      <Minimum>-1</Minimum>
      <Maximum>2000000000</Maximum>
      <SortID>107</SortID>
    </Field>
    <Field Def="s32 reactionId = -1">
      <DisplayName>リアクションID</DisplayName>
      <Description>復帰時の会話指定-&gt;会話</Description>
      <Minimum>-1</Minimum>
      <Maximum>2000000000</Maximum>
      <SortID>108</SortID>
    </Field>
    <Field Def="s32 eventId = -1">
      <DisplayName>イベントID</DisplayName>
      <Description>イベントID-&gt;イベント</Description>
      <Minimum>-1</Minimum>
      <Maximum>2000000000</Maximum>
      <SortID>997</SortID>
    </Field>
    <Field Def="f32 delayTime">
      <DisplayName>開始遅延時間[s]</DisplayName>
      <Description>テキスト表示/ボイス再生の開始を遅らせる時間(秒)</Description>
      <DisplayFormat>%.1f</DisplayFormat>
      <Minimum>0</Minimum>
      <Maximum>999</Maximum>
      <Increment>0.1</Increment>
    </Field>
    <Field Def="s16 beginSE = -1">
      <DisplayName>開始SE</DisplayName>
      <Enum>TALK_MENU_SE_TYPE</Enum>
      <Description>字幕開始時に再生するSE(-1：自動, 0：無し, 1以上：任意ID)</Description>
      <Minimum>-1</Minimum>
      <SortID>998</SortID>
    </Field>
    <Field Def="s16 endSE = -1">
      <DisplayName>終了SE</DisplayName>
      <Enum>TALK_MENU_SE_TYPE</Enum>
      <Description>字幕終了時に再生するSE(-1：自動, 0：無し, 1以上：任意ID)</Description>
      <Minimum>-1</Minimum>
      <SortID>999</SortID>
    </Field>
    <Field Def="s32 talkerID">
      <DisplayName>話者ID</DisplayName>
      <Description>話者のアカウントパラID</Description>
      <Minimum>-1</Minimum>
      <Maximum>2000000000</Maximum>
      <SortID>9</SortID>
    </Field>
    <Field Def="s32 menuEffect = -1">
      <DisplayName>通信演出</DisplayName>
      <Enum>TALK_MENU_EFFECT_TYPE</Enum>
      <Description>メニューの通信会話中演出</Description>
      <Minimum>-1</Minimum>
      <Maximum>2000000000</Maximum>
      <SortID>3</SortID>
    </Field>
    <Field Def="dummy8 reserved[8]">
      <DisplayName>予約</DisplayName>
      <Description>予約</Description>
      <DisplayFormat>%d</DisplayFormat>
      <EditFlags>Wrap</EditFlags>
      <SortID>10002</SortID>
    </Field>
  </Fields>
</PARAMDEF>