﻿<?xml version="1.0" encoding="utf-8"?>
<PARAMDEF XmlVersion="3">
  <ParamType>TANK_WHEEL_PARAM</ParamType>
  <DataVersion>1</DataVersion>
  <BigEndian>False</BigEndian>
  <Unicode>True</Unicode>
  <FormatVersion>203</FormatVersion>
  <Fields>
    <Field Def="f32 AttachPos_X">
      <DisplayName>接続位置_X[m]</DisplayName>
      <Description>ホイールの接続位置</Description>
      <Minimum>-1000</Minimum>
      <Maximum>1000</Maximum>
      <Increment>0.001</Increment>
      <SortID>100</SortID>
    </Field>
    <Field Def="f32 AttachPos_Y">
      <DisplayName>接続位置_Y[m]</DisplayName>
      <Description>ホイールの接続位置</Description>
      <Minimum>-1000</Minimum>
      <Maximum>1000</Maximum>
      <Increment>0.001</Increment>
      <SortID>101</SortID>
    </Field>
    <Field Def="f32 AttachPos_Z">
      <DisplayName>接続位置_Z[m]</DisplayName>
      <Description>ホイールの接続位置</Description>
      <Minimum>-1000</Minimum>
      <Maximum>1000</Maximum>
      <Increment>0.001</Increment>
      <SortID>102</SortID>
    </Field>
    <Field Def="f32 radius = 1">
      <DisplayName>ホイール半径[m]</DisplayName>
      <Description>ホイールの半径</Description>
      <Minimum>0.01</Minimum>
      <Maximum>10</Maximum>
      <Increment>0.1</Increment>
      <SortID>103</SortID>
    </Field>
    <Field Def="f32 suspensionLength = 2">
      <DisplayName>サスペンション長さ[m]</DisplayName>
      <Description>サスペンションの長さ</Description>
      <Minimum>0.01</Minimum>
      <Maximum>10</Maximum>
      <Increment>0.1</Increment>
      <SortID>104</SortID>
    </Field>
    <Field Def="f32 splingFactor = 0.2">
      <DisplayName>スプリング強さ</DisplayName>
      <Description>スプリングの強さ</Description>
      <Minimum>0</Minimum>
      <Maximum>1</Maximum>
      <Increment>0.1</Increment>
      <SortID>105</SortID>
    </Field>
    <Field Def="f32 compressPow = 0.4">
      <DisplayName>縮んだときに戻る強さ</DisplayName>
      <Description>縮んだときに元の長さに戻ろうとするときの強さ</Description>
      <Minimum>0</Minimum>
      <Maximum>1</Maximum>
      <Increment>0.1</Increment>
      <SortID>105</SortID>
    </Field>
    <Field Def="f32 relaxPow = 0.6">
      <DisplayName>伸びたときに戻る強さ</DisplayName>
      <Description>伸びたときに元の長さに戻ろうとするときの強さ</Description>
      <Minimum>0</Minimum>
      <Maximum>1</Maximum>
      <Increment>0.1</Increment>
      <SortID>105</SortID>
    </Field>
    <Field Def="dummy8 pad7[4]">
      <DisplayName>予約</DisplayName>
      <SortID>999999</SortID>
    </Field>
  </Fields>
</PARAMDEF>