﻿<?xml version="1.0" encoding="utf-8"?>
<PARAMDEF XmlVersion="3">
  <ParamType>TUTORIAL_ACTJUDGE_PARAM_ST</ParamType>
  <DataVersion>1</DataVersion>
  <BigEndian>False</BigEndian>
  <Unicode>True</Unicode>
  <FormatVersion>203</FormatVersion>
  <Fields>
    <Field Def="u8 State0_ActionSlot">
      <DisplayName>スロット</DisplayName>
      <Enum>TUTORIAL_ACTJUDGE_SLOT_TYPE</Enum>
      <EditFlags>None</EditFlags>
      <Maximum>99</Maximum>
      <SortID>1</SortID>
      <UnkB8>State0</UnkB8>
      <UnkC0>STATE_PARAM</UnkC0>
      <UnkC8>状態0</UnkC8>
    </Field>
    <Field Def="u8 State0_ActionType">
      <DisplayName>行動タイプ</DisplayName>
      <Enum>ACTION_FE_STATE_TYPE_ENUM</Enum>
      <EditFlags>None</EditFlags>
      <Maximum>99</Maximum>
      <SortID>2</SortID>
      <UnkB8>State0</UnkB8>
      <UnkC0>STATE_PARAM</UnkC0>
      <UnkC8>状態0</UnkC8>
    </Field>
    <Field Def="dummy8 State0_reserve0[2]">
      <DisplayName>予約</DisplayName>
      <DisplayFormat>%d</DisplayFormat>
      <SortID>8</SortID>
      <UnkB8>State0</UnkB8>
      <UnkC0>STATE_PARAM</UnkC0>
      <UnkC8>状態0</UnkC8>
    </Field>
    <Field Def="u8 State1_ActionSlot">
      <DisplayName>スロット</DisplayName>
      <Enum>TUTORIAL_ACTJUDGE_SLOT_TYPE</Enum>
      <EditFlags>None</EditFlags>
      <Maximum>99</Maximum>
      <SortID>3</SortID>
      <UnkB8>State1</UnkB8>
      <UnkC0>STATE_PARAM</UnkC0>
      <UnkC8>状態1</UnkC8>
    </Field>
    <Field Def="u8 State1_ActionType">
      <DisplayName>行動タイプ</DisplayName>
      <Enum>ACTION_FE_STATE_TYPE_ENUM</Enum>
      <EditFlags>None</EditFlags>
      <Maximum>99</Maximum>
      <SortID>4</SortID>
      <UnkB8>State1</UnkB8>
      <UnkC0>STATE_PARAM</UnkC0>
      <UnkC8>状態1</UnkC8>
    </Field>
    <Field Def="dummy8 State1_reserve0[2]">
      <DisplayName>予約</DisplayName>
      <DisplayFormat>%d</DisplayFormat>
      <SortID>9</SortID>
      <UnkB8>State1</UnkB8>
      <UnkC0>STATE_PARAM</UnkC0>
      <UnkC8>状態1</UnkC8>
    </Field>
    <Field Def="u8 ExtActionType">
      <DisplayName>拡張行動判定</DisplayName>
      <Enum>TUTORIAL_EXT_ACTJUDGE_TYPE</Enum>
      <EditFlags>None</EditFlags>
      <Maximum>99</Maximum>
      <SortID>5</SortID>
      <UnkC8>その他</UnkC8>
    </Field>
  </Fields>
</PARAMDEF>