﻿<?xml version="1.0" encoding="utf-8"?>
<PARAMDEF XmlVersion="3">
  <ParamType>WWISE_VALUE_TO_STR_CONVERT_W_PARAM_ST</ParamType>
  <DataVersion>1</DataVersion>
  <BigEndian>False</BigEndian>
  <Unicode>True</Unicode>
  <FormatVersion>203</FormatVersion>
  <Fields>
    <Field Def="fixstrW ParamStr[32]">
      <DisplayName>Wwiseパラメータ文字列</DisplayName>
      <Description>Wwiseパラメータ文字列</Description>
      <DisplayFormat />
      <EditFlags>None</EditFlags>
      <SortID>1</SortID>
    </Field>
  </Fields>
</PARAMDEF>