﻿<?xml version="1.0" encoding="utf-8"?>
<PARAMDEF XmlVersion="3">
  <ParamType>ZOOM_BLUR_ST</ParamType>
  <DataVersion>1</DataVersion>
  <BigEndian>False</BigEndian>
  <Unicode>True</Unicode>
  <FormatVersion>203</FormatVersion>
  <Fields>
    <Field Def="u8 Alpha">
      <DisplayName>アルファ</DisplayName>
      <Description>ズームブラーのかかる強さ</Description>
      <SortID>100</SortID>
    </Field>
    <Field Def="u8 FixCenter:1">
      <DisplayName>中央固定</DisplayName>
      <Enum>ON_OFF</Enum>
      <Description>キャラの位置中心ではなく画面の中央に対してブラーをかけたい場合は１</Description>
      <Maximum>1</Maximum>
      <SortID>95</SortID>
    </Field>
    <Field Def="dummy8 flag_reserve:7">
      <DisplayName>ダミー</DisplayName>
      <SortID>100000</SortID>
    </Field>
    <Field Def="dummy8 reserve0[2]">
      <DisplayName>ダミー</DisplayName>
      <SortID>99999</SortID>
    </Field>
    <Field Def="f32 Offset">
      <DisplayName>オフセット</DisplayName>
      <Description>ズームブラーのずれのオフセット</Description>
      <DisplayFormat>%.4f</DisplayFormat>
      <Minimum>0</Minimum>
      <Maximum>1</Maximum>
      <Increment>0.0001</Increment>
      <SortID>300</SortID>
    </Field>
    <Field Def="f32 CenterThin">
      <DisplayName>中央の薄め値</DisplayName>
      <Description>-１で中央付近はかからない、１で中央もブラーします</Description>
      <DisplayFormat>%.2f</DisplayFormat>
      <Minimum>-1</Minimum>
      <Maximum>1</Maximum>
      <SortID>400</SortID>
    </Field>
    <Field Def="dummy8 reserve1[20]">
      <DisplayName>ダミー</DisplayName>
      <SortID>99999</SortID>
    </Field>
  </Fields>
</PARAMDEF>