{
    "exeName": "DARKSOULS.exe",
    "list": [
        {
            "exeVersion": "1.0.2.0",
            
            "paramBaseAob": "0x10,0x??,0x??,0x??,0xF0,0x??,0x??,0x??,0x00,0x??,0x??,0x??,0x10,0x??,0x??,0x??,0x30,0x??,0x??,0x??,0x10,0x??,0x??,0x??,0x40,0x??,0x??,0x??,0xB0",
            "paramBaseAobRelativeOffset": "",
            "paramBase": "0xF785B4",
            "paramInnerPath": "0x20",
            "paramCountOffset": "0xA",
            "paramDataOffset": "0x30",
            "rowPointerOffset": "0x4",
            "rowHeaderSize": "0xC",
            
            "paramOffsets": [
                "AtkParam_Npc:0x108",
                "AtkParam_Pc:0x12c",
                "BehaviorParam:0x1BC",
                "BehaviorParam_PC:0x1E0",
                "Bullet:0x198",
                "CalcCorrectGraph:0x444",
                "CharaInitParam:0x300",
                "EquipMtrlSetParam:0x324",
                "EquipParamAccessory:0x54",
                "EquipParamGoods:0x78",
                "EquipParamProtector:0x30",
                "EquipParamWeapon:0xc",
                "FaceGenParam:0x348",
                "GameAreaParam:0x3FC",
                "HitMtrlParam:0x4b0",
                "ItemLotParam:0x2b8",
                "KnockBackParam:0x4d4",
                "LockCamParam:0x468",
                "Magic:0x204",
                "MenuColorTableParam:0x294",
                "MoveParam:0x2dc",
                "NpcParam:0xe4",
                "NpcThinkParam:0x150",
                "ObjectParam:0x174",
                "ObjActParam:0x48C",
                "QwcChange:0x3b4",
                "QwcJudge:0x3d8",
                "RagdollParam:0x36c",
                "ReinforceParamProtector:0xC0",
                "ReinforceParamWeapon:0x9c",
                "ShopLineupParam:0x390",
                "SkeletonParam:0x420",
                "SpEffectParam:0x228",
                "SpEffectVfxParam:0x24c",
                "TalkParam:0x270",
                "ThrowParam:0x4"
            ],
            
            "itemGibOffsets": [
            ]
        }
    ]
}
