{
  "Categories": [
    {
      "ForceTop": true,
      "DisplayName": "Common",
      "Params": [
        "AtkParam_Npc",
        "AtkParam_Pc",
        "AttackElementCorrectParam",
        "BehaviorParam",
        "BehaviorParam_PC",
        "BuddyParam",
        "Bullet",
        "BulletCreateLimitParam",
        "CalcCorrectGraph",
        "CharaInitParam",
        "EquipMtrlSetParam",
        "EquipParamAccessory",
        "EquipParamCustomWeapon",
        "EquipParamGem",
        "EquipParamGoods",
        "EquipParamProtector",
        "EquipParamWeapon",
        "GameAreaParam",
        "ItemLotParam_enemy",
        "ItemLotParam_map",
        "LockCamParam",
        "Magic",
        "NpcParam",
        "NpcThinkParam",
        "ReinforceParamProtector",
        "ReinforceParamWeapon",
        "ResistCorrectParam",
        "ShopLineupParam",
        "ShopLineupParam_Recipe",
        "SpEffectParam",
        "SpEffectSetParam",
        "SpEffectVfxParam",
        "SwordArtsParam",
        "default_EnemyBehaviorBank",
        "default_EnemyBehaviorBank",
        "default_EnemyBehaviorBank",
        "default_EnemyBehaviorBank",
        "default_EnemyBehaviorBank",
        "default_EnemyBehaviorBank"
      ]
    },
    {
      "DisplayName": "Graphics",
      "Params": [
        "Gconfig_AAQuality",
        "Gconfig_AAQuality_ps4",
        "Gconfig_AAQuality_xboxone",
        "Gconfig_DecalQuality",
        "Gconfig_DOFQuality",
        "Gconfig_DOFQuality_ps4",
        "Gconfig_DOFQuality_xboxone",
        "Gconfig_EffectQuality",
        "Gconfig_EffectQuality_ps4",
        "Gconfig_EffectQuality_xboxone",
        "Gconfig_LightingQuality",
        "Gconfig_LightingQuality_ps4",
        "Gconfig_LightingQuality_ps5",
        "Gconfig_LightingQuality_scarlett",
        "Gconfig_LightingQuality_xboxone",
        "Gconfig_MotionBlurQuality",
        "Gconfig_MotionBlurQuality_ps4",
        "Gconfig_MotionBlurQuality_xboxone",
        "Gconfig_RaytracingQuality",
        "Gconfig_RaytracingQuality_ps5",
        "Gconfig_RaytracingQuality_scarlett",
        "Gconfig_ReflectionQuality",
        "Gconfig_ReflectionQuality_ps4",
        "Gconfig_ReflectionQuality_xboxone",
        "Gconfig_ShaderQuality",
        "Gconfig_ShaderQuality_ps4",
        "Gconfig_ShaderQuality_xboxone",
        "Gconfig_ShadowQuality",
        "Gconfig_ShadowQuality_ps4",
        "Gconfig_ShadowQuality_xboxone",
        "Gconfig_SSAOQuality",
        "Gconfig_SSAOQuality_ps4",
        "Gconfig_SSAOQuality_xboxone",
        "Gconfig_TextureFilterQuality",
        "Gconfig_TextureFilterQuality_ps4",
        "Gconfig_TextureFilterQuality_xboxone",
        "Gconfig_VolumetricEffectQuality",
        "Gconfig_VolumetricEffectQuality_ps4",
        "Gconfig_VolumetricEffectQuality_xboxone",
        "Gconfig_WaterQuality",
        "GraphicsCommonParam",
        "GraphicsConfig",
        "LoadBalancerDrawDistScaleParam",
        "LoadBalancerDrawDistScaleParam_ps4",
        "LoadBalancerDrawDistScaleParam_ps5",
        "LoadBalancerDrawDistScaleParam_xb1",
        "LoadBalancerDrawDistScaleParam_xb1x",
        "LoadBalancerDrawDistScaleParam_xss",
        "LoadBalancerDrawDistScaleParam_xsx",
        "LoadBalancerNewDrawDistScaleParam_ps4",
        "LoadBalancerNewDrawDistScaleParam_ps5",
        "LoadBalancerNewDrawDistScaleParam_win64",
        "LoadBalancerNewDrawDistScaleParam_xb1",
        "LoadBalancerNewDrawDistScaleParam_xb1x",
        "LoadBalancerNewDrawDistScaleParam_xss",
        "LoadBalancerNewDrawDistScaleParam_xsx",
        "LoadBalancerParam"
      ]
    },
    {
      "DisplayName": "Sound",
      "Params": [
        "WwiseValueToStrParam_BgmBossChrIdConv",
        "WwiseValueToStrParam_EnvPlaceType",
        "WwiseValueToStrParam_Switch_AttackStrength",
        "WwiseValueToStrParam_Switch_AttackType",
        "WwiseValueToStrParam_Switch_DamageAmount",
        "WwiseValueToStrParam_Switch_DeffensiveMaterial",
        "WwiseValueToStrParam_Switch_GrassHitType",
        "WwiseValueToStrParam_Switch_HitStop",
        "WwiseValueToStrParam_Switch_OffensiveMaterial",
        "WwiseValueToStrParam_Switch_PlayerEquipmentBottoms",
        "WwiseValueToStrParam_Switch_PlayerEquipmentTops",
        "WwiseValueToStrParam_Switch_PlayerShoes",
        "WwiseValueToStrParam_Switch_PlayerVoiceType",
        "SoundAssetSoundObjEnableDistParam",
        "SoundAutoEnvSoundGroupParam",
        "SoundAutoReverbEvaluationDistParam",
        "SoundAutoReverbSelectParam",
        "SoundChrPhysicsSeParam",
        "SoundCommonIngameParam",
        "SoundCommonSystemParam",
        "SoundCutsceneParam",
        "AutoCreateEnvSoundParam",
        "AiSoundParam"
      ]
    }
  ]
}