{
    "List": [
        {
            "DisplayName": "ATK_SUB_CATEGORY",
            "Name": "ATK_SUB_CATEGORY",
            "Description": "These are categories used by SpEffects to filter when they are applied.",
            "Options": [
                { "ID": "0", "Name": "None", "Description": "" },
                { "ID": "1", "Name": "Full Moon Sorcery", "Description": "" },
                { "ID": "2", "Name": "Carian Sword Sorcery", "Description": "" },
                { "ID": "3", "Name": "Glintblade Sorcery", "Description": "" },
                { "ID": "4", "Name": "Stonedigger Sorcery", "Description": "" },
                { "ID": "5", "Name": "Crystalian Sorcery", "Description": "" },
                { "ID": "6", "Name": "Azur Academy Sorcery", "Description": "" },
                { "ID": "7", "Name": "Lusat Academy Sorcery", "Description": "" },
                { "ID": "8", "Name": "Magma Sorcery", "Description": "" },
                { "ID": "9", "Name": "Thorn Sorcery", "Description": "" },
                { "ID": "10", "Name": "Death Sorcery", "Description": "" },
                { "ID": "11", "Name": "Gravity Sorcery", "Description": "" },
                { "ID": "12", "Name": "Night Sorcery", "Description": "" },
                { "ID": "13", "Name": "Cold Sorcery", "Description": "" },
                { "ID": "14", "Name": "Azur Primeval Sorcery", "Description": "" },
                { "ID": "15", "Name": "Lusat Primeval Sorcery", "Description": "" },
                { "ID": "16", "Name": "Ymir Sorcery", "Description": "" },
                { "ID": "20", "Name": "Blackflame Incantation", "Description": "" },
                { "ID": "21", "Name": "Giantsflame Incantation", "Description": "" },
                { "ID": "22", "Name": "Dragon Cult Incantation", "Description": "" },
                { "ID": "23", "Name": "Bestial Incantation", "Description": "" },
                { "ID": "24", "Name": "Golden Order Incantation", "Description": "" },
                { "ID": "25", "Name": "Dragon Communion Incantation", "Description": "" },
                { "ID": "26", "Name": "Frenzied Flame Incantation", "Description": "" },
                { "ID": "27", "Name": "Godslayer Incantation", "Description": "" },
                { "ID": "28", "Name": "Aspect of the Crucible Incantation", "Description": "" },
                { "ID": "31", "Name": "Bear Incantation", "Description": "" },
                { "ID": "32", "Name": "Guardian Spirit Sorcery", "Description": "" },
                { "ID": "33", "Name": "Messmer Incantation", "Description": "" },
                { "ID": "34", "Name": "Miquella Incantation", "Description": "" },
                { "ID": "35", "Name": "Divine Bird Incantation", "Description": "" },
                { "ID": "36", "Name": "Inquisitor Sorcery", "Description": "" },
                { "ID": "100", "Name": "Charged Heavy Attack", "Description": "" },
                { "ID": "101", "Name": "Horseback Attack", "Description": "" },
                { "ID": "102", "Name": "Jump Attack", "Description": "" },
                { "ID": "103", "Name": "Guard Counter Attack", "Description": "" },
                { "ID": "104", "Name": "Final Chain Attack", "Description": "" },
                { "ID": "105", "Name": "Ammunition Attack", "Description": "" },
                { "ID": "106", "Name": "Roar Attack", "Description": "" },
                { "ID": "107", "Name": "Breath Attack", "Description": "" },
                { "ID": "108", "Name": "Thrown Pot Item Attack", "Description": "" },
                { "ID": "109", "Name": "Perfume Item Attack", "Description": "" },
                { "ID": "110", "Name": "Charged Spell Attack", "Description": "" },
                { "ID": "111", "Name": "Charged Skill Attack", "Description": "" },
                { "ID": "112", "Name": "Skill Attack", "Description": "" },
                { "ID": "113", "Name": "Ranged Skill Attack", "Description": "" },
                { "ID": "114", "Name": "Vapor Attack", "Description": "" },
                { "ID": "116", "Name": "Shriek of Milos", "Description": "" },
                { "ID": "117", "Name": "Wraith Attack", "Description": "" },
                { "ID": "118", "Name": "Ammunition On-Hit Attack", "Description": "" },
                { "ID": "119", "Name": "Thrown Item Attack", "Description": "" },
                { "ID": "120", "Name": "Two Handed Attack", "Description": "" },
                { "ID": "121", "Name": "Backstep / Rolling Attack", "Description": "" },
                { "ID": "122", "Name": "Dash Attack", "Description": "" },
                { "ID": "123", "Name": "Magma Attack", "Description": "" },
                { "ID": "124", "Name": "Storm Attack", "Description": "" },
                { "ID": "125", "Name": "Divine Beast Frost Stomp Attack", "Description": "" },
                { "ID": "127", "Name": "Stomp / Kick Attack", "Description": "" },
                { "ID": "128", "Name": "Unused Attack", "Description": "" },
                { "ID": "129", "Name": "Dance Attack", "Description": "" },
                { "ID": "130", "Name": "Messmer Skill Attack", "Description": "" },
                { "ID": "131", "Name": "Hefty Thrown Pot Item Attack", "Description": "" },
                { "ID": "132", "Name": "Blood Attack", "Description": "" },
                { "ID": "133", "Name": "Lightning Skill Attack", "Description": "" },
                { "ID": "134", "Name": "Redmane Attack", "Description": "" },
                { "ID": "135", "Name": "Igon's Harpoon Attack", "Description": "" }
            ]
        },
        {
            "DisplayName": "ATKPARAM_ATKATTR_TYPE",
            "Name": "ATKPARAM_ATKATTR_TYPE",
            "Description": "Determines the physical attack \"element\" of an attack.",
            "Options": [
                { "ID": "0", "Name": "Slash", "Description": "" },
                { "ID": "1", "Name": "Strike", "Description": "" },
                { "ID": "2", "Name": "Pierce", "Description": "" },
                { "ID": "3", "Name": "Standard", "Description": "" },
                { "ID": "252", "Name": "EquipParamWeapon atkAttribute2 reference", "Description": "" },
                { "ID": "253", "Name": "EquipParamWeapon atkAttribute reference", "Description": "" },
                { "ID": "254", "Name": "None", "Description": "" }

            ]
        },
        {
            "DisplayName": "ATKPARAM_SPATTR_TYPE",
            "Name": "ATKPARAM_SPATTR_TYPE",
            "Description": "Determines the non-physical attack \"element\" of an attack.",
            "Options": [
                { "ID": "0", "Name": "None", "Description": "" },
                { "ID": "10", "Name": "Magic", "Description": "" },
                { "ID": "11", "Name": "Fire", "Description": "" },
                { "ID": "12", "Name": "Lightning", "Description": "" },
                { "ID": "13", "Name": "Holy", "Description": "" },
                { "ID": "20", "Name": "Poison", "Description": "" },
                { "ID": "21", "Name": "Scarlet Rot", "Description": "" },
                { "ID": "22", "Name": "Bloodloss", "Description": "" },
                { "ID": "23", "Name": "Frostbite", "Description": "" },
                { "ID": "24", "Name": "Sleep", "Description": "" },
                { "ID": "25", "Name": "Madness", "Description": "" },
                { "ID": "26", "Name": "Blight", "Description": "" },
                { "ID": "254", "Name": "None", "Description": "" }
            ]
        },
        {
            "DisplayName": "ATKPARAM_DMGTYPE_NEW",
            "Name": "ATKPARAM_DMGTYPE_NEW",
            "Description": "These are categories used to determine the type of stagger the player or enemy takes. (AtkParam version)",
            "Options": [
                { "ID": "0", "Name": "No Stagger [0: NONE]", "Description": "" },
                { "ID": "1", "Name": "Short Stagger [1: SMALL]", "Description": "" },
                { "ID": "2", "Name": "Medium Stagger [2: MIDDLE]", "Description": "" },
                { "ID": "3", "Name": "Long Stagger [3: LARGE]", "Description": "" },
                { "ID": "4", "Name": "Big Launch Back [4: EXLARGE]", "Description": "" },
                { "ID": "5", "Name": "Push [5: PUSH]", "Description": "" },
                { "ID": "6", "Name": "Pancake [6: FLING]", "Description": "" },
                { "ID": "7", "Name": "Launch Back [7: SMALL_BLOW]", "Description": "" },
                { "ID": "8", "Name": "Minimum Stagger [8: MINIMUM]", "Description": "" },
                { "ID": "9", "Name": "Air Juggle [9: UPPER]", "Description": "" },
                { "ID": "10", "Name": "Huge Launch Back [10: EX_BLAST]", "Description": "" },
                { "ID": "11", "Name": "Flailing Arms [11: BREATH]", "Description": "" }
            ]
        },
        {
            "DisplayName": "SPEFFECT_DMGTYPE_NEW",
            "Name": "SPEFFECT_DMGTYPE_NEW",
            "Description": "These are categories used to determine the type of stagger the player or enemy takes. (SpEffect version)",
            "Options": [
                { "ID": "0", "Name": "Default", "Description": "" },
                { "ID": "1", "Name": "No Stagger [0: NONE]", "Description": "" },
                { "ID": "2", "Name": "Minimum Stagger [8: MINIMUM]", "Description": "" },
                { "ID": "3", "Name": "Short Stagger [1: SMALL]", "Description": "" },
                { "ID": "4", "Name": "Medium Stagger [2: MEDIUM]", "Description": "" },
                { "ID": "5", "Name": "Long Stagger [3: LARGE]", "Description": "" },
                { "ID": "6", "Name": "Launch Back [7: SMALL_BLOW]", "Description": "" },
                { "ID": "7", "Name": "Big Launch Back [4: EXLARGE]", "Description": "" },
                { "ID": "8", "Name": "Pancake [6: FLING]", "Description": "" },
                { "ID": "9", "Name": "Air Juggle [9: UPPER]", "Description": "" },
                { "ID": "10", "Name": "Push [5: PUSH]", "Description": "" },
                { "ID": "11", "Name": "Huge Launch Back [10: EX_BLAST]", "Description": "" },
                { "ID": "12", "Name": "Flailing Arms [11: BREATH]", "Description": "" }
            ]
        },
        {
            "DisplayName": "GOODS_USE_ANIM",
            "Name": "GOODS_USE_ANIM",
            "Description": "These are TAE motion types used to determine item use animations.",
            "Options": [
                { "ID": "0", "Name": "Consume Item", "Description": "" },
                { "ID": "1", "Name": "Weapon Grease", "Description": "" },
                { "ID": "2", "Name": "Throw Kukri", "Description": "" },
                { "ID": "3", "Name": "Throw Pot #1", "Description": "" },
                { "ID": "4", "Name": "Telescope", "Description": "" },
                { "ID": "5", "Name": "Soap", "Description": "" },
                { "ID": "6", "Name": "Memory of Grace", "Description": "" },
                { "ID": "7", "Name": "Drop Item", "Description": "" },
                { "ID": "8", "Name": "Finger", "Description": "" },
                { "ID": "9", "Name": "Crush Rune", "Description": "" },
                { "ID": "10", "Name": "Flask of Crimson Tears", "Description": "" },
                { "ID": "16", "Name": "Quick Weapon Grease", "Description": "" },
                { "ID": "17", "Name": "Throw Dart", "Description": "" },
                { "ID": "19", "Name": "Flask of Cerulean Tears", "Description": "" },
                { "ID": "20", "Name": "Throw Pot Backwards", "Description": "" },
                { "ID": "26", "Name": "Consume Flesh", "Description": "" },
                { "ID": "27", "Name": "Lantern", "Description": "" },
                { "ID": "28", "Name": "Flask of Wondrous Physick", "Description": "" },
                { "ID": "31", "Name": "Prattling Pate", "Description": "" },
                { "ID": "32", "Name": "Spectral Steed Whistle", "Description": "" },
                { "ID": "34", "Name": "Spirit Summon", "Description": "" },
                { "ID": "36", "Name": "Finger Remedy", "Description": "" },
                { "ID": "37", "Name": "Finger Severer", "Description": "" },
                { "ID": "38", "Name": "Taunter's Tongue", "Description": "" },
                { "ID": "39", "Name": "Lucent Baldachin's Blessing", "Description": "" },
                { "ID": "40", "Name": "Copher Ring", "Description": "" },
                { "ID": "41", "Name": "Effigy", "Description": "" },
                { "ID": "42", "Name": "Throw Pot #2", "Description": "" },
                { "ID": "43", "Name": "Miquella's Needle", "Description": "" },
                { "ID": "44", "Name": "Baldachin's Blessing", "Description": "" },
                { "ID": "50", "Name": "Shield Grease", "Description": "" },
                { "ID": "51", "Name": "Wraith Calling Bell", "Description": "" },
                { "ID": "52", "Name": "Mimic's Veil", "Description": "" },
                { "ID": "54", "Name": "Scriptstone", "Description": "" },
                { "ID": "55", "Name": "Ancestral Infant's Head", "Description": "" },
                { "ID": "56", "Name": "Raisin", "Description": "" },
                { "ID": "57", "Name": "Glintstone Scrap", "Description": "" },
                { "ID": "58", "Name": "Gravity Stone Chunk", "Description": "" },
                { "ID": "59", "Name": "Gravity Stone Fan", "Description": "" },
                { "ID": "60", "Name": "Miranda's Prayer", "Description": "" },
                { "ID": "61", "Name": "Bewitching Branch", "Description": "" },
                { "ID": "62", "Name": "Blasphemous Claw", "Description": "" },
                { "ID": "63", "Name": "Omen Bairn", "Description": "" },
                { "ID": "64", "Name": "Shackle", "Description": "" },
                { "ID": "65", "Name": "Rune Arc", "Description": "" },
                { "ID": "66", "Name": "Soft Cotton", "Description": "" },
                { "ID": "67", "Name": "Hefty Pot", "Description": "" },
                { "ID": "90", "Name": "Spark Aromatic", "Description": "" },
                { "ID": "91", "Name": "Uplifting Aromatic", "Description": "" },
                { "ID": "92", "Name": "Phnatom Great Rune", "Description": "" },
                { "ID": "93", "Name": "Bloodboil Aromatic", "Description": "" },
                { "ID": "94", "Name": "Spraymist", "Description": "" }
            ]
        },
        {
            "DisplayName": "MAGIC_MOTION_TYPE",
            "Name": "MAGIC_MOTION_TYPE",
            "Description": "These are TAE motion types used to determine spell casting animations.",
            "Options": [
                { "ID": "0", "Name": "Head Clutch", "Description": "" },
                { "ID": "1", "Name": "Raise Front, then Quick Cast", "Description": "" },
                { "ID": "2", "Name": "Raise Front, then Cast", "Description": "" },
                { "ID": "4", "Name": "Raise Side, then Cast", "Description": "" },
                { "ID": "5", "Name": "Magic Bow Cast", "Description": "" },
                { "ID": "6", "Name": "Float, then Curl Up", "Description": "" },
                { "ID": "7", "Name": "Spell Stream", "Description": "" },
                { "ID": "8", "Name": "Raise Up, then Cast", "Description": "" },
                { "ID": "9", "Name": "Raise Side and Quick Cast", "Description": "" },
                { "ID": "10", "Name": "Hold, then Thrust", "Description": "" },
                { "ID": "11", "Name": "Enchant - Weapon", "Description": "" },
                { "ID": "12", "Name": "Enchant - Shield", "Description": "" },
                { "ID": "13", "Name": "Enchant - Raise Weapon", "Description": "" },
                { "ID": "14", "Name": "Raise Arms and Slam", "Description": "" },
                { "ID": "15", "Name": "Slam, then Hold", "Description": "" },
                { "ID": "16", "Name": "Side Swish", "Description": "" },
                { "ID": "17", "Name": "Raise, Charge, then Grab", "Description": "" },
                { "ID": "19", "Name": "Hold Sidewards, then Release", "Description": "" },
                { "ID": "20", "Name": "Frontal Swish", "Description": "" },
                { "ID": "22", "Name": "Raise Arms, then Frontal Swing", "Description": "" },
                { "ID": "23", "Name": "Emit from Hand", "Description": "" },
                { "ID": "24", "Name": "Lift Pose, then Wide Slam", "Description": "" },
                { "ID": "25", "Name": "Hold, then Hand Flick", "Description": "" },
                { "ID": "26", "Name": "Raise Front, then Smooth Cast", "Description": "" },
                { "ID": "27", "Name": "Raise Above, then Fancy Slash", "Description": "" },
                { "ID": "28", "Name": "Cross Arms, then Explode", "Description": "" },
                { "ID": "29", "Name": "Cross Arms, then Float and Explode", "Description": "" },
                { "ID": "31", "Name": "Side Hold, then Slam into Chest", "Description": "" },
                { "ID": "32", "Name": "Quick Enchant", "Description": "" },
                { "ID": "33", "Name": "Hold Head", "Description": "" },
                { "ID": "34", "Name": "Kneel, Hold Head", "Description": "" },
                { "ID": "35", "Name": "Kneel, Hold Head, then Stand and Raise Hand", "Description": "" },
                { "ID": "36", "Name": "Swing Back, then Focused Slash", "Description": "" },
                { "ID": "37", "Name": "Swing Back and Hunch, then Heavy Slash", "Description": "" },
                { "ID": "38", "Name": "Frontal Low Slash", "Description": "" },
                { "ID": "40", "Name": "Hand to Ground, then Swipe Up", "Description": "" },
                { "ID": "41", "Name": "Swing Back High, then Erupt Ground", "Description": "" },
                { "ID": "42", "Name": "Focus Front, then Raise Hand Up", "Description": "" },
                { "ID": "44", "Name": "Swing Back, then Jump and Slash", "Description": "" },
                { "ID": "45", "Name": "Swing Back, then Jump and Slash (Lightning)", "Description": "" },
                { "ID": "48", "Name": "Raise Hands, then Lower and Emit", "Description": "" },
                { "ID": "49", "Name": "Golden Order Stance, Right Arm Out", "Description": "" },
                { "ID": "50", "Name": "Dragon Breath, Emit Forward", "Description": "" },
                { "ID": "51", "Name": "Dragon Breath, Emit Sweeping", "Description": "" },
                { "ID": "52", "Name": "Float, then Dragon Claw Slam", "Description": "" },
                { "ID": "54", "Name": "Float, then Dragon Slam", "Description": "" },
                { "ID": "55", "Name": "Dragon Roar", "Description": "" },
                { "ID": "56", "Name": "Hold, then Multiple Slams", "Description": "" },
                { "ID": "57", "Name": "Hold, Charge, then Stomp", "Description": "" },
                { "ID": "58", "Name": "Hold, then Body Emit", "Description": "" },
                { "ID": "59", "Name": "Stance, then Raise Hand (Lightning)", "Description": "" },
                { "ID": "60", "Name": "Raise Arms Crossed, then Step Release", "Description": "" },
                { "ID": "66", "Name": "Emit Frenzy from Eyes", "Description": "" },
                { "ID": "67", "Name": "Lesser Dragon Breath", "Description": "" },
                { "ID": "70", "Name": "Step Forward, then Spin Tail", "Description": "" },
                { "ID": "71", "Name": "Low Stance, then Quick Shield Bash", "Description": "" },
                { "ID": "74", "Name": "Low Hold, then Raise and Release", "Description": "" },
                { "ID": "75", "Name": "Side Hold, then Smooth Release", "Description": "" },
                { "ID": "76", "Name": "Swing Back, then Slow Forward Release", "Description": "" },
                { "ID": "78", "Name": "Swing Back, then Slam Hammer", "Description": "" },
                { "ID": "79", "Name": "Forward Hold, then Quick Cast", "Description": "" },
                { "ID": "80", "Name": "Side Hold, then Quick Slash", "Description": "" },
                { "ID": "81", "Name": "Raise Above, then Erupt Chest", "Description": "" },
                { "ID": "82", "Name": "Raise Above, then Front Slam", "Description": "" },
                { "ID": "83", "Name": "Raise Forward, then Back Swing", "Description": "" },
                { "ID": "84", "Name": "Carian Retaliation", "Description": "" },
                { "ID": "86", "Name": "Golden Order Stance: Balance Scales Motion", "Description": "" },
                { "ID": "87", "Name": "Raise Arms Crossed in Front, then Emit", "Description": "" },
                { "ID": "88", "Name": "Clutch Head, then Emit Frenzy", "Description": "" },
                { "ID": "89", "Name": "Clutch Head, then Explode Frenzy", "Description": "" },
                { "ID": "90", "Name": "Clutch Head, then Writhe", "Description": "" },
                { "ID": "91", "Name": "Wide Arms, then Crouch and Emit Upwards", "Description": "" },
                { "ID": "92", "Name": "Swing Back, then Hand Upwards", "Description": "" },
                { "ID": "93", "Name": "Stagger Hand Up, then Front Sweep", "Description": "" },
                { "ID": "94", "Name": "Claw Motions", "Description": "" },
                { "ID": "95", "Name": "Raise Hand, then Swish", "Description": "" },
                { "ID": "98", "Name": "Crouch, then Leap and Throw Dual Spears (Lightning)", "Description": "" },
                { "ID": "99", "Name": "Hand to Ground, then Swipe Up", "Description": "" },
                { "ID": "100", "Name": "Erupt from Chest, then Stride Forward", "Description": "" },
                { "ID": "102", "Name": "Hold Above, then Slam Down", "Description": "" },
                { "ID": "103", "Name": "Raise Hand, then Swish", "Description": "" },
                { "ID": "104", "Name": "Raise Above, then Lower and Burst", "Description": "" },
                { "ID": "105", "Name": "Hands Foward, then Explode", "Description": "" },
                { "ID": "106", "Name": "Hand to Head, then Flick Wrist", "Description": "" },
                { "ID": "107", "Name": "Raise Hand, then Wide Swish", "Description": "" },
                { "ID": "108", "Name": "Side Hold, Sweep Front", "Description": "" },
                { "ID": "109", "Name": "Side Hold, Sweep Above", "Description": "" },
                { "ID": "110", "Name": "Raise Hand, then Swish", "Description": "" },
                { "ID": "111", "Name": "Hand to Head, then Thrust Up", "Description": "" },
                { "ID": "112", "Name": "Enchnat - Weapon", "Description": "" },
                { "ID": "113", "Name": "Side Hold, Sweep Front", "Description": "" },
                { "ID": "114", "Name": "Hand to Head, then Hunch", "Description": "" },
                { "ID": "115", "Name": "Hold Above, then Slam", "Description": "" },
                { "ID": "116", "Name": "Sweep Back, then Spinning Slash", "Description": "" },
                { "ID": "117", "Name": "Side Hold, Cast Forward", "Description": "" },
                { "ID": "118", "Name": "Raise Hand, then Quick Swish", "Description": "" },
                { "ID": "119", "Name": "Swing Back, then Jump and Slam", "Description": "" },
                { "ID": "120", "Name": "Hold Above, then Slam", "Description": "" },
                { "ID": "121", "Name": "Hold Above, then Slam", "Description": "" },
                { "ID": "122", "Name": "Hunch, then Floating Leap and Slam", "Description": "" },
                { "ID": "123", "Name": "Magma Breath", "Description": "" },
                { "ID": "124", "Name": "Raise Hand, then Quick Swish", "Description": "" }
            ]
        },
        {
            "DisplayName": "SP_EFFECT_TYPE",
            "Name": "SP_EFFECT_TYPE",
            "Description": "These are state info IDs, which can trigger internal scripts, or are simply used as markers.",
            "Options": [
                { "ID": "0", "Name": "None", "Description": "" },
                { "ID": "2", "Name": "Poison", "Description": "" },
                { "ID": "3", "Name": "Unknown", "Description": "" },
                { "ID": "4", "Name": "Durability Damage", "Description": "" },
                { "ID": "5", "Name": "Scarlet Rot", "Description": "" },
                { "ID": "6", "Name": "Hemorrhage", "Description": "" },
                { "ID": "7", "Name": "Ghost", "Description": "" },
                { "ID": "8", "Name": "Enemy Sight Reduction", "Description": "" },
                { "ID": "9", "Name": "Tranquil Walk of Peace", "Description": "" },
                { "ID": "10", "Name": "Remove Poison", "Description": "" },
                { "ID": "11", "Name": "Remove Scarlet Rot", "Description": "" },
                { "ID": "12", "Name": "Remove Hemorrhage", "Description": "" },
                { "ID": "13", "Name": "Remove All Status", "Description": "" },
                { "ID": "14", "Name": "Humanity Stolen", "Description": "" },
                { "ID": "15", "Name": "Telescope", "Description": "" },
                { "ID": "16", "Name": "Warp to Grace", "Description": "" },
                { "ID": "17", "Name": "Revival", "Description": "" },
                { "ID": "19", "Name": "Dispel Black Phantom", "Description": "" },
                { "ID": "22", "Name": "Unknown", "Description": "" },
                { "ID": "23", "Name": "OnReviveMagic", "Description": "" },
                { "ID": "24", "Name": "Disables Spell Usage", "Description": "" },
                { "ID": "28", "Name": "Right-hand Buff VFX", "Description": "" },
                { "ID": "29", "Name": "Body Buff VFX", "Description": "" },
                { "ID": "31", "Name": "Ghost Parameter Change", "Description": "" },
                { "ID": "32", "Name": "Middle of Paralysis", "Description": "" },
                { "ID": "34", "Name": "Giant Slime Freezing", "Description": "" },
                { "ID": "35", "Name": "Unknown", "Description": "" },
                { "ID": "36", "Name": "Unknown", "Description": "" },
                { "ID": "37", "Name": "Unknown", "Description": "" },
                { "ID": "39", "Name": "Sound Feed", "Description": "" },
                { "ID": "40", "Name": "Greater Body Buff VFX", "Description": "" },
                { "ID": "41", "Name": "Flash Sweat", "Description": "" },
                { "ID": "42", "Name": "HP Recovery", "Description": "" },
                { "ID": "43", "Name": "Unknown", "Description": "" },
                { "ID": "44", "Name": "Unknown", "Description": "" },
                { "ID": "45", "Name": "Unknown", "Description": "" },
                { "ID": "46", "Name": "Modify Target Priority", "Description": "" },
                { "ID": "47", "Name": "Disable Fall Damage", "Description": "" },
                { "ID": "48", "Name": "Increase Damage", "Description": "" },
                { "ID": "49", "Name": "Increase Defense", "Description": "" },
                { "ID": "50", "Name": "HP/FP/Stamina Recovery", "Description": "" },
                { "ID": "52", "Name": "Pledge Effect Test", "Description": "" },
                { "ID": "54", "Name": "Modify Enemy Listen Reduction", "Description": "" },
                { "ID": "55", "Name": "HostDeath", "Description": "" },
                { "ID": "58", "Name": "Point Light Source Equipped", "Description": "" },
                { "ID": "59", "Name": "Your Message Was Rated", "Description": "" },
                { "ID": "60", "Name": "Magic Buff VFX", "Description": "" },
                { "ID": "61", "Name": "Magic Weapon Buff VFX", "Description": "" },
                { "ID": "62", "Name": "Fire Weapon Buff VFX", "Description": "" },
                { "ID": "64", "Name": "Enchanted Weapon Buff VFX", "Description": "" },
                { "ID": "65", "Name": "Unknown", "Description": "" },
                { "ID": "66", "Name": "Modify Item Discovery", "Description": "" },
                { "ID": "69", "Name": "Tears of Denial VFX", "Description": "" },
                { "ID": "70", "Name": "Is Dead Test Condition", "Description": "" },
                { "ID": "71", "Name": "Spell Power Boost", "Description": "" },
                { "ID": "75", "Name": "Green Blossom VFX", "Description": "" },
                { "ID": "76", "Name": "Modify Rune Gain", "Description": "" },
                { "ID": "78", "Name": "Unknown", "Description": "" },
                { "ID": "79", "Name": "Unknown", "Description": "" },
                { "ID": "91", "Name": "Unknown", "Description": "" },
                { "ID": "95", "Name": "Applies Chamelon effect", "Description": "" },
                { "ID": "96", "Name": "Applies Dragon Form effect", "Description": "" },
                { "ID": "98", "Name": "MP Detection", "Description": "" },
                { "ID": "99", "Name": "MP Wait for Cooperation", "Description": "" },
                { "ID": "100", "Name": "MP Cooperation", "Description": "" },
                { "ID": "101", "Name": "MP Cooperation Sent", "Description": "" },
                { "ID": "102", "Name": "Wax Slow Down", "Description": "" },
                { "ID": "103", "Name": "Used for Evil Eye effect", "Description": "" },
                { "ID": "104", "Name": "MP Wait for Cooperation", "Description": "" },
                { "ID": "105", "Name": "MP Cooperation LV 1", "Description": "" },
                { "ID": "106", "Name": "MP Cooperation LV 2", "Description": "" },
                { "ID": "107", "Name": "MP Cooperation LV 3", "Description": "" },
                { "ID": "108", "Name": "Used for Evil Eye effect (1)", "Description": "" },
                { "ID": "109", "Name": "Used for Evil Eye effect (2)", "Description": "" },
                { "ID": "110", "Name": "Counter Damage", "Description": "" },
                { "ID": "112", "Name": "1409F7282_HKS", "Description": "" },
                { "ID": "113", "Name": "Unknown", "Description": "" },
                { "ID": "114", "Name": "Unknown", "Description": "" },
                { "ID": "115", "Name": "Backstep Animation Change", "Description": "" },
                { "ID": "116", "Name": "Blight", "Description": "" },
                { "ID": "117", "Name": "Instant Death animation", "Description": "" },
                { "ID": "118", "Name": "Cure Blight", "Description": "" },
                { "ID": "119", "Name": "Unknown", "Description": "" },
                { "ID": "120", "Name": "Damage Level Change before Poise Break", "Description": "" },
                { "ID": "121", "Name": "Damage Level Change", "Description": "" },
                { "ID": "122", "Name": "Unknown", "Description": "" },
                { "ID": "123", "Name": "Trigger on Roll (Head)", "Description": "" },
                { "ID": "124", "Name": "Trigger on Roll (Body)", "Description": "" },
                { "ID": "125", "Name": "Trigger on Roll (Hands)", "Description": "" },
                { "ID": "126", "Name": "Trigger on Roll (Legs)", "Description": "" },
                { "ID": "127", "Name": "Mimic Sleep", "Description": "" },
                { "ID": "128", "Name": "Mimic Sleep", "Description": "" },
                { "ID": "130", "Name": "Mimic Sleep", "Description": "" },
                { "ID": "131", "Name": "Mimic Sleep", "Description": "" },
                { "ID": "132", "Name": "Change Team Type", "Description": "" },
                { "ID": "133", "Name": "Enable Developer Messages", "Description": "" },
                { "ID": "134", "Name": "Iron Flesh", "Description": "" },
                { "ID": "135", "Name": "Mimic Sleep", "Description": "" },
                { "ID": "136", "Name": "Blight", "Description": "" },
                { "ID": "137", "Name": "ResonanceLvl 0", "Description": "" },
                { "ID": "138", "Name": "ResonanceLvl 1", "Description": "" },
                { "ID": "139", "Name": "ResonanceLvl 2", "Description": "" },
                { "ID": "140", "Name": "ResonanceLvl 3", "Description": "" },
                { "ID": "141", "Name": "ResonanceLvl 4", "Description": "" },
                { "ID": "142", "Name": "NPC Behavior ID Change", "Description": "" },
                { "ID": "143", "Name": "Character Respawn", "Description": "" },
                { "ID": "144", "Name": "Unknown", "Description": "" },
                { "ID": "146", "Name": "Restore Durability", "Description": "" },
                { "ID": "147", "Name": "Cast Light", "Description": "" },
                { "ID": "148", "Name": "Unknown", "Description": "" },
                { "ID": "149", "Name": "White Relief Magic", "Description": "" },
                { "ID": "150", "Name": "Black Relief Magic", "Description": "" },
                { "ID": "151", "Name": "Lightning Weapon Buff VFX", "Description": "" },
                { "ID": "152", "Name": "Enable Attack Effect against Enemy", "Description": "" },
                { "ID": "153", "Name": "Enable Attack Effect against Player", "Description": "" },
                { "ID": "154", "Name": "Block Estus usage", "Description": "" },
                { "ID": "155", "Name": "Modify Poise", "Description": "" },
                { "ID": "156", "Name": "Disable Durability", "Description": "" },
                { "ID": "157", "Name": "Transient Curse", "Description": "" },
                { "ID": "158", "Name": "Left-hand Buff VFX", "Description": "" },
                { "ID": "159", "Name": "Destroy Accessory but Save Runes", "Description": "" },
                { "ID": "160", "Name": "Rare Ring of Sacrifice [DS1]", "Description": "" },
                { "ID": "161", "Name": "Warp to Grace B", "Description": "" },
                { "ID": "162", "Name": "Warp to Grace C", "Description": "" },
                { "ID": "163", "Name": "Warp to Grace D", "Description": "" },
                { "ID": "164", "Name": "Warp to Grace E", "Description": "" },
                { "ID": "165", "Name": "Warp to Grace A", "Description": "" },
                { "ID": "166", "Name": "Pledge Discarded", "Description": "" },
                { "ID": "167", "Name": "Full Body Transform VFX", "Description": "" },
                { "ID": "168", "Name": "Bow Distance Change", "Description": "" },
                { "ID": "169", "Name": "Unknown", "Description": "" },
                { "ID": "170", "Name": "Karmic Justice Counter", "Description": "" },
                { "ID": "171", "Name": "Used for Behavior Change", "Description": "" },
                { "ID": "173", "Name": "Ritual", "Description": "" },
                { "ID": "174", "Name": "Power of Evil Spirits", "Description": "" },
                { "ID": "175", "Name": "Revival Production", "Description": "" },
                { "ID": "176", "Name": "Aural Decoy", "Description": "" },
                { "ID": "177", "Name": "Soul Coin (Beastly)", "Description": "" },
                { "ID": "179", "Name": "Death effect Lv1", "Description": "" },
                { "ID": "180", "Name": "Death effect Lv2", "Description": "" },
                { "ID": "181", "Name": "Death effect Lv3", "Description": "" },
                { "ID": "182", "Name": "Death effect Lv4", "Description": "" },
                { "ID": "183", "Name": "BlueSignVisualization", "Description": "" },
                { "ID": "184", "Name": "Hide Weapon", "Description": "" },
                { "ID": "185", "Name": "Unknown", "Description": "" },
                { "ID": "186", "Name": "Unknown", "Description": "" },
                { "ID": "188", "Name": "Unknown", "Description": "" },
                { "ID": "189", "Name": "Unknown", "Description": "" },
                { "ID": "190", "Name": "Unknown", "Description": "" },
                { "ID": "191", "Name": "Unknown", "Description": "" },
                { "ID": "192", "Name": "Unknown", "Description": "" },
                { "ID": "193", "Name": "Modify Effect Duration", "Description": "" },
                { "ID": "194", "Name": "Increase number of magic uses", "Description": "" },
                { "ID": "195", "Name": "Unknown", "Description": "" },
                { "ID": "196", "Name": "IfWorldChrManNull", "Description": "" },
                { "ID": "197", "Name": "Enhance Thrusting Counter Attacks", "Description": "" },
                { "ID": "198", "Name": "Cure Blight", "Description": "" },
                { "ID": "199", "Name": "Apply Kill Effect", "Description": "" },
                { "ID": "200", "Name": "Power Within VFX", "Description": "" },
                { "ID": "201", "Name": "VowOfSilenceVisual", "Description": "" },
                { "ID": "202", "Name": "Dragon Roar", "Description": "" },
                { "ID": "203", "Name": "Decrease number of times magic is used", "Description": "" },
                { "ID": "204", "Name": "Strengthen Guard [Large]", "Description": "" },
                { "ID": "205", "Name": "Holy Weapon Buff VFX", "Description": "" },
                { "ID": "206", "Name": "Unknown", "Description": "" },
                { "ID": "207", "Name": "Jailer HP Drain", "Description": "" },
                { "ID": "213", "Name": "Trigger on Enemy Backstab", "Description": "" },
                { "ID": "221", "Name": "Unknown", "Description": "" },
                { "ID": "222", "Name": "ItemBan", "Description": "" },
                { "ID": "223", "Name": "Unknown", "Description": "" },
                { "ID": "224", "Name": "Unknown", "Description": "" },
                { "ID": "232", "Name": "No use of prohibited items in arena", "Description": "" },
                { "ID": "237", "Name": "Calamity Ring", "Description": "" },
                { "ID": "252", "Name": "Oil", "Description": "" },
                { "ID": "253", "Name": "Fire", "Description": "" },
                { "ID": "258", "Name": "Unknown", "Description": "" },
                { "ID": "259", "Name": "Unknown", "Description": "" },
                { "ID": "260", "Name": "Frostbite", "Description": "" },
                { "ID": "261", "Name": "Remove Effect If Torch In Hand", "Description": "" },
                { "ID": "262", "Name": "WormRecovery(Torch)", "Description": "" },
                { "ID": "264", "Name": "SetCultBool", "Description": "" },
                { "ID": "266", "Name": "FallDeathIsDisabled", "Description": "" },
                { "ID": "267", "Name": "AI Eye Angle", "Description": "" },
                { "ID": "269", "Name": "Unknown", "Description": "" },
                { "ID": "270", "Name": "Follow and warp to player (Spirit Summon)", "Description": "" },
                { "ID": "271", "Name": "Unknown", "Description": "" },
                { "ID": "272", "Name": "Unknown", "Description": "" },
                { "ID": "275", "Name": "Player Behavior ID Change", "Description": "" },
                { "ID": "276", "Name": "Cure Frostbite", "Description": "" },
                { "ID": "277", "Name": "Trigger Great Rune", "Description": "" },
                { "ID": "278", "Name": "DisableSpellEffect", "Description": "" },
                { "ID": "280", "Name": "WatchdogTriggerForHost", "Description": "" },
                { "ID": "281", "Name": "WetSystemTrigger", "Description": "" },
                { "ID": "282", "Name": "NPC Correction for Coop", "Description": "" },
                { "ID": "283", "Name": "Tears of Denial Trigger", "Description": "" },
                { "ID": "284", "Name": "Heal Spell", "Description": "" },
                { "ID": "285", "Name": "Unknown", "Description": "" },
                { "ID": "286", "Name": "Weak Movement Slow", "Description": "" },
                { "ID": "287", "Name": "Strong Movement Slow", "Description": "" },
                { "ID": "288", "Name": "Trigger on Critical Hit (HP)", "Description": "" },
                { "ID": "289", "Name": "Trigger on Critical Hit (FP)", "Description": "" },
                { "ID": "290", "Name": "Extend Roll Invincibility", "Description": "" },
                { "ID": "291", "Name": "Grants roll invisibility", "Description": "" },
                { "ID": "292", "Name": "Repair1", "Description": "" },
                { "ID": "293", "Name": "Change Durability", "Description": "" },
                { "ID": "294", "Name": "Unknown", "Description": "" },
                { "ID": "295", "Name": "Unknown", "Description": "" },
                { "ID": "296", "Name": "Unknown", "Description": "" },
                { "ID": "297", "Name": "Not in Multiplayer Session", "Description": "" },
                { "ID": "298", "Name": "Trigger on Player Backstab", "Description": "" },
                { "ID": "299", "Name": "Enemies attack Invaders", "Description": "" },
                { "ID": "300", "Name": "Enemies attack Invaders", "Description": "" },
                { "ID": "301", "Name": "Law of Regression", "Description": "" },
                { "ID": "302", "Name": "Warp to Grace", "Description": "" },
                { "ID": "303", "Name": "Accumulator 1", "Description": "" },
                { "ID": "304", "Name": "Accumulator 2", "Description": "" },
                { "ID": "305", "Name": "Accumulator 3", "Description": "" },
                { "ID": "306", "Name": "Accumulator 4", "Description": "" },
                { "ID": "307", "Name": "Accumulator 5", "Description": "" },
                { "ID": "308", "Name": "Accumulator 6", "Description": "" },
                { "ID": "309", "Name": "Accumulator 7", "Description": "" },
                { "ID": "310", "Name": "Accumulator 8", "Description": "" },
                { "ID": "311", "Name": "Accumulator 9", "Description": "" },
                { "ID": "312", "Name": "Unknown", "Description": "" },
                { "ID": "313", "Name": "Seek Guidance", "Description": "" },
                { "ID": "314", "Name": "All Active Accumulators", "Description": "" },
                { "ID": "315", "Name": "Scale Attack Power with Equip Load", "Description": "" },
                { "ID": "316", "Name": "CalcCorrectGraph_33", "Description": "" },
                { "ID": "317", "Name": "Revoke Online Penalty", "Description": "" },
                { "ID": "318", "Name": "Dead Again", "Description": "" },
                { "ID": "319", "Name": "Unknown", "Description": "" },
                { "ID": "320", "Name": "Unknown", "Description": "" },
                { "ID": "321", "Name": "Reverse Hollowing", "Description": "" },
                { "ID": "322", "Name": "ChrAsmStyle_HKS_LEFTHAND", "Description": "" },
                { "ID": "323", "Name": "ChrAsmStyle_HKS_RIGHTHAND", "Description": "" },
                { "ID": "324", "Name": "Unknown", "Description": "" },
                { "ID": "325", "Name": "Wet Aspect Param", "Description": "" },
                { "ID": "326", "Name": "Switch Animation Gender", "Description": "" },
                { "ID": "327", "Name": "Ember", "Description": "" },
                { "ID": "328", "Name": "Change Durability", "Description": "" },
                { "ID": "329", "Name": "GetEstusCharge", "Description": "" },
                { "ID": "330", "Name": "Online Check Reset Event Flag 2100", "Description": "" },
                { "ID": "331", "Name": "AiParam1", "Description": "" },
                { "ID": "332", "Name": "AiParam_effect16189", "Description": "" },
                { "ID": "333", "Name": "Spell Enhance (+6 to ID)", "Description": "" },
                { "ID": "334", "Name": "Bullet Behavior ID Change", "Description": "" },
                { "ID": "335", "Name": "Trigger during Critical Hit", "Description": "" },
                { "ID": "336", "Name": "Summon Torrent", "Description": "" },
                { "ID": "337", "Name": "Unknown", "Description": "" },
                { "ID": "338", "Name": "Unknown", "Description": "" },
                { "ID": "339", "Name": "Reload", "Description": "" },
                { "ID": "342", "Name": "Unknown", "Description": "" },
                { "ID": "343", "Name": "Unknown", "Description": "" },
                { "ID": "344", "Name": "Unknown", "Description": "" },
                { "ID": "345", "Name": "Unknown", "Description": "" },
                { "ID": "346", "Name": "Unknown", "Description": "" },
                { "ID": "347", "Name": "Unknown", "Description": "" },
                { "ID": "348", "Name": "Unknown", "Description": "" },
                { "ID": "349", "Name": "Unknown", "Description": "" },
                { "ID": "350", "Name": "Unknown", "Description": "" },
                { "ID": "351", "Name": "Unknown", "Description": "" },
                { "ID": "352", "Name": "Unknown", "Description": "" },
                { "ID": "353", "Name": "Unknown", "Description": "" },
                { "ID": "354", "Name": "Unknown", "Description": "" },
                { "ID": "355", "Name": "Unknown", "Description": "" },
                { "ID": "356", "Name": "Unknown", "Description": "" },
                { "ID": "357", "Name": "Trigger Spirit Summon", "Description": "" },
                { "ID": "358", "Name": "Unknown", "Description": "" },
                { "ID": "359", "Name": "Unknown", "Description": "" },
                { "ID": "360", "Name": "Unknown", "Description": "" },
                { "ID": "361", "Name": "Unknown", "Description": "" },
                { "ID": "362", "Name": "Unknown", "Description": "" },
                { "ID": "363", "Name": "Unknown", "Description": "" },
                { "ID": "364", "Name": "Unknown", "Description": "" },
                { "ID": "365", "Name": "Unknown", "Description": "" },
                { "ID": "366", "Name": "Unknown", "Description": "" },
                { "ID": "367", "Name": "Enhance Critical Attacks", "Description": "" },
                { "ID": "368", "Name": "Unknown", "Description": "" },
                { "ID": "369", "Name": "Unknown", "Description": "" },
                { "ID": "370", "Name": "Unknown", "Description": "" },
                { "ID": "371", "Name": "Unknown", "Description": "" },
                { "ID": "372", "Name": "Unknown", "Description": "" },
                { "ID": "373", "Name": "Unknown", "Description": "" },
                { "ID": "375", "Name": "Unknown", "Description": "" },
                { "ID": "376", "Name": "Unknown", "Description": "" },
                { "ID": "377", "Name": "Unknown", "Description": "" },
                { "ID": "378", "Name": "Unknown", "Description": "" },
                { "ID": "379", "Name": "Trigger in Presence of Blood Loss", "Description": "" },
                { "ID": "380", "Name": "Trigger in Presence of Rot", "Description": "" },
                { "ID": "381", "Name": "Unknown", "Description": "" },
                { "ID": "382", "Name": "Unknown", "Description": "" },
                { "ID": "383", "Name": "Straggler - Stop Act", "Description": "" },
                { "ID": "384", "Name": "Determination Buff", "Description": "" },
                { "ID": "385", "Name": "Determination Buff", "Description": "" },
                { "ID": "387", "Name": "Unknown", "Description": "" },
                { "ID": "388", "Name": "Unknown", "Description": "" },
                { "ID": "389", "Name": "Unknown", "Description": "" },
                { "ID": "390", "Name": "Pacify Wild Animals", "Description": "" },
                { "ID": "391", "Name": "Unknown", "Description": "" },
                { "ID": "392", "Name": "Unknown", "Description": "" },
                { "ID": "393", "Name": "Unknown", "Description": "" },
                { "ID": "394", "Name": "Crystal Dart Confusion for Enemy", "Description": "" },
                { "ID": "395", "Name": "Unknown - Swarm Pot?", "Description": "" },
                { "ID": "396", "Name": "Unknown", "Description": "" },
                { "ID": "397", "Name": "Unknown", "Description": "" },
                { "ID": "398", "Name": "Pull towards Caster", "Description": "" },
                { "ID": "399", "Name": "Unknown", "Description": "" },
                { "ID": "402", "Name": "Unknown", "Description": "" },
                { "ID": "403", "Name": "Unknown", "Description": "" },
                { "ID": "404", "Name": "Unknown", "Description": "" },
                { "ID": "405", "Name": "Reveal Phantom Signs", "Description": "" },
                { "ID": "406", "Name": "Request Friendly Phantom", "Description": "" },
                { "ID": "407", "Name": "Answer Phantom Request", "Description": "" },
                { "ID": "408", "Name": "Encourage Invasion", "Description": "" },
                { "ID": "409", "Name": "Send Summon Sign to Pool", "Description": "" },
                { "ID": "410", "Name": "Send Invasion Sign to Pool", "Description": "" },
                { "ID": "411", "Name": "Activate Spirit Summon", "Description": "" },
                { "ID": "412", "Name": "Unknown", "Description": "" },
                { "ID": "413", "Name": "Unknown", "Description": "" },
                { "ID": "414", "Name": "Unknown", "Description": "" },
                { "ID": "415", "Name": "Unknown", "Description": "" },
                { "ID": "416", "Name": "Unknown", "Description": "" },
                { "ID": "417", "Name": "Unknown", "Description": "" },
                { "ID": "418", "Name": "Unknown", "Description": "" },
                { "ID": "419", "Name": "Unknown - Enemy Bullet?", "Description": "" },
                { "ID": "420", "Name": "Trigger Fall Immunity (Spiritspring)", "Description": "" },
                { "ID": "421", "Name": "Unknown", "Description": "" },
                { "ID": "422", "Name": "Unknown", "Description": "" },
                { "ID": "423", "Name": "Unknown", "Description": "" },
                { "ID": "424", "Name": "Unknown", "Description": "" },
                { "ID": "425", "Name": "Unknown", "Description": "" },
                { "ID": "426", "Name": "Unknown", "Description": "" },
                { "ID": "427", "Name": "Unknown", "Description": "" },
                { "ID": "428", "Name": "Unknown", "Description": "" },
                { "ID": "429", "Name": "Unknown", "Description": "" },
                { "ID": "430", "Name": "Unknown", "Description": "" },
                { "ID": "431", "Name": "Unknown", "Description": "" },
                { "ID": "432", "Name": "Spirit Summon - Phantom Color Change?", "Description": "" },
                { "ID": "433", "Name": "Forced Torrent Dismount", "Description": "" },
                { "ID": "435", "Name": "Unknown", "Description": "" },
                { "ID": "436", "Name": "Sleep", "Description": "" },
                { "ID": "437", "Name": "Madness", "Description": "" },
                { "ID": "438", "Name": "Cure Sleep", "Description": "" },
                { "ID": "439", "Name": "Cure Madness", "Description": "" },
                { "ID": "440", "Name": "Purifying Crystal Tear - Purify Mohg's Nihil", "Description": "" },
                { "ID": "441", "Name": "Mohg's Great Rune", "Description": "" },
                { "ID": "442", "Name": "Unknown", "Description": "" },
                { "ID": "443", "Name": "Triggers Shockwave", "Description": "" },
                { "ID": "445", "Name": "Unknown", "Description": "" },
                { "ID": "446", "Name": "Unknown", "Description": "" },
                { "ID": "447", "Name": "Phantom Great Rune", "Description": "" },
                { "ID": "448", "Name": "Heal Invader when Blessed Enemy Kills Player", "Description": "" },
                { "ID": "449", "Name": "Malenia's Great Rune", "Description": "" },
                { "ID": "450", "Name": "Reduce Headshot Impact", "Description": "" },
                { "ID": "452", "Name": "Is Damaged by Healing Incantations", "Description": "" },
                { "ID": "453", "Name": "Fade after Death - Normal", "Description": "" },
                { "ID": "454", "Name": "Fade after Death - Blue", "Description": "" },
                { "ID": "455", "Name": "Fade after Death - Boss", "Description": "" },
                { "ID": "456", "Name": "Unknown", "Description": "" },
                { "ID": "457", "Name": "Unknown", "Description": "" },
                { "ID": "458", "Name": "Attempt Invasion", "Description": "" },
                { "ID": "459", "Name": "Unknown", "Description": "" },
                { "ID": "460", "Name": "Unknown", "Description": "" },
                { "ID": "461", "Name": "Unknown", "Description": "" },
                { "ID": "462", "Name": "Unknown", "Description": "" },
                { "ID": "463", "Name": "Unknown", "Description": "" },
                { "ID": "464", "Name": "Trigger Fall Immunity (Spiritspring)", "Description": "" },
                { "ID": "465", "Name": "Unknown", "Description": "" },
                { "ID": "466", "Name": "Trigger on Crouch", "Description": "" },
                { "ID": "467", "Name": "Hemorrhage Behavior", "Description": "" },
                { "ID": "468", "Name": "Unknown", "Description": "" },
                { "ID": "469", "Name": "Unknown", "Description": "" },
                { "ID": "470", "Name": "Unknown", "Description": "" },
                { "ID": "471", "Name": "Unknown - Hefty Furance Pot", "Description": "" },
                { "ID": "472", "Name": "Scadutree Fragment", "Description": "" },
                { "ID": "473", "Name": "Unknown - Spirit Raisin/Fine Crucible Feather Talisman", "Description": "" },
                { "ID": "474", "Name": "Unknown - Man-Fly Effect", "Description": "" },
                
                { "ID": "475", "Name": "Apply Spirit Summon Death Effect", "Description": "" },
                
                { "ID": "476", "Name": "Enhance Spirit Summon Attack", "Description": "" },
                { "ID": "477", "Name": "Transformation - Prevent Rock Heart", "Description": "" },
                { "ID": "478", "Name": "Transformation - Prevent Priestess Heart", "Description": "" },
                { "ID": "479", "Name": "Transformation - Prevent Lamenter's Mask", "Description": "" },
                { "ID": "480", "Name": "Unknown", "Description": "" },
                { "ID": "483", "Name": "Trigger after Successful Critical Attack", "Description": "" },
                { "ID": "484", "Name": "Unknown", "Description": "" },
                { "ID": "485", "Name": "Unknown", "Description": "" },
                { "ID": "486", "Name": "Unknown - Hefty Fire Pot", "Description": "" },
                { "ID": "487", "Name": "Unknown", "Description": "" },
                { "ID": "488", "Name": "Unknown", "Description": "" },
                { "ID": "489", "Name": "Unknown", "Description": "" },
                { "ID": "490", "Name": "Unknown", "Description": "" },
                { "ID": "491", "Name": "Unknown", "Description": "" },
                { "ID": "492", "Name": "Unknown", "Description": "" },
                
                { "ID": "495", "Name": "Unknown", "Description": "" },
                { "ID": "496", "Name": "Trigger after Flask Consumption", "Description": "" },
                
                { "ID": "498", "Name": "Unknown", "Description": "" },
                { "ID": "499", "Name": "Remove Stamina Consumption", "Description": "" },
                
                { "ID": "500", "Name": "Convert Elemental Damage into HP", "Description": "" },
                { "ID": "502", "Name": "Trigger after holding Stance #1", "Description": "" },
                { "ID": "503", "Name": "Trigger after holding Stance #2", "Description": "" },
                { "ID": "504", "Name": "Trigger after holding Stance #3", "Description": "" },
                { "ID": "505", "Name": "Reduce FP Cost of Spirit Summons", "Description": "" },
                { "ID": "506", "Name": "Euporia Weapon Effect", "Description": "" },
                { "ID": "507", "Name": "Unknown", "Description": "" },
                { "ID": "508", "Name": "Ancient Dragon-form - Unknown", "Description": "" },
                { "ID": "509", "Name": "Unknown", "Description": "" },
                { "ID": "510", "Name": "Unknown", "Description": "" },
                { "ID": "511", "Name": "Unknown", "Description": "" },
                
                { "ID": "512", "Name": "Unknown", "Description": "" },
                
                { "ID": "1000", "Name": "SkipSpCategoryCheck1", "Description": "" },
                { "ID": "1001", "Name": "SkipSpCategoryCheck2", "Description": "" },
                
                { "ID": "59999", "Name": "Unknown", "Description": "" }
            ]
        },
        {
            "DisplayName": "WEPMOTION_CATEGORY",
            "Name": "WEPMOTION_CATEGORY",
            "Description": "These are TAE motion types used to determine weapon base animations.",
            "Options": [
                { "ID": "0", "Name": "None", "Description": "" },
                { "ID": "20", "Name": "Dagger", "Description": "" },
                { "ID": "21", "Name": "Torch", "Description": "" },
                { "ID": "22", "Name": "Claw", "Description": "" },
                { "ID": "23", "Name": "Straight Sword", "Description": "" },
                { "ID": "24", "Name": "Twinblade", "Description": "" },
                { "ID": "25", "Name": "Greatsword", "Description": "" },
                { "ID": "26", "Name": "Colossal Sword", "Description": "" },
                { "ID": "27", "Name": "Thrusting Sword", "Description": "" },
                { "ID": "28", "Name": "Curved Sword", "Description": "" },
                { "ID": "29", "Name": "Katana", "Description": "" },
                { "ID": "30", "Name": "Axe", "Description": "" },
                { "ID": "31", "Name": "Colossal Weapon", "Description": "" },
                { "ID": "32", "Name": "Greataxe", "Description": "" },
                { "ID": "33", "Name": "Hammer", "Description": "" },
                { "ID": "34", "Name": "Flail", "Description": "" },
                { "ID": "35", "Name": "Great Hammer", "Description": "" },
                { "ID": "36", "Name": "Spear", "Description": "" },
                { "ID": "37", "Name": "Great Spear", "Description": "" },
                { "ID": "38", "Name": "Halberd", "Description": "" },
                { "ID": "39", "Name": "Heavy Thrusting Sword", "Description": "" },
                { "ID": "40", "Name": "Curved Greatsword", "Description": "" },
                { "ID": "41", "Name": "Catalyst", "Description": "" },
                { "ID": "42", "Name": "Fist", "Description": "" },
                { "ID": "43", "Name": "Whip", "Description": "" },
                { "ID": "44", "Name": "Bow", "Description": "" },
                { "ID": "45", "Name": "Greatbow", "Description": "" },
                { "ID": "46", "Name": "Crossbow", "Description": "" },
                { "ID": "47", "Name": "Greatshield", "Description": "" },
                { "ID": "48", "Name": "Small Shield", "Description": "" },
                { "ID": "49", "Name": "Medium Shield", "Description": "" },
                { "ID": "50", "Name": "Scythe", "Description": "" },
                { "ID": "51", "Name": "Light Bow", "Description": "" },
                { "ID": "52", "Name": "Ballista", "Description": "" },
                { "ID": "53", "Name": "Throwing Blade", "Description": "" },
                { "ID": "55", "Name": "Hand-to-Hand", "Description": "" },
                { "ID": "56", "Name": "Perfume Bottle", "Description": "" },
                { "ID": "57", "Name": "Thrusting Shield", "Description": "" },
                { "ID": "58", "Name": "Reverse-hand Sword", "Description": "" },
                { "ID": "60", "Name": "Light Greatsword", "Description": "" },
                { "ID": "61", "Name": "Great Katana", "Description": "" },
                { "ID": "62", "Name": "Beast Claw", "Description": "" }
            ]
        },
        {
            "DisplayName": "WEPMOTION_OVERRIDE_CATEGORY",
            "Name": "WEPMOTION_OVERRIDE_CATEGORY",
            "Description": "These are TAE motion types used to determine weapon override animations.",
            "Options": [
                { "ID": "0", "Name": "None", "Description": "" },
                { "ID": "100", "Name": "Great Knife/Ivory Sickle/Celebrant's Sickle", "Description": "" },
                { "ID": "101", "Name": "Misericorde/Scorpion's Stinger/Glintstone Kris", "Description": "" },
                { "ID": "103", "Name": "Erdsteel Dagger/Blade of Calling/Black Knife", "Description": "" },
                { "ID": "104", "Name": "Wakizashi", "Description": "" },
                { "ID": "110", "Name": "Broadsword/Cane Sword", "Description": "" },
                { "ID": "111", "Name": "Short Sword", "Description": "" },
                { "ID": "112", "Name": "Miquellan Knight's Sword", "Description": "" },
                { "ID": "113", "Name": "Carian Knight's Sword/Lazuli Glintstone Sword", "Description": "" },
                { "ID": "117", "Name": "Warhawk's Talon", "Description": "" },
                { "ID": "120", "Name": "Eleonora's Poleblade", "Description": "" },
                { "ID": "121", "Name": "Godskin Peeler", "Description": "" },
                { "ID": "125", "Name": "Claymore", "Description": "" },
                { "ID": "126", "Name": "Flamberge", "Description": "" },
                { "ID": "127", "Name": "Sword of Milos/Death's Poker", "Description": "" },
                { "ID": "128", "Name": "Knight's Greatsword/Banished Knight's Greatsword/Inseparable Sword", "Description": "" },
                { "ID": "129", "Name": "Dark Moon Greatsword", "Description": "" },
                { "ID": "130", "Name": "Marais Executioner's Sword", "Description": "" },
                { "ID": "135", "Name": "Zweihander/Troll Knight's Sword", "Description": "" },
                { "ID": "136", "Name": "Greatsword", "Description": "" },
                { "ID": "138", "Name": "Ruins Greatsword", "Description": "" },
                { "ID": "137", "Name": "Godslayer's Greatsword", "Description": "" },
                { "ID": "145", "Name": "Estoc/Noble's Estoc", "Description": "" },
                { "ID": "146", "Name": "Rogier's Rapier", "Description": "" },
                { "ID": "147", "Name": "Frozen Needle", "Description": "" },
                { "ID": "150", "Name": "Godskin Stitcher", "Description": "" },
                { "ID": "151", "Name": "Great Epee", "Description": "" },
                { "ID": "155", "Name": "Shotel/Eclipse Shotel /Nox Flowing Sword", "Description": "" },
                { "ID": "156", "Name": "Scimitar/Shamshir", "Description": "" },
                { "ID": "157", "Name": "Flowing Curved Sword", "Description": "" },
                { "ID": "158", "Name": "Mantis Blade", "Description": "" },
                { "ID": "159", "Name": "Wing of Astel", "Description": "" },
                { "ID": "161", "Name": "Beastman's Curved Sword", "Description": "" },
                { "ID": "165", "Name": "Serpentbone Blade", "Description": "" },
                { "ID": "166", "Name": "Meteoric Ore Blade", "Description": "" },
                { "ID": "167", "Name": "Nagakiba", "Description": "" },
                { "ID": "170", "Name": "Hand Axe/Icerind Hatchet/Forked Hatchet", "Description": "" },
                { "ID": "171", "Name": "Warped Axe/Ripple Blade", "Description": "" },
                { "ID": "172", "Name": "Iron Cleaver/Celebrant's Cleaver", "Description": "" },
                { "ID": "175", "Name": "Butchering Knife", "Description": "" },
                { "ID": "176", "Name": "Pickaxe", "Description": "" },
                { "ID": "177", "Name": "Axe of Godrick/Crescent Moon Axe", "Description": "" },
                { "ID": "180", "Name": "Club/Stone Club", "Description": "" },
                { "ID": "181", "Name": "Spiked Club", "Description": "" },
                { "ID": "182", "Name": "Morning Star/Scepter of the All-Knowing", "Description": "" },
                { "ID": "183", "Name": "Mace", "Description": "" },
                { "ID": "184", "Name": "Monk's Flamemace", "Description": "" },
                { "ID": "196", "Name": "Prelate's Inferno Crozier", "Description": "" },
                { "ID": "195", "Name": "Great Club", "Description": "" },
                { "ID": "197", "Name": "Giant-Crusher", "Description": "" },
                { "ID": "198", "Name": "Golem's Halberd", "Description": "" },
                { "ID": "200", "Name": "Partisan/Spiked Spear/Death Ritual Spear", "Description": "" },
                { "ID": "201", "Name": "Pike", "Description": "" },
                { "ID": "202", "Name": "Cross-Naginata", "Description": "" },
                { "ID": "203", "Name": "Short Spear/Cleanrot Spear", "Description": "" },
                { "ID": "205", "Name": "Vyke's War Spear/Siluria's Tree", "Description": "" },
                { "ID": "206", "Name": "Treespear", "Description": "" },
                { "ID": "207", "Name": "Serpent-Hunter", "Description": "" },
                { "ID": "210", "Name": "Halberd/Commander's Standard/Banished Knight's Halberd/Dragon Halberd", "Description": "" },
                { "ID": "211", "Name": "Lucerne/Golden Halberd/Nightrider Glaive", "Description": "" },
                { "ID": "212", "Name": "Guardian's Swordspear/Loretta's War Sickle", "Description": "" },
                { "ID": "215", "Name": "Zamor Curved Sword", "Description": "" },
                { "ID": "216", "Name": "Omen Cleaver/Magma Wyrm's Scalesword", "Description": "" },
                { "ID": "225", "Name": "Scythe", "Description": "" },
                { "ID": "220", "Name": "Katar/Veteran's Prosthesis", "Description": "" },
                { "ID": "221", "Name": "Caestus", "Description": "" },
                { "ID": "226", "Name": "Urumi", "Description": "" },
                { "ID": "227", "Name": "Raptor Talons", "Description": "" },
                { "ID": "230", "Name": "Albinauric Bow", "Description": "" },
                { "ID": "232", "Name": "Harp Bow", "Description": "" },
                { "ID": "233", "Name": "Pulley Crossbow", "Description": "" },
                { "ID": "236", "Name": "Full Moon Crossbow", "Description": "" },
                { "ID": "240", "Name": "Seal", "Description": "" },
                { "ID": "241", "Name": "Sword Lance", "Description": "" },
                { "ID": "246", "Name": "Dane's Footwork", "Description": "" },
                { "ID": "247", "Name": "Smithscript Spear", "Description": "" },
                { "ID": "248", "Name": "Smithscript Axe", "Description": "" },
                { "ID": "249", "Name": "Rellana's Twin Blades", "Description": "" },
                { "ID": "250", "Name": "Smithscript Greathammer", "Description": "" },
                { "ID": "251", "Name": "Smithscript Cirque", "Description": "" },
                { "ID": "252", "Name": "Swift Spear", "Description": "" },
                { "ID": "253", "Name": "Black Steel Greathammer", "Description": "" },
                { "ID": "254", "Name": "Claws of Night", "Description": "" },
                { "ID": "255", "Name": "Falx / Horned Warrior's Sword", "Description": "" },
                { "ID": "257", "Name": "Dancing Blade of Ranah", "Description": "" },
                { "ID": "258", "Name": "Death Knight's Twin Axes", "Description": "" },
                { "ID": "259", "Name": "Golem Fist", "Description": "" },
                { "ID": "261", "Name": "Rabbath's Cannon", "Description": "" },
                { "ID": "262", "Name": "Main-gauche", "Description": "" },
                { "ID": "263", "Name": "Fire Knight's Greatsword", "Description": "" },
                { "ID": "264", "Name": "Lizard Greatsword", "Description": "" },
                { "ID": "265", "Name": "Curseblade's Cirque", "Description": "" },
                { "ID": "266", "Name": "Spear of the Impaler", "Description": "" },
                { "ID": "267", "Name": "Bloodfiend's Arm", "Description": "" },
                { "ID": "268", "Name": "Putrescence Cleaver", "Description": "" },
                { "ID": "288", "Name": "Nanaya's Torch", "Description": "" },
                { "ID": "289", "Name": "Lamenting Visage", "Description": "" },
                { "ID": "290", "Name": "Staff of the Great Beyond", "Description": "" },
                { "ID": "291", "Name": "Ghostflame Torch", "Description": "" },
                { "ID": "292", "Name": "St. Trina's Torch", "Description": "" },
                { "ID": "293", "Name": "Carian Sorcery Sword", "Description": "" },
                { "ID": "522", "Name": "Unarmed", "Description": "" },
                { "ID": "831", "Name": "Axe of Godfrey", "Description": "" },
                { "ID": "832", "Name": "Starscourge Greatsword", "Description": "" },
                { "ID": "839", "Name": "Ghiza's Wheel", "Description": "" },
                { "ID": "852", "Name": "Ornamental Straight Sword", "Description": "" }
            ]
        },
        {
            "DisplayName": "WORLD_MAP_ICON_ID",
            "Name": "WORLD_MAP_ICON_ID",
            "Description": "These are IDs for the world map icons.",
            "Options": [
                { "ID": "0", "Name": "None", "Description": "" },
                { "ID": "1", "Name": "Grace", "Description": "" },
                { "ID": "2", "Name": "Blocked Grace", "Description": "" },
                { "ID": "3", "Name": "Collapsed Church", "Description": "" },
                { "ID": "4", "Name": "Catacombs Entrance", "Description": "" },
                { "ID": "5", "Name": "Pillar Ruins", "Description": "" },
                { "ID": "6", "Name": "Wooden Shack", "Description": "" },
                { "ID": "7", "Name": "Distant Village", "Description": "" },
                { "ID": "8", "Name": "Collapsed Tower", "Description": "" },
                { "ID": "9", "Name": "Evergaol", "Description": "" },
                { "ID": "10", "Name": "Gatehouse", "Description": "" },
                { "ID": "11", "Name": "Bridge of Sacrifice", "Description": "" },
                { "ID": "13", "Name": "Cave", "Description": "" },
                { "ID": "14", "Name": "Tunnel", "Description": "" },
                { "ID": "15", "Name": "River Well", "Description": "" },
                { "ID": "16", "Name": "Hero's Grave", "Description": "" },
                { "ID": "17", "Name": "Mage's Rise", "Description": "" },
                { "ID": "18", "Name": "Fort", "Description": "" },
                { "ID": "19", "Name": "Windmill", "Description": "" },
                { "ID": "20", "Name": "Cathedral of Manus Celes", "Description": "" },
                { "ID": "21", "Name": "Grand Lift", "Description": "" },
                { "ID": "22", "Name": "Encampment", "Description": "" },
                { "ID": "23", "Name": "Divine Tower", "Description": "" },
                { "ID": "24", "Name": "Colosseum", "Description": "" },
                { "ID": "25", "Name": "Castle Morne", "Description": "" },
                { "ID": "26", "Name": "Caria Manor", "Description": "" },
                { "ID": "27", "Name": "Shaded Castle", "Description": "" },
                { "ID": "28", "Name": "Redmane Castle", "Description": "" },
                { "ID": "29", "Name": "Castle Sol", "Description": "" },
                { "ID": "30", "Name": "Minor Erdtree", "Description": "" },
                { "ID": "32", "Name": "Academy Gate Town", "Description": "" },
                { "ID": "33", "Name": "Sellia Town of Sorcery", "Description": "" },
                { "ID": "34", "Name": "Ordina Liturgical Town", "Description": "" },
                { "ID": "35", "Name": "Frenzied Village", "Description": "" },
                { "ID": "36", "Name": "Windmill Village", "Description": "" },
                { "ID": "37", "Name": "Ailing Village", "Description": "" },
                { "ID": "38", "Name": "Jarburg", "Description": "" },
                { "ID": "39", "Name": "Village of the Albinaurics", "Description": "" },
                { "ID": "40", "Name": "Hermit Village", "Description": "" },
                { "ID": "45", "Name": "Mohgwyn Dynasty Mausoleum", "Description": "" },
                { "ID": "46", "Name": "Eternal City", "Description": "" },
                { "ID": "47", "Name": "Hallowed Grounds", "Description": "" },
                { "ID": "50", "Name": "Stormveil Castle", "Description": "" },
                { "ID": "51", "Name": "Academy of Raya Lucaria", "Description": "" },
                { "ID": "52", "Name": "The Four Belfries", "Description": "" },
                { "ID": "53", "Name": "Ruin-Strewn Precipice", "Description": "" },
                { "ID": "54", "Name": "Bestial Sanctum", "Description": "" },
                { "ID": "55", "Name": "Miquella's Haligtree", "Description": "" },
                { "ID": "56", "Name": "Elphael, Brace of the Haligtree", "Description": "" },
                { "ID": "57", "Name": "Forge of the Giants", "Description": "" },
                { "ID": "58", "Name": "Volcano Manor", "Description": "" },
                { "ID": "59", "Name": "Crumbling Farum Azula", "Description": "" },
                { "ID": "60", "Name": "Leyndell, Royal Capital", "Description": "" },
                { "ID": "61", "Name": "Subterranean Shunning-Grounds", "Description": "" },
                { "ID": "62", "Name": "Leyndell, Ashen Capital", "Description": "" },
                { "ID": "65", "Name": "Chapel of Anticipation", "Description": "" },
                { "ID": "66", "Name": "Carian Study Hall", "Description": "" },
                { "ID": "70", "Name": "White Circle with Figure Within", "Description": "" },
                { "ID": "80", "Name": "NPC Marker", "Description": "" },
                { "ID": "83", "Name": "Grace Guidance", "Description": "" },
                { "ID": "84", "Name": "Starlight Guidance", "Description": "" },
                { "ID": "85", "Name": "Catacomb Guidance", "Description": "" },
                { "ID": "86", "Name": "NPC Marker (White Fog behind)", "Description": "" },
                { "ID": "87", "Name": "Red Invasion Marker", "Description": "" },
                { "ID": "88", "Name": "Red Invasion Marker (faded)", "Description": "" },
                { "ID": "89", "Name": "Catacomb", "Description": "" },
                { "ID": "90", "Name": "Catacomb", "Description": "" }
            ]
        },
        {
            "DisplayName": "GEM_WEP_ATTR",
            "Name": "GEM_WEP_ATTR",
            "Description": "Affinity IDs for Gems (Ashes of War).",
            "Options": [
                { "ID": "0", "Name": "Standard", "Description": ""},
                { "ID": "1", "Name": "Heavy", "Description": ""},
                { "ID": "2", "Name": "Keen", "Description": ""},
                { "ID": "3", "Name": "Quality", "Description": ""},
                { "ID": "4", "Name": "Fire", "Description": ""},
                { "ID": "5", "Name": "Flame Art", "Description": ""},
                { "ID": "6", "Name": "Lightning", "Description": ""},
                { "ID": "7", "Name": "Sacred", "Description": ""},
                { "ID": "8", "Name": "Magic", "Description": ""},
                { "ID": "9", "Name": "Cold", "Description": ""},
                { "ID": "10", "Name": "Poison", "Description": ""},
                { "ID": "11", "Name": "Blood", "Description": ""},
                { "ID": "12", "Name": "Occult", "Description": ""},
                { "ID": "13", "Name": "Unused", "Description": ""},
                { "ID": "14", "Name": "Unused", "Description": ""},
                { "ID": "15", "Name": "Unused", "Description": ""},
                { "ID": "16", "Name": "Unused", "Description": ""},
                { "ID": "17", "Name": "Unused", "Description": ""},
                { "ID": "18", "Name": "Unused", "Description": ""},
                { "ID": "19", "Name": "Unused", "Description": ""},
                { "ID": "20", "Name": "Unused", "Description": ""},
                { "ID": "21", "Name": "Unused", "Description": ""},
                { "ID": "22", "Name": "Unused", "Description": ""},
                { "ID": "23", "Name": "Unused", "Description": ""}
            ]
        }
    ]
}