{
    "exeName": "eldenring.exe",
    "list": [
        {
            "exeVersion": "2.2.3.0",
            
            "paramBaseAob": "0x48,0x8B,0x0D,0x??,0x??,0x??,0x??,0x48,0x85,0xC9,0x0F,0x84,0x??,0x??,0x??,0x??,0x45,0x33,0xC0,0xBA,0x90",
            "paramBaseAobRelativeOffset": "0x03/0x07",
            "paramBase": "0x3CF8BC8",
            "paramInnerPath": "0x80/0x80",
            "paramCountOffset": "0xA",
            "paramDataOffset": "0x40",
            "rowPointerOffset": "0x8",
            "rowHeaderSize": "0x18",
            
            "paramOffsets": [
                "EquipParamWeapon:0x88",
                "EquipParamProtector:0xD0",
                "EquipParamAccessory:0x118",
                "EquipParamGoods:0x160",
                "ReinforceParamWeapon:0x1A8",
                "ReinforceParamProtector:0x1F0",
                "NpcParam:0x238",
                "AtkParam_Npc:0x280",
                "AtkParam_Pc:0x2C8",
                "NpcThinkParam:0x310",
                "Bullet:0x358",
                "BulletCreateLimitParam:0x3A0",
                "BehaviorParam:0x3E8",
                "BehaviorParam_PC:0x430",
                "Magic:0x478",
                "SpEffectParam:0x4C0",
                "SpEffectVfxParam:0x508",
                "SpEffectSetParam:0x550",
                "TalkParam:0x598",
                "MenuColorTableParam:0x5E0",
                "ItemLotParam_enemy:0x628",
                "ItemLotParam_map:0x670",
                "MoveParam:0x6B8",
                "CharaInitParam:0x700",
                "EquipMtrlSetParam:0x748",
                "FaceParam:0x790",
                "FaceRangeParam:0x7D8",
                "ShopLineupParam:0x820",
                "ShopLineupParam_Recipe:0x868",
                "GameAreaParam:0x8B0",
                "CalcCorrectGraph:0x8F8",
                "LockCamParam:0x940",
                "ObjActParam:0x988",
                "HitMtrlParam:0x9D0",
                "KnockBackParam:0xA18",
                "DecalParam:0xA60",
                "ActionButtonParam:0xAA8",
                "AiSoundParam:0xAF0",
                "PlayRegionParam:0xB38",
                "NetworkAreaParam:0xB80",
                "NetworkParam:0xBC8",
                "NetworkMsgParam:0xC10",
                "BudgetParam:0xC58",
                "BonfireWarpParam:0xCA0",
                "BonfireWarpTabParam:0xCE8",
                "BonfireWarpSubCategoryParam:0xD30",
                "MenuPropertySpecParam:0xD78",
                "MenuPropertyLayoutParam:0xDC0",
                "MenuValueTableParam:0xE08",
                "Ceremony:0xE50",
                "PhantomParam:0xE98",
                "CharMakeMenuTopParam:0xEE0",
                "CharMakeMenuListItemParam:0xF28",
                "HitEffectSfxConceptParam:0xF70",
                "HitEffectSfxParam:0xFB8",
                "WepAbsorpPosParam:0x1000",
                "ToughnessParam:0x1048",
                "SeMaterialConvertParam:0x1090",
                "ThrowDirectionSfxParam:0x10D8",
                "DirectionCameraParam:0x1120",
                "RoleParam:0x1168",
                "WaypointParam:0x11B0",
                "ThrowParam:0x11F8",
                "GrassTypeParam:0x1240",
                "GrassTypeParam_Lv1:0x1288",
                "GrassTypeParam_Lv2:0x12D0",
                "GrassLodRangeParam:0x1318",
                "NpcAiActionParam:0x1360",
                "PartsDrawParam:0x13A8",
                "AssetEnvironmentGeometryParam:0x13F0",
                "AssetModelSfxParam:0x1438",
                "AssetMaterialSfxParam:0x1480",
                "AttackElementCorrectParam:0x14C8",
                "FootSfxParam:0x1510",
                "MaterialExParam:0x1558",
                "HPEstusFlaskRecoveryParam:0x15A0",
                "MPEstusFlaskRecoveryParam:0x15E8",
                "MultiPlayCorrectionParam:0x1630",
                "MenuOffscrRendParam:0x1678",
                "ClearCountCorrectParam:0x16C0",
                "MapMimicryEstablishmentParam:0x1708",
                "WetAspectParam:0x1750",
                "SwordArtsParam:0x1798",
                "KnowledgeLoadScreenItemParam:0x17E0",
                "MultiHPEstusFlaskBonusParam:0x1828",
                "MultiMPEstusFlaskBonusParam:0x1870",
                "MultiSoulBonusRateParam:0x18B8",
                "WorldMapPointParam:0x1900",
                "WorldMapPieceParam:0x1948",
                "WorldMapLegacyConvParam:0x1990",
                "WorldMapPlaceNameParam:0x19D8",
                "ChrModelParam:0x1A20",
                "LoadBalancerParam:0x1A68",
                "LoadBalancerDrawDistScaleParam:0x1AB0",
                "LoadBalancerDrawDistScaleParam_ps4:0x1AF8",
                "LoadBalancerDrawDistScaleParam_ps5:0x1B40",
                "LoadBalancerDrawDistScaleParam_xb1:0x1B88",
                "LoadBalancerDrawDistScaleParam_xb1x:0x1BD0",
                "LoadBalancerDrawDistScaleParam_xss:0x1C18",
                "LoadBalancerDrawDistScaleParam_xsx:0x1C60",
                "LoadBalancerNewDrawDistScaleParam_win64:0x1CA8",
                "LoadBalancerNewDrawDistScaleParam_ps4:0x1CF0",
                "LoadBalancerNewDrawDistScaleParam_ps5:0x1D38",
                "LoadBalancerNewDrawDistScaleParam_xb1:0x1D80",
                "LoadBalancerNewDrawDistScaleParam_xb1x:0x1DC8",
                "LoadBalancerNewDrawDistScaleParam_xss:0x1E10",
                "LoadBalancerNewDrawDistScaleParam_xsx:0x1E58",
                "WwiseValueToStrParam_Switch_AttackType:0x1EA0",
                "WwiseValueToStrParam_Switch_DamageAmount:0x1EE8",
                "WwiseValueToStrParam_Switch_DeffensiveMaterial:0x1F30",
                "WwiseValueToStrParam_Switch_HitStop:0x1F78",
                "WwiseValueToStrParam_Switch_OffensiveMaterial:0x1FC0",
                "WwiseValueToStrParam_Switch_GrassHitType:0x2008",
                "WwiseValueToStrParam_Switch_PlayerShoes:0x2050",
                "WwiseValueToStrParam_Switch_PlayerEquipmentTops:0x2098",
                "WwiseValueToStrParam_Switch_PlayerEquipmentBottoms:0x20E0",
                "WwiseValueToStrParam_Switch_PlayerVoiceType:0x2128",
                "WwiseValueToStrParam_Switch_AttackStrength:0x2170",
                "WwiseValueToStrParam_EnvPlaceType:0x21B8",
                "WeatherParam:0x2200",
                "WeatherLotParam:0x2248",
                "WeatherAssetCreateParam:0x2290",
                "WeatherAssetReplaceParam:0x22D8",
                "SpeedtreeParam:0x2320",
                "RideParam:0x2368",
                "SeActivationRangeParam:0x23B0",
                "RollingObjLotParam:0x23F8",
                "NpcAiBehaviorProbability:0x2440",
                "BuddyParam:0x2488",
                "GparamRefSettings:0x24D0",
                "RandomAppearParam:0x2518",
                "MapGridCreateHeightLimitInfoParam:0x2560",
                "EnvObjLotParam:0x25A8",
                "MapDefaultInfoParam:0x25F0",
                "BuddyStoneParam:0x2638",
                "LegacyDistantViewPartsReplaceParam:0x2680",
                "SoundCommonIngameParam:0x26C8",
                "SoundAutoEnvSoundGroupParam:0x2710",
                "SoundAutoReverbEvaluationDistParam:0x2758",
                "SoundAutoReverbSelectParam:0x27A0",
                "EnemyCommonParam:0x27E8",
                "GameSystemCommonParam:0x2830",
                "GraphicsCommonParam:0x2878",
                "MenuCommonParam:0x28C0",
                "PlayerCommonParam:0x2908",
                "CutsceneGparamWeatherParam:0x2950",
                "CutsceneGparamTimeParam:0x2998",
                "CutsceneTimezoneConvertParam:0x29E0",
                "CutsceneWeatherOverrideGparamConvertParam:0x2A28",
                "SoundCutsceneParam:0x2A70",
                "ChrActivateConditionParam:0x2AB8",
                "CutsceneMapIdParam:0x2B00",
                "CutSceneTextureLoadParam:0x2B48",
                "GestureParam:0x2B90",
                "EquipParamGem:0x2BD8",
                "EquipParamCustomWeapon:0x2C20",
                "GraphicsConfig:0x2C68",
                "SoundChrPhysicsSeParam:0x2CB0",
                "FeTextEffectParam:0x2CF8",
                "CoolTimeParam:0x2D40",
                "WhiteSignCoolTimeParam:0x2D88",
                "MapPieceTexParam:0x2DD0",
                "MapNameTexParam:0x2E18",
                "WeatherLotTexParam:0x2E60",
                "KeyAssignParam_TypeA:0x2EA8",
                "KeyAssignParam_TypeB:0x2EF0",
                "KeyAssignParam_TypeC:0x2F38",
                "MapGdRegionInfoParam:0x2F80",
                "MapGdRegionDrawParam:0x2FC8",
                "KeyAssignMenuItemParam:0x3010",
                "SoundAssetSoundObjEnableDistParam:0x3058",
                "SignPuddleParam:0x30A0",
                "AutoCreateEnvSoundParam:0x30E8",
                "WwiseValueToStrParam_BgmBossChrIdConv:0x3130",
                "ResistCorrectParam:0x3178",
                "PostureControlParam_WepRight:0x31C0",
                "PostureControlParam_WepLeft:0x3208",
                "PostureControlParam_Gender:0x3250",
                "PostureControlParam_Pro:0x3298",
                "RuntimeBoneControlParam:0x32E0",
                "TutorialParam:0x3328",
                "BaseChrSelectMenuParam:0x3370",
                "MimicryEstablishmentTexParam:0x33B8",
                "SfxBlockResShareParam:0x3400",
                "FinalDamageRateParam:0x3448",
                "HitEffectSeParam:0x3490"
            ],
            
            "itemGibOffsets": [
            ]
        },
        {
            "exeVersion": "2.2.0.0",
            
            "paramBaseAob": "0x48,0x8B,0x0D,0x??,0x??,0x??,0x??,0x48,0x85,0xC9,0x0F,0x84,0x??,0x??,0x??,0x??,0x45,0x33,0xC0,0xBA,0x90",
            "paramBaseAobRelativeOffset": "0x03/0x07",
            "paramBase": "0x3CF8BC8",
            "paramInnerPath": "0x80/0x80",
            "paramCountOffset": "0xA",
            "paramDataOffset": "0x40",
            "rowPointerOffset": "0x8",
            "rowHeaderSize": "0x18",
            
            "paramOffsets": [
                "EquipParamWeapon:0x88",
                "EquipParamProtector:0xD0",
                "EquipParamAccessory:0x118",
                "EquipParamGoods:0x160",
                "ReinforceParamWeapon:0x1A8",
                "ReinforceParamProtector:0x1F0",
                "NpcParam:0x238",
                "AtkParam_Npc:0x280",
                "AtkParam_Pc:0x2C8",
                "NpcThinkParam:0x310",
                "Bullet:0x358",
                "BulletCreateLimitParam:0x3A0",
                "BehaviorParam:0x3E8",
                "BehaviorParam_PC:0x430",
                "Magic:0x478",
                "SpEffectParam:0x4C0",
                "SpEffectVfxParam:0x508",
                "SpEffectSetParam:0x550",
                "TalkParam:0x598",
                "MenuColorTableParam:0x5E0",
                "ItemLotParam_enemy:0x628",
                "ItemLotParam_map:0x670",
                "MoveParam:0x6B8",
                "CharaInitParam:0x700",
                "EquipMtrlSetParam:0x748",
                "FaceParam:0x790",
                "FaceRangeParam:0x7D8",
                "ShopLineupParam:0x820",
                "ShopLineupParam_Recipe:0x868",
                "GameAreaParam:0x8B0",
                "CalcCorrectGraph:0x8F8",
                "LockCamParam:0x940",
                "ObjActParam:0x988",
                "HitMtrlParam:0x9D0",
                "KnockBackParam:0xA18",
                "DecalParam:0xA60",
                "ActionButtonParam:0xAA8",
                "AiSoundParam:0xAF0",
                "PlayRegionParam:0xB38",
                "NetworkAreaParam:0xB80",
                "NetworkParam:0xBC8",
                "NetworkMsgParam:0xC10",
                "BudgetParam:0xC58",
                "BonfireWarpParam:0xCA0",
                "BonfireWarpTabParam:0xCE8",
                "BonfireWarpSubCategoryParam:0xD30",
                "MenuPropertySpecParam:0xD78",
                "MenuPropertyLayoutParam:0xDC0",
                "MenuValueTableParam:0xE08",
                "Ceremony:0xE50",
                "PhantomParam:0xE98",
                "CharMakeMenuTopParam:0xEE0",
                "CharMakeMenuListItemParam:0xF28",
                "HitEffectSfxConceptParam:0xF70",
                "HitEffectSfxParam:0xFB8",
                "WepAbsorpPosParam:0x1000",
                "ToughnessParam:0x1048",
                "SeMaterialConvertParam:0x1090",
                "ThrowDirectionSfxParam:0x10D8",
                "DirectionCameraParam:0x1120",
                "RoleParam:0x1168",
                "WaypointParam:0x11B0",
                "ThrowParam:0x11F8",
                "GrassTypeParam:0x1240",
                "GrassTypeParam_Lv1:0x1288",
                "GrassTypeParam_Lv2:0x12D0",
                "GrassLodRangeParam:0x1318",
                "NpcAiActionParam:0x1360",
                "PartsDrawParam:0x13A8",
                "AssetEnvironmentGeometryParam:0x13F0",
                "AssetModelSfxParam:0x1438",
                "AssetMaterialSfxParam:0x1480",
                "AttackElementCorrectParam:0x14C8",
                "FootSfxParam:0x1510",
                "MaterialExParam:0x1558",
                "HPEstusFlaskRecoveryParam:0x15A0",
                "MPEstusFlaskRecoveryParam:0x15E8",
                "MultiPlayCorrectionParam:0x1630",
                "MenuOffscrRendParam:0x1678",
                "ClearCountCorrectParam:0x16C0",
                "MapMimicryEstablishmentParam:0x1708",
                "WetAspectParam:0x1750",
                "SwordArtsParam:0x1798",
                "KnowledgeLoadScreenItemParam:0x17E0",
                "MultiHPEstusFlaskBonusParam:0x1828",
                "MultiMPEstusFlaskBonusParam:0x1870",
                "MultiSoulBonusRateParam:0x18B8",
                "WorldMapPointParam:0x1900",
                "WorldMapPieceParam:0x1948",
                "WorldMapLegacyConvParam:0x1990",
                "WorldMapPlaceNameParam:0x19D8",
                "ChrModelParam:0x1A20",
                "LoadBalancerParam:0x1A68",
                "LoadBalancerDrawDistScaleParam:0x1AB0",
                "LoadBalancerDrawDistScaleParam_ps4:0x1AF8",
                "LoadBalancerDrawDistScaleParam_ps5:0x1B40",
                "LoadBalancerDrawDistScaleParam_xb1:0x1B88",
                "LoadBalancerDrawDistScaleParam_xb1x:0x1BD0",
                "LoadBalancerDrawDistScaleParam_xss:0x1C18",
                "LoadBalancerDrawDistScaleParam_xsx:0x1C60",
                "LoadBalancerNewDrawDistScaleParam_win64:0x1CA8",
                "LoadBalancerNewDrawDistScaleParam_ps4:0x1CF0",
                "LoadBalancerNewDrawDistScaleParam_ps5:0x1D38",
                "LoadBalancerNewDrawDistScaleParam_xb1:0x1D80",
                "LoadBalancerNewDrawDistScaleParam_xb1x:0x1DC8",
                "LoadBalancerNewDrawDistScaleParam_xss:0x1E10",
                "LoadBalancerNewDrawDistScaleParam_xsx:0x1E58",
                "WwiseValueToStrParam_Switch_AttackType:0x1EA0",
                "WwiseValueToStrParam_Switch_DamageAmount:0x1EE8",
                "WwiseValueToStrParam_Switch_DeffensiveMaterial:0x1F30",
                "WwiseValueToStrParam_Switch_HitStop:0x1F78",
                "WwiseValueToStrParam_Switch_OffensiveMaterial:0x1FC0",
                "WwiseValueToStrParam_Switch_GrassHitType:0x2008",
                "WwiseValueToStrParam_Switch_PlayerShoes:0x2050",
                "WwiseValueToStrParam_Switch_PlayerEquipmentTops:0x2098",
                "WwiseValueToStrParam_Switch_PlayerEquipmentBottoms:0x20E0",
                "WwiseValueToStrParam_Switch_PlayerVoiceType:0x2128",
                "WwiseValueToStrParam_Switch_AttackStrength:0x2170",
                "WwiseValueToStrParam_EnvPlaceType:0x21B8",
                "WeatherParam:0x2200",
                "WeatherLotParam:0x2248",
                "WeatherAssetCreateParam:0x2290",
                "WeatherAssetReplaceParam:0x22D8",
                "SpeedtreeParam:0x2320",
                "RideParam:0x2368",
                "SeActivationRangeParam:0x23B0",
                "RollingObjLotParam:0x23F8",
                "NpcAiBehaviorProbability:0x2440",
                "BuddyParam:0x2488",
                "GparamRefSettings:0x24D0",
                "RandomAppearParam:0x2518",
                "MapGridCreateHeightLimitInfoParam:0x2560",
                "EnvObjLotParam:0x25A8",
                "MapDefaultInfoParam:0x25F0",
                "BuddyStoneParam:0x2638",
                "LegacyDistantViewPartsReplaceParam:0x2680",
                "SoundCommonIngameParam:0x26C8",
                "SoundAutoEnvSoundGroupParam:0x2710",
                "SoundAutoReverbEvaluationDistParam:0x2758",
                "SoundAutoReverbSelectParam:0x27A0",
                "EnemyCommonParam:0x27E8",
                "GameSystemCommonParam:0x2830",
                "GraphicsCommonParam:0x2878",
                "MenuCommonParam:0x28C0",
                "PlayerCommonParam:0x2908",
                "CutsceneGparamWeatherParam:0x2950",
                "CutsceneGparamTimeParam:0x2998",
                "CutsceneTimezoneConvertParam:0x29E0",
                "CutsceneWeatherOverrideGparamConvertParam:0x2A28",
                "SoundCutsceneParam:0x2A70",
                "ChrActivateConditionParam:0x2AB8",
                "CutsceneMapIdParam:0x2B00",
                "CutSceneTextureLoadParam:0x2B48",
                "GestureParam:0x2B90",
                "EquipParamGem:0x2BD8",
                "EquipParamCustomWeapon:0x2C20",
                "GraphicsConfig:0x2C68",
                "SoundChrPhysicsSeParam:0x2CB0",
                "FeTextEffectParam:0x2CF8",
                "CoolTimeParam:0x2D40",
                "WhiteSignCoolTimeParam:0x2D88",
                "MapPieceTexParam:0x2DD0",
                "MapNameTexParam:0x2E18",
                "WeatherLotTexParam:0x2E60",
                "KeyAssignParam_TypeA:0x2EA8",
                "KeyAssignParam_TypeB:0x2EF0",
                "KeyAssignParam_TypeC:0x2F38",
                "MapGdRegionInfoParam:0x2F80",
                "MapGdRegionDrawParam:0x2FC8",
                "KeyAssignMenuItemParam:0x3010",
                "SoundAssetSoundObjEnableDistParam:0x3058",
                "SignPuddleParam:0x30A0",
                "AutoCreateEnvSoundParam:0x30E8",
                "WwiseValueToStrParam_BgmBossChrIdConv:0x3130",
                "ResistCorrectParam:0x3178",
                "PostureControlParam_WepRight:0x31C0",
                "PostureControlParam_WepLeft:0x3208",
                "PostureControlParam_Gender:0x3250",
                "PostureControlParam_Pro:0x3298",
                "RuntimeBoneControlParam:0x32E0",
                "TutorialParam:0x3328",
                "BaseChrSelectMenuParam:0x3370",
                "MimicryEstablishmentTexParam:0x33B8",
                "SfxBlockResShareParam:0x3400",
                "FinalDamageRateParam:0x3448",
                "HitEffectSeParam:0x3490"
            ],
            
            "itemGibOffsets": [
            ]
        },
        {
            "exeVersion": "2.0.1.0",
            
            "paramBaseAob": "0x48,0x8B,0x0D,0x??,0x??,0x??,0x??,0x48,0x85,0xC9,0x0F,0x84,0x??,0x??,0x??,0x??,0x45,0x33,0xC0,0xBA,0x90",
            "paramBaseAobRelativeOffset": "0x03/0x07",
            "paramBase": "0x3CF8BC8",
            "paramInnerPath": "0x80/0x80",
            "paramCountOffset": "0xA",
            "paramDataOffset": "0x40",
            "rowPointerOffset": "0x8",
            "rowHeaderSize": "0x18",
            
            "paramOffsets": [
                "EquipParamWeapon:0x88",
                "EquipParamProtector:0xD0",
                "EquipParamAccessory:0x118",
                "EquipParamGoods:0x160",
                "ReinforceParamWeapon:0x1A8",
                "ReinforceParamProtector:0x1F0",
                "NpcParam:0x238",
                "AtkParam_Npc:0x280",
                "AtkParam_Pc:0x2C8",
                "NpcThinkParam:0x310",
                "Bullet:0x358",
                "BulletCreateLimitParam:0x3A0",
                "BehaviorParam:0x3E8",
                "BehaviorParam_PC:0x430",
                "Magic:0x478",
                "SpEffectParam:0x4C0",
                "SpEffectVfxParam:0x508",
                "SpEffectSetParam:0x550",
                "TalkParam:0x598",
                "MenuColorTableParam:0x5E0",
                "ItemLotParam_enemy:0x628",
                "ItemLotParam_map:0x670",
                "MoveParam:0x6B8",
                "CharaInitParam:0x700",
                "EquipMtrlSetParam:0x748",
                "FaceParam:0x790",
                "FaceRangeParam:0x7D8",
                "ShopLineupParam:0x820",
                "ShopLineupParam_Recipe:0x868",
                "GameAreaParam:0x8B0",
                "CalcCorrectGraph:0x8F8",
                "LockCamParam:0x940",
                "ObjActParam:0x988",
                "HitMtrlParam:0x9D0",
                "KnockBackParam:0xA18",
                "DecalParam:0xA60",
                "ActionButtonParam:0xAA8",
                "AiSoundParam:0xAF0",
                "PlayRegionParam:0xB38",
                "NetworkAreaParam:0xB80",
                "NetworkParam:0xBC8",
                "NetworkMsgParam:0xC10",
                "BudgetParam:0xC58",
                "BonfireWarpParam:0xCA0",
                "BonfireWarpTabParam:0xCE8",
                "BonfireWarpSubCategoryParam:0xD30",
                "MenuPropertySpecParam:0xD78",
                "MenuPropertyLayoutParam:0xDC0",
                "MenuValueTableParam:0xE08",
                "Ceremony:0xE50",
                "PhantomParam:0xE98",
                "CharMakeMenuTopParam:0xEE0",
                "CharMakeMenuListItemParam:0xF28",
                "HitEffectSfxConceptParam:0xF70",
                "HitEffectSfxParam:0xFB8",
                "WepAbsorpPosParam:0x1000",
                "ToughnessParam:0x1048",
                "SeMaterialConvertParam:0x1090",
                "ThrowDirectionSfxParam:0x10D8",
                "DirectionCameraParam:0x1120",
                "RoleParam:0x1168",
                "WaypointParam:0x11B0",
                "ThrowParam:0x11F8",
                "GrassTypeParam:0x1240",
                "GrassTypeParam_Lv1:0x1288",
                "GrassTypeParam_Lv2:0x12D0",
                "GrassLodRangeParam:0x1318",
                "NpcAiActionParam:0x1360",
                "PartsDrawParam:0x13A8",
                "AssetEnvironmentGeometryParam:0x13F0",
                "AssetModelSfxParam:0x1438",
                "AssetMaterialSfxParam:0x1480",
                "AttackElementCorrectParam:0x14C8",
                "FootSfxParam:0x1510",
                "MaterialExParam:0x1558",
                "HPEstusFlaskRecoveryParam:0x15A0",
                "MPEstusFlaskRecoveryParam:0x15E8",
                "MultiPlayCorrectionParam:0x1630",
                "MenuOffscrRendParam:0x1678",
                "ClearCountCorrectParam:0x16C0",
                "MapMimicryEstablishmentParam:0x1708",
                "WetAspectParam:0x1750",
                "SwordArtsParam:0x1798",
                "KnowledgeLoadScreenItemParam:0x17E0",
                "MultiHPEstusFlaskBonusParam:0x1828",
                "MultiMPEstusFlaskBonusParam:0x1870",
                "MultiSoulBonusRateParam:0x18B8",
                "WorldMapPointParam:0x1900",
                "WorldMapPieceParam:0x1948",
                "WorldMapLegacyConvParam:0x1990",
                "WorldMapPlaceNameParam:0x19D8",
                "ChrModelParam:0x1A20",
                "LoadBalancerParam:0x1A68",
                "LoadBalancerDrawDistScaleParam:0x1AB0",
                "LoadBalancerDrawDistScaleParam_ps4:0x1AF8",
                "LoadBalancerDrawDistScaleParam_ps5:0x1B40",
                "LoadBalancerDrawDistScaleParam_xb1:0x1B88",
                "LoadBalancerDrawDistScaleParam_xb1x:0x1BD0",
                "LoadBalancerDrawDistScaleParam_xss:0x1C18",
                "LoadBalancerDrawDistScaleParam_xsx:0x1C60",
                "LoadBalancerNewDrawDistScaleParam_win64:0x1CA8",
                "LoadBalancerNewDrawDistScaleParam_ps4:0x1CF0",
                "LoadBalancerNewDrawDistScaleParam_ps5:0x1D38",
                "LoadBalancerNewDrawDistScaleParam_xb1:0x1D80",
                "LoadBalancerNewDrawDistScaleParam_xb1x:0x1DC8",
                "LoadBalancerNewDrawDistScaleParam_xss:0x1E10",
                "LoadBalancerNewDrawDistScaleParam_xsx:0x1E58",
                "WwiseValueToStrParam_Switch_AttackType:0x1EA0",
                "WwiseValueToStrParam_Switch_DamageAmount:0x1EE8",
                "WwiseValueToStrParam_Switch_DeffensiveMaterial:0x1F30",
                "WwiseValueToStrParam_Switch_HitStop:0x1F78",
                "WwiseValueToStrParam_Switch_OffensiveMaterial:0x1FC0",
                "WwiseValueToStrParam_Switch_GrassHitType:0x2008",
                "WwiseValueToStrParam_Switch_PlayerShoes:0x2050",
                "WwiseValueToStrParam_Switch_PlayerEquipmentTops:0x2098",
                "WwiseValueToStrParam_Switch_PlayerEquipmentBottoms:0x20E0",
                "WwiseValueToStrParam_Switch_PlayerVoiceType:0x2128",
                "WwiseValueToStrParam_Switch_AttackStrength:0x2170",
                "WwiseValueToStrParam_EnvPlaceType:0x21B8",
                "WeatherParam:0x2200",
                "WeatherLotParam:0x2248",
                "WeatherAssetCreateParam:0x2290",
                "WeatherAssetReplaceParam:0x22D8",
                "SpeedtreeParam:0x2320",
                "RideParam:0x2368",
                "SeActivationRangeParam:0x23B0",
                "RollingObjLotParam:0x23F8",
                "NpcAiBehaviorProbability:0x2440",
                "BuddyParam:0x2488",
                "GparamRefSettings:0x24D0",
                "RandomAppearParam:0x2518",
                "MapGridCreateHeightLimitInfoParam:0x2560",
                "EnvObjLotParam:0x25A8",
                "MapDefaultInfoParam:0x25F0",
                "BuddyStoneParam:0x2638",
                "LegacyDistantViewPartsReplaceParam:0x2680",
                "SoundCommonIngameParam:0x26C8",
                "SoundAutoEnvSoundGroupParam:0x2710",
                "SoundAutoReverbEvaluationDistParam:0x2758",
                "SoundAutoReverbSelectParam:0x27A0",
                "EnemyCommonParam:0x27E8",
                "GameSystemCommonParam:0x2830",
                "GraphicsCommonParam:0x2878",
                "MenuCommonParam:0x28C0",
                "PlayerCommonParam:0x2908",
                "CutsceneGparamWeatherParam:0x2950",
                "CutsceneGparamTimeParam:0x2998",
                "CutsceneTimezoneConvertParam:0x29E0",
                "CutsceneWeatherOverrideGparamConvertParam:0x2A28",
                "SoundCutsceneParam:0x2A70",
                "ChrActivateConditionParam:0x2AB8",
                "CutsceneMapIdParam:0x2B00",
                "CutSceneTextureLoadParam:0x2B48",
                "GestureParam:0x2B90",
                "EquipParamGem:0x2BD8",
                "EquipParamCustomWeapon:0x2C20",
                "GraphicsConfig:0x2C68",
                "SoundChrPhysicsSeParam:0x2CB0",
                "FeTextEffectParam:0x2CF8",
                "CoolTimeParam:0x2D40",
                "WhiteSignCoolTimeParam:0x2D88",
                "MapPieceTexParam:0x2DD0",
                "MapNameTexParam:0x2E18",
                "WeatherLotTexParam:0x2E60",
                "KeyAssignParam_TypeA:0x2EA8",
                "KeyAssignParam_TypeB:0x2EF0",
                "KeyAssignParam_TypeC:0x2F38",
                "MapGdRegionInfoParam:0x2F80",
                "MapGdRegionDrawParam:0x2FC8",
                "KeyAssignMenuItemParam:0x3010",
                "SoundAssetSoundObjEnableDistParam:0x3058",
                "SignPuddleParam:0x30A0",
                "AutoCreateEnvSoundParam:0x30E8",
                "WwiseValueToStrParam_BgmBossChrIdConv:0x3130",
                "ResistCorrectParam:0x3178",
                "PostureControlParam_WepRight:0x31C0",
                "PostureControlParam_WepLeft:0x3208",
                "PostureControlParam_Gender:0x3250",
                "PostureControlParam_Pro:0x3298",
                "RuntimeBoneControlParam:0x32E0",
                "TutorialParam:0x3328",
                "BaseChrSelectMenuParam:0x3370",
                "MimicryEstablishmentTexParam:0x33B8",
                "SfxBlockResShareParam:0x3400",
                "FinalDamageRateParam:0x3448",
                "HitEffectSeParam:0x3490"
            ],
            
            "itemGibOffsets": [
            ]
        }
    ]
}
