{
    "exeName": "DarkSoulsIII.exe",
    "list": [
        {
            "exeVersion": "1.15.0.0",
            
            "paramBaseAob": "0x48,0x89,0x5C,0x24,0x48,0x8B,0xFA,0x48,0x8B,0xD9,0xC7,0x44,0x24,0x20,0x00,0x00,0x00,0x00,0x48",
            "paramBaseAobRelativeOffset": "0x15/0x19",
            "paramBase": "0x4782838",
            "paramInnerPath": "0x68/0x68",
            "paramCountOffset": "0xA",
            "paramDataOffset": "0x40",
            "rowPointerOffset": "0x8",
            "rowHeaderSize": "0x18",
            
            "paramOffsets": [
                "ActionButtonParam:0xAD8",
                "AiSoundParam:0xD60",
                "AtkParam_Npc:0x268",
                "AtkParam_Pc:0x2B0",
                "AttackElementCorrectParam:0x1660",
                "BehaviorParam:0x3D0",
                "BehaviorParam_PC:0x418",
                "BonfireWarpParam:0xF10",
                "BudgetParam:0xEC8",
                "Bullet:0x388",
                "BulletCreateLimitParam:0x1780",
                "CalcCorrectGraph:0x8E0",
                "Ceremony:0x1078",
                "CharaInitParam:0x658",
                "CharMakeMenuListItemParam:0x1150",
                "CharMakeMenuTopParam:0x1108",
                "ClearCountCorrectParam:0x17C8",
                "CoolTimeParam:0x1A98",
                "CultSettingParam:0x1468",
                "DecalParam:0xA90",
                "DirectionCameraParam:0x1390",
                "EquipMtrlSetParam:0x6A0",
                "EquipParamAccessory:0x100",
                "EquipParamGoods:0x148",
                "EquipParamProtector:0xB8",
                "EquipParamWeapon:0x70",
                "FaceGenParam:0x6E8",
                "FaceParam:0x730",
                "FaceRangeParam:0x778",
                "FootSfxParam:0x16F0",
                "GameAreaParam:0x850",
                "GameProgressParam:0x1810",
                "GemCategoryParam:0xC40",
                "GemDropDopingParam:0xC88",
                "GemDropModifyParam:0xCD0",
                "GemeffectParam:0xBF8",
                "GemGenParam:0xBB0",
                "HitEffectSeParam:0x1270",
                "HitEffectSfxConceptParam:0x11E0",
                "HitEffectSfxParam:0x1228",
                "HPEstusFlaskRecoveryParam:0x14F8",
                "ItemLotParam:0x5C8",
                "KnockBackParam:0xA00",
                "KnowledgeLoadScreenItemParam:0x18E8",
                "LoadBalancerDrawDistScaleParam:0x1A50",
                "LoadBalancerParam:0x1858",
                "LockCamParam:0x928",
                "Magic:0x460",
                "MapMimicryEstablishmentParam:0x15D0",
                "MenuOffscrRendParam:0x1930",
                "MenuPropertyLayoutParam:0xFA0",
                "MenuPropertySpecParam:0xF58",
                "MenuValueTableParam:0xFE8",
                "ModelSfxParam:0xD18",
                "MoveParam:0x610",
                "MPEstusFlaskRecoveryParam:0x1540",
                "MultiHPEstusFlaskBonusParam:0x1978",
                "MultiMPEstusFlaskBonusParam:0x19C0",
                "MultiPlayCorrectionParam:0x1588",
                "NetWorkAreaParam:0xDF0",
                "NetworkMsgParam:0xE80",
                "NetworkParam:0xE38",
                "NewMenuColorTableParam:0x1198",
                "NpcAiActionParam:0x1738",
                "NpcParam:0x220",
                "NpcThinkParam:0x2F8",
                "ObjActParam:0x970",
                "ObjectMaterialSfxParam:0x18A0",
                "ObjectParam:0x340",
                "PhantomParam:0x10C0",
                "PlayRegionParam:0xDA8",
                "ProtectorGenParam:0xB68",
                "RagdollParam:0x7C0",
                "ReinforceParamProtector:0x1D8",
                "ReinforceParamWeapon:0x190",
                "RoleParam:0x13D8",
                "SeMaterialConvertParam:0x1348",
                "ShopLineupParam:0x808",
                "SkeletonParam:0x898",
                "SpEffectParam:0x4A8",
                "SpEffectVfxParam:0x4F0",
                "SwordArtsParam:0x14B0",
                "TalkParam:0x538",
                "ThrowDirectionSfxParam:0x16A8",
                "ToughnessParam:0x1300",
                "UpperArmParam:0x1618",
                "WeaponGenParam:0xB20",
                "WepAbsorpPosParam:0x12B8",
                "WetAspectParam:0x1420",
                "Wind:0xA48"
            ],
            
            "itemGibOffsets": [
                "EquipParamWeapon:0x0",
                "EquipParamProtector:0x10000000",
                "EquipParamAccessory:0x20000000",
                "EquipParamGoods:0x40000000",
                "Magic:0x40000000"
            ]
        }
    ]
}
