{
    "List": [
        {
            "DisplayName": "SP_EFFECT_TYPE",
            "Name": "SP_EFFECT_TYPE",
            "Description": "These are state info IDs, which can trigger internal scripts, or are simply used as markers.",
            "Options": [
                { "ID": "0", "Name": "None", "Description": "" },
                { "ID": "1", "Name": "Flame", "Description": "" },
                { "ID": "2", "Name": "Flame", "Description": "" },
                { "ID": "3", "Name": "Hill", "Description": "" },
                { "ID": "4", "Name": "Corrosion", "Description": "" },
                { "ID": "5", "Name": "Stun", "Description": "" },
                { "ID": "6", "Name": "Strong plasma", "Description": "" },
                { "ID": "7", "Name": "Ghost camouflage", "Description": "" },
                { "ID": "8", "Name": "Disguise", "Description": "" },
                { "ID": "9", "Name": "Gravity user", "Description": "" },
                { "ID": "10", "Name": "Abnormal Recovery [Flame]", "Description": "" },
                { "ID": "11", "Name": "Abnormal recovery [Stun]", "Description": "" },
                { "ID": "12", "Name": "Abnormal state recovery [strong plasma]", "Description": "" },
                { "ID": "13", "Name": "Abnormal recovery [All-purpose]", "Description": "" },
                { "ID": "14", "Name": "Soul Steel", "Description": "" },
                { "ID": "15", "Name": "Zoom", "Description": "" },
                { "ID": "16", "Name": "Warp", "Description": "" },
                { "ID": "17", "Name": "Demon's Soul", "Description": "" },
                { "ID": "18", "Name": "Black Ghosts", "Description": "" },
                { "ID": "24", "Name": "No magic use", "Description": "" },
                { "ID": "26", "Name": "Grindstone", "Description": "" },
                { "ID": "32", "Name": "Gold Bondage", "Description": "" },
                { "ID": "38", "Name": "Auditory hallucinations", "Description": "" },
                { "ID": "39", "Name": "Soul coins", "Description": "" },
                { "ID": "43", "Name": "Forced ghosting stage 1", "Description": "" },
                { "ID": "44", "Name": "Forced ghosting second stage", "Description": "" },
                { "ID": "45", "Name": "Forced ghosting stage 3", "Description": "" },
                { "ID": "47", "Name": "Cat landing", "Description": "" },
                { "ID": "50", "Name": "Regenerate", "Description": "" },
                { "ID": "52", "Name": "Weak Regenerate", "Description": "" },
                { "ID": "53", "Name": "Weak Ghost Camouflage", "Description": "" },
                { "ID": "57", "Name": "Yellow Cloak", "Description": "" },
                { "ID": "66", "Name": "Item Drop Compensation", "Description": "" },
                { "ID": "67", "Name": "MP Regenerate", "Description": "" },
                { "ID": "68", "Name": "Weak MP Regenerate", "Description": "" },
                { "ID": "69", "Name": "Resurrection when dead", "Description": "" },
                { "ID": "95", "Name": "Mimicry", "Description": "" },
                { "ID": "96", "Name": "Transformation", "Description": "" },
                { "ID": "99", "Name": "Waiting for cooperation", "Description": "" },
                { "ID": "100", "Name": "Cooperation", "Description": "" },
                { "ID": "101", "Name": "Cooperation Sending", "Description": "" },
                { "ID": "102", "Name": "Gravity", "Description": "" },
                { "ID": "103", "Name": "Evil Eye", "Description": "" },
                { "ID": "104", "Name": "State Release [Waiting for Cooperation]", "Description": "" },
                { "ID": "105", "Name": "Effect Lv1", "Description": "" },
                { "ID": "106", "Name": "Effect Lv2", "Description": "" },
                { "ID": "107", "Name": "Effect Lv3", "Description": "" },
                { "ID": "108", "Name": "Evil Eye Lv1", "Description": "" },
                { "ID": "109", "Name": "Evil Eye Lv2", "Description": "" },
                { "ID": "110", "Name": "Counter", "Description": "" },
                { "ID": "111", "Name": "Eggs on standby", "Description": "" },
                { "ID": "112", "Name": "Eggs planted", "Description": "" },
                { "ID": "113", "Name": "Egg head standby", "Description": "" },
                { "ID": "114", "Name": "Egg head", "Description": "" },
                { "ID": "115", "Name": "Ultralight Move", "Description": "" },
                { "ID": "116", "Name": "Curse 1", "Description": "" },
                { "ID": "117", "Name": "Petrify", "Description": "" },
                { "ID": "118", "Name": "Curse 1 canceled", "Description": "" },
                { "ID": "120", "Name": "Damage animation change_only for SA", "Description": "" },
                { "ID": "121", "Name": "Damage animation change_additional", "Description": "" },
                { "ID": "122", "Name": "Underwater behavior", "Description": "" },
                { "ID": "123", "Name": "Weapon Head", "Description": "" },
                { "ID": "124", "Name": "Weapon Body", "Description": "" },
                { "ID": "125", "Name": "Weapon hand", "Description": "" },
                { "ID": "126", "Name": "Weapon leg", "Description": "" },
                { "ID": "133", "Name": "Blood character acquisition", "Description": "" },
                { "ID": "134", "Name": "Flag change", "Description": "" },
                { "ID": "136", "Name": "Crystallization", "Description": "" },
                { "ID": "137", "Name": "Resonance Lv0", "Description": "" },
                { "ID": "138", "Name": "Resonance Lv1", "Description": "" },
                { "ID": "139", "Name": "Resonance Lv2", "Description": "" },
                { "ID": "140", "Name": "Resonance Lv3", "Description": "" },
                { "ID": "141", "Name": "Resonance Lv4", "Description": "" },
                { "ID": "142", "Name": "Action ID designation: Character", "Description": "" },
                { "ID": "143", "Name": "Enemy Immortal", "Description": "" },
                { "ID": "146", "Name": "Whole body grinding stone", "Description": "" },
                { "ID": "148", "Name": "Rescue request", "Description": "" },
                { "ID": "152", "Name": "Enhanced Flame", "Description": "" },
                { "ID": "153", "Name": "Stun enhancement", "Description": "" },
                { "ID": "155", "Name": "Enhanced SA", "Description": "" },
                { "ID": "156", "Name": "Durability reduction disabled", "Description": "" },
                { "ID": "157", "Name": "Anti-Spirit Enhancement", "Description": "" },
                { "ID": "158", "Name": "Guard enhancement", "Description": "" },
                { "ID": "159", "Name": "Ring resurrection when normally dead", "Description": "" },
                { "ID": "160", "Name": "Ring resurrected when cursed to death", "Description": "" },
                { "ID": "161", "Name": "Warp B", "Description": "" },
                { "ID": "162", "Name": "Warp C", "Description": "" },
                { "ID": "163", "Name": "Warp D", "Description": "" },
                { "ID": "164", "Name": "Warp E", "Description": "" },
                { "ID": "165", "Name": "Warp A", "Description": "" },
                { "ID": "166", "Name": "Pledge breakage", "Description": "" },
                { "ID": "167", "Name": "Full body transformation", "Description": "" },
                { "ID": "168", "Name": "Precision Enhancement", "Description": "" },
                { "ID": "171", "Name": "Action ID designation: Player", "Description": "" },
                { "ID": "176", "Name": "Soul Coin (Immortal)", "Description": "" },
                { "ID": "177", "Name": "Soul Coin (Beastly)", "Description": "" },
                { "ID": "179", "Name": "Curse effect Lv1", "Description": "" },
                { "ID": "180", "Name": "Curse effect Lv2", "Description": "" },
                { "ID": "181", "Name": "Curse effect Lv3", "Description": "" },
                { "ID": "182", "Name": "Curse effect Lv4", "Description": "" },
                { "ID": "185", "Name": "Nit effect", "Description": "" },
                { "ID": "186", "Name": "Flame Kick", "Description": "" },
                { "ID": "192", "Name": "Egg head_second level", "Description": "" },
                { "ID": "193", "Name": "Lifespan extension", "Description": "" },
                { "ID": "194", "Name": "Increase number of magic uses", "Description": "" },
                { "ID": "197", "Name": "Counter Up", "Description": "" },
                { "ID": "198", "Name": "Egg Destruction", "Description": "" },
                { "ID": "203", "Name": "Decrease number of times magic is used", "Description": "" },
                { "ID": "204", "Name": "Strengthen Guard [Large]", "Description": "" },
                { "ID": "232", "Name": "No use of prohibited items in arena", "Description": "" },
                { "ID": "235", "Name": "Arena NoDead", "Description": "" }
            ]
        }
    ]
}