{
    "exeName": "DarkSoulsRemastered.exe",
    "list": [
        {
            "exeVersion": "1.3.1.0",
            
            "paramBaseAob": "",
            "paramBaseAobRelativeOffset": "",
            "paramBase": "0x1C7E000",
            "paramInnerPath": "0x38",
            "paramCountOffset": "0xA",
            "paramDataOffset": "0x30",
            "rowPointerOffset": "0x4",
            "rowHeaderSize": "0xC",
            
            "paramOffsets": [
                "AtkParamNPC:0x210",
                "AtkParamPC:0x258",
                "BehaviorParamNPC:0x378",
                "BehaviorParamPC:0x3C0",
                "BulletParam:0x330",
                "CalcCorrectGraph:0x888",
                "CharacterInitParam:0x600",
                "CoolTimeParam:0xA38",
                "EquipMTRLParam:0x648",
                "EquipParamAccessory:0xA8",
                "EquipParamGoods:0xF0",
                "EquipParamProtector:0x60",
                "EquipParamWeapon:0x18",
                "FaceParam:0x690",
                "GameAreaParam:0x7F8",
                "HitMtrlParam:0x960",
                "ItemlotParam:0x570",
                "KnockbackParam:0x9A8",
                "LevelsyncParam:0x9F0",
                "LockCamParam:0x8D0",
                "MagicParam:0x408",
                "MenuParamColorTable:0x528",
                "MoveParam:0x5B8",
                "NpcParam:0x1C8",
                "NpcThinkParam:0x2A0",
                "ObjActParam:0x918",
                "ObjectParam:0x2E8",
                "QwcChangeParam:0x768",
                "QwcJudgeParam:0x7B0",
                "RagdollParam:0x6D8",
                "ReinforceParamProtector:0x180",
                "ReinforceParamWeapon:0x138",
                "ShopLineUpParam:0x720",
                "SkeletonParam:0x840",
                "SpEffectParam:0x450",
                "SpEffectVFXParam:0x498",
                "TalkParam:0x4E0",
                "WhiteCoolTimeParam:0xA80",
                "ThrowParam:0x8"
            ],
            
            "itemGibOffsets": [
            ]
        }
    ]
}
