{
  "Categories": [
    {
      "ForceTop": true,
      "DisplayName": "Common",
      "Params": [
        "AtkParam_Npc",
        "AtkParam_Pc",
        "AttackElementCorrectParam",
        "BehaviorParam",
        "BehaviorParam_PC",
        "Bullet",
        "BulletCreateLimitParam",
        "CalcCorrectGraph",
        "CharaInitParam",
        "EquipMtrlSetParam",
        "EquipParamAccessory",
        "EquipParamGoods",
        "EquipParamProtector",
        "EquipParamWeapon",
        "GameAreaParam",
        "ItemLotParam",
        "LockCamParam",
        "NpcParam",
        "NpcThinkParam",
        "ResourceItemLotParam",
        "ResourceItemParam",
        "ShopLineupParam",
        "SkillParam",
        "SpEffectParam",
        "SpEffectVfxParam",
        "StaminaControlParam",
        "SwordArtsParam",
        "ThrowDirectionDecalParam",
        "ThrowDirectionSeParam",
        "ThrowDirectionSfxParam",
        "ThrowKindParam",
        "ThrowParam"
      ]
    },
    {
      "DisplayName": "Graphics",
      "Params": [
        "Gconfig_AAQuality",
        "Gconfig_AAQuality_ps4",
        "Gconfig_AAQuality_stadia",
        "Gconfig_AAQuality_xboxone",
        "Gconfig_DecalQuality",
        "Gconfig_DOFQuality",
        "Gconfig_DOFQuality_ps4",
        "Gconfig_DOFQuality_stadia",
        "Gconfig_DOFQuality_xboxone",
        "Gconfig_EffectQuality",
        "Gconfig_EffectQuality_ps4",
        "Gconfig_EffectQuality_stadia",
        "Gconfig_EffectQuality_xboxone",
        "Gconfig_LightingQuality",
        "Gconfig_LightingQuality_ps4",
        "Gconfig_LightingQuality_stadia",
        "Gconfig_LightingQuality_xboxone",
        "Gconfig_MotionBlurQuality",
        "Gconfig_MotionBlurQuality_ps4",
        "Gconfig_MotionBlurQuality_stadia",
        "Gconfig_MotionBlurQuality_xboxone",
        "Gconfig_ReflectionQuality",
        "Gconfig_ReflectionQuality_ps4",
        "Gconfig_ReflectionQuality_stadia",
        "Gconfig_ReflectionQuality_xboxone",
        "Gconfig_ShaderQuality",
        "Gconfig_ShaderQuality_ps4",
        "Gconfig_ShaderQuality_stadia",
        "Gconfig_ShaderQuality_xboxone",
        "Gconfig_ShadowQuality",
        "Gconfig_ShadowQuality_ps4",
        "Gconfig_ShadowQuality_stadia",
        "Gconfig_ShadowQuality_xboxone",
        "Gconfig_SSAOQuality",
        "Gconfig_SSAOQuality_ps4",
        "Gconfig_SSAOQuality_stadia",
        "Gconfig_SSAOQuality_xboxone",
        "Gconfig_TextureFilterQuality",
        "Gconfig_TextureFilterQuality_ps4",
        "Gconfig_TextureFilterQuality_stadia",
        "Gconfig_TextureFilterQuality_xboxone",
        "Gconfig_VolumetricEffectQuality",
        "Gconfig_VolumetricEffectQuality_ps4",
        "Gconfig_VolumetricEffectQuality_stadia",
        "Gconfig_VolumetricEffectQuality_xboxone",
        "Gconfig_WaterQuality",
        "GraphicsConfig",
        "GraphicsConfig_ver2",
        "GraphicsParam"
      ]
    }
  ]
}