{
    "exeName": "sekiro.exe",
    "list": [
        {
            "exeVersion": "1.6.0.0",
            
            "paramBaseAob": "",
            "paramBaseAobRelativeOffset": "",
            "paramBase": "0x3D978B0",
            "paramInnerPath": "0x70/0x70",
            "paramCountOffset": "0xA",
            "paramDataOffset": "0x40",
            "rowPointerOffset": "0x8",
            "rowHeaderSize": "0x18",
            
            "paramOffsets": [
                "EquipParamWeapon:0x78",
                "EquipParamProtector:0xc0",
                "EquipParamAccessory:0x108",
                "EquipParamGoods:0x150",
                "ReinforceParamWeapon:0x198",
                "ReinforceParamProtector:0x1e0",
                "NpcParam:0x228",
                "AtkParam_Npc:0x270",
                "AtkParam_Pc:0x2b8",
                "NpcThinkParam:0x300",
                "ObjectParam:0x348",
                "Bullet:0x390",
                "BehaviorParam:0x3d8",
                "BehaviorParam_PC:0x420",
                "Magic:0x468",
                "SpEffectParam:0x4b0",
                "SpEffectVfxParam:0x4f8",
                "TalkParam:0x540",
                "ItemLotParam:0x5d0",
                "MoveParam:0x618",
                "CharaInitParam:0x660",
                "EquipMtrlSetParam:0x6a8",
                "FaceGenParam:0x6f0",
                "FaceParam:0x738",
                "FaceRangeParam:0x780",
                "RagdollParam:0x7c8",
                "ShopLineupParam:0x810",
                "GameAreaParam:0x858",
                "SkeletonParam:0x8a0",
                "CalcCorrectGraph:0x8e8",
                "LockCamParam:0x930",
                "ObjActParam:0x978",
                "HitMtrlParam:0x9c0",
                "KnockBackParam:0xa08",
                "DecalParam:0xa50",
                "ActionButtonParam:0xa98",
                "WeaponGenParam:0xae0",
                "ProtectorGenParam:0xb28",
                "GemGenParam:0xb70",
                "GemeffectParam:0xbb8",
                "GemCategoryParam:0xc00",
                "GemDropDopingParam:0xc48",
                "GemDropModifyParam:0xc90",
                "ModelSfxParam:0xcd8",
                "AiSoundParam:0xd20",
                "PlayRegionParam:0xd68",
                "NetworkAreaParam:0xdb0",
                "NetworkParam:0xdf8",
                "NetworkMsgParam:0xe40",
                "BudgetParam:0xe88",
                "BonfireWarpParam:0xed0",
                "MenuPropertySpecParam:0xf18",
                "MenuPropertyLayoutParam:0xf60",
                "MenuValueTableParam:0xfa8",
                "Ceremony:0x1080",
                "PhantomParam:0x10c8",
                "CharMakeMenuTopParam:0x1110",
                "CharMakeMenuListItemParam:0x1158",
                "NewMenuColorTableParam:0x11a0",
                "HitEffectSfxAngleParam:0x11e8",
                "HitEffectSfxConceptParam:0x1230",
                "HitEffectSfxConceptJustGuardParam:0x1278",
                "HitEffectSfxParam:0x12c0",
                "HitEffectSeParam:0x1308",
                "HitEffectSeJustGuardParam:0x1350",
                "HitEffectSeHitWallParam:0x1398",
                "WepAbsorpPosParam:0x13e0",
                "ToughnessParam:0x1428",
                "DirectionCameraParam:0x1470",
                "RoleParam:0x14b8",
                "WetAspectParam:0x1500",
                "CultSettingParam:0x1548",
                "SwordArtsParam:0x1590",
                "HPEstusFlaskRecoveryParam:0x15d8",
                "MPEstusFlaskRecoveryParam:0x1620",
                "MultiPlayCorrectionParam:0x1668",
                "MapMimicryEstablishmentParam:0x16b0",
                "UpperArmParam:0x16f8",
                "AttackElementCorrectParam:0x1740",
                "ThrowDirectionSfxParam:0x1788",
                "ThrowDirectionSeParam:0x17d0",
                "ThrowDirectionDecalParam:0x1818",
                "FootSfxParam:0x1860",
                "NpcAiActionParam:0x18a8",
                "BulletCreateLimitParam:0x18f0",
                "ClearCountCorrectParam:0x1938",
                "GameProgressParam:0x1980",
                "LoadBalancerParam:0x19c8",
                "ObjectMaterialSfxParam:0x1a10",
                "KnowledgeLoadScreenItemParam:0x1a58",
                "MenuOffscrRendParam:0x1aa0",
                "MultiHPEstusFlaskBonusParam:0x1ae8",
                "MultiMPEstusFlaskBonusParam:0x1b30",
                "MultiSoulBonusRateParam:0x1b78",
                "LoadBalancerDrawDistScaleParam:0x1bc0",
                "CoolTimeParam:0x1c08",
                "GrassTypeParam:0x1c50",
                "GrassLodRangeParam:0x1c98",
                "DyingEffectParam:0x1ce0",
                "CameraParam:0x1d28",
                "CameraSetParam:0x1d70",
                "WirePointSearchParam:0x1db8",
                "WireSetParam:0x1e00",
                "ChrPhysicsVelocityChangeParam:0x1e48",
                "StaminaControlParam:0x1e90",
                "MaterialExParam:0x1ed8",
                "ThrowKindParam:0x1f20",
                "ResourceItemLotParam:0x1f68",
                "ResourceItemParam:0x1fb0",
                "WhiteSignCoolTimeParam:0x2040",
                "ChrPhysicsHomingParam:0x2088",
                "WireVariationParam:0x20d0",
                "ActionUnlockParam:0x2118",
                "HitMaterialSpecialSettingParam:0x2160",
                "CutsceneParam:0x21a8",
                "DefaultKeyAssignParam00:0x21f0",
                "DefaultKeyAssignParam01:0x2238",
                "DefaultKeyAssignParam02:0x2280",
                "DefaultKeyAssignParam03:0x22c8",
                "DefaultKeyAssignParam04:0x2310",
                "MenuParam:0x2358",
                "EnemyCommonParam:0x23a0",
                "TentativePlayerParam:0x23e8",
                "GraphicsParam:0x2430",
                "GameSystemParam:0x2478",
                "GraphicsConfig_ver2:0x24c0",
                "ActionGuideParam:0x2508",
                "MapPartsParam:0x2550",
                "SkillParam:0x2598",
                "MenuTutorialParam:0x25e0",
                "RematchWarpParam:0x2628"
            ],
            
            "itemGibOffsets": [
            ]
        }
    ]
}
