{
  "Categories": [
    {
      "ForceTop": true,
      "DisplayName": "Common",
      "Params": [
        "AtkParam_Npc",
        "AtkParam_Pc",
        "AttackActionParam_NPC",
        "AttackActionParam_PC",
        "BehaviorParam",
        "BehaviorParam_PC",
        "BladeHomingAngSpeedParam",
        "BladeHomingAutoCancelEnableParam",
        "BladeHomingParam",
        "Bullet",
        "Bullet_Npc",
        "BulletCreateLimitParam",
        "BulletShotgunParam_NPC",
        "BulletShotgunParam_PC",
        "CalcCorrectGraph",
        "CartridgeBehaviorParam",
        "CharaInitParam",
        "ChrActTurnParam",
        "ChrActTurnParam_Npc",
        "EquipmentLineupParam",
        "EquipmentMenuManageCategoryParam",
        "EquipMtrlSetParam",
        "EquipParamAccessory",
        "EquipParamBooster",
        "EquipParamFcs",
        "EquipParamGenerator",
        "EquipParamGoods",
        "EquipParamProtector",
        "EquipParamWeapon",
        "EquipParamWeapon_Npc",
        "ItemLotParam",
        "MissionParam",
        "MovementAcTypeParam",
        "MovementEnemyTypeParam",
        "MovementFlyEnemyParam",
        "MovementRideObjParam",
        "NpcParam",
        "NpcThinkParam",
        "OsReinforce",
        "OsReinforcePoint",
        "ShopLineupParam",
        "SpEffectParam",
        "SpEffectVfxParam",
        "ThrustersLocomotionParam_PC",
        "ThrustersParam_NPC",
        "ThrustersParam_PC",
        "ThrustersSfxIdParam_NPC",
        "ThrustersSfxIdParam_PC"
      ]
    },
    {
      "DisplayName": "Graphics",
      "Params": [
        "GraphicsConfig",
        "GraphicsConfig_AAQuality_win64",
        "GraphicsConfig_DecalQuality_win64",
        "GraphicsConfig_DOFQuality_win64",
        "GraphicsConfig_EffectQuality_win64",
        "GraphicsConfig_LightingQuality_win64",
        "GraphicsConfig_MotionBlurQuality_win64",
        "GraphicsConfig_RaytracingQuality_win64",
        "GraphicsConfig_ReflectionQuality_win64",
        "GraphicsConfig_ShaderQuality_win64",
        "GraphicsConfig_ShadowQuality_win64",
        "GraphicsConfig_SSAOQuality_win64",
        "GraphicsConfig_TextureFilterQuality_win64",
        "GraphicsConfig_VolumetricEffectQuality_win64",
        "GraphicsConfig_WaterQuality_win64",
        "GraphicsParam",
        "LoadBalancerDrawDistScaleParam",
        "LoadBalancerDrawDistScaleParam_ps4",
        "LoadBalancerDrawDistScaleParam_ps5",
        "LoadBalancerDrawDistScaleParam_xb1",
        "LoadBalancerDrawDistScaleParam_xb1x",
        "LoadBalancerDrawDistScaleParam_xss",
        "LoadBalancerDrawDistScaleParam_xsx",
        "LoadBalancerNewDrawDistScaleParam_ps4",
        "LoadBalancerNewDrawDistScaleParam_ps5",
        "LoadBalancerNewDrawDistScaleParam_win64",
        "LoadBalancerNewDrawDistScaleParam_xb1",
        "LoadBalancerNewDrawDistScaleParam_xb1x",
        "LoadBalancerNewDrawDistScaleParam_xss",
        "LoadBalancerNewDrawDistScaleParam_xsx",
        "LoadBalancerParam"
      ]
    },
    {
      "DisplayName": "Sound",
      "Params": [
        "WwiseValueToStrParam_ReflectAuxBusType",
        "WwiseValueToStrParam_ReflectTextureType",
        "WwiseValueToStrParam_ReverbAuxBusType",
        "WwiseValueToStrParam_RuntimeReflectTextureType",
        "WwiseValueToStrParam_Switch_AttackPowerType",
        "WwiseValueToStrParam_Switch_BGMStatus",
        "WwiseValueToStrParam_Switch_BulletGenerateType",
        "WwiseValueToStrParam_Switch_DestroyedSeType",
        "WwiseValueToStrParam_Switch_GeneratorType",
        "WwiseValueToStrParam_Switch_Material",
        "WwiseValueToStrParam_Switch_ShootSeCategory",
        "WwiseValueToStrParam_Switch_Weapon_Type",
        "WwiseValueToStrParam_Switch_WeaponAtkAttribute",
        "WwiseValueToStrParam_Switch_WeaponMaterial",
        "AiSoundParam",
        "RuntimeSoundExpressionParam_Npc",
        "RuntimeSoundExpressionParam_Pc",
        "RuntimeSoundGlobalParam",
        "RuntimeSoundParam_Npc",
        "RuntimeSoundParam_Pc",
        "SoundAutoReverbEvaluationDistParam",
        "SoundAutoReverbSelectParam",
        "SoundCutsceneParam",
        "SoundIDSpatialSetting",
        "SoundParam",
        "SoundVoiceBankLoad"
      ]
    }
  ]
}