{
    "List": [
        {
            "DisplayName": "SP_EFFECT_TYPE",
            "Name": "SP_EFFECT_TYPE",
            "Description": "These are state info IDs, which can trigger internal scripts, or are simply used as markers.",
            "Options": [
                { "ID": "0", "Name": "None", "Description": "" },
                { "ID": "2", "Name": "Apply Status: ACS Anomaly", "Description": "" },
                { "ID": "5", "Name": "Apply Status: Electric Discharge", "Description": "" },
                { "ID": "6", "Name": "Apply Status: Plasma", "Description": "" },
                { "ID": "8", "Name": "Enemy Adjustment: Sight Reduction", "Description": "" },
                { "ID": "10", "Name": "Remove Status: ACS Anomaly", "Description": "" },
                { "ID": "11", "Name": "Remove Status: Electric Discharge", "Description": "" },
                { "ID": "12", "Name": "Remove Status: Plasma", "Description": "" },
                { "ID": "13", "Name": "Remove Status: All", "Description": "" },
                { "ID": "15", "Name": "Vision Adjustment: Zoom In", "Description": "" },
                { "ID": "17", "Name": "Revival", "Description": "" },
                { "ID": "19", "Name": "Dispel Black Phantom", "Description": "" },
                { "ID": "23", "Name": "OnReviveMagic", "Description": "" },
                { "ID": "24", "Name": "Disables Spell Usage", "Description": "" },
                { "ID": "28", "Name": "SFX: Right-hand Buff", "Description": "" },
                { "ID": "29", "Name": "SFX: Body Buff", "Description": "" },
                { "ID": "31", "Name": "Ghost Parameter Change", "Description": "" },
                { "ID": "32", "Name": "Middle of Paralysis", "Description": "" },
                { "ID": "34", "Name": "Giant Slime Freezing", "Description": "" },
                { "ID": "39", "Name": "Sound Feed", "Description": "" },
                { "ID": "40", "Name": "SFX: Greater Body Buff", "Description": "" },
                { "ID": "41", "Name": "SFX: Flash Sweat", "Description": "" },
                { "ID": "42", "Name": "SFX: HP Recovery", "Description": "" },
                { "ID": "46", "Name": "Modify Target Priority", "Description": "" },
                { "ID": "47", "Name": "Disable Fall Damage", "Description": "" },
                { "ID": "48", "Name": "SFX: Increase Damage", "Description": "" },
                { "ID": "49", "Name": "SFX: Increase Defense", "Description": "" },
                { "ID": "50", "Name": "SFX: HP/FP/Stamina Recovery", "Description": "" },
                { "ID": "52", "Name": "Pledge Effect Test", "Description": "" },
                { "ID": "54", "Name": "Modify Enemy Listen Reduction", "Description": "" },
                { "ID": "55", "Name": "HostDeath", "Description": "" },
                { "ID": "58", "Name": "Point Light Source Equipped", "Description": "" },
                { "ID": "59", "Name": "Your Message Was Rated", "Description": "" },
                { "ID": "60", "Name": "SFX: Magic Buff", "Description": "" },
                { "ID": "61", "Name": "SFX: Magic Weapon Buff", "Description": "" },
                { "ID": "62", "Name": "SFX: Fire Weapon Buff", "Description": "" },
                { "ID": "64", "Name": "SFX: Enchanted Weapon Buff", "Description": "" },
                { "ID": "66", "Name": "Modify Item Discovery", "Description": "" },
                { "ID": "69", "Name": "SFX: Tears of Denial", "Description": "" },
                { "ID": "70", "Name": "Is Dead Test Condition", "Description": "" },
                { "ID": "71", "Name": "Spell Power Boost", "Description": "" },
                { "ID": "75", "Name": "SFX: Green Blossom", "Description": "" },
                { "ID": "76", "Name": "Modify Rune Gain", "Description": "" },
                { "ID": "95", "Name": "Applies Chameleon effect", "Description": "" },
                { "ID": "96", "Name": "Applies Dragon Form effect", "Description": "" },
                { "ID": "98", "Name": "Multiplayer Detection", "Description": "" },
                { "ID": "99", "Name": "Multiplayer Wait for Cooperation", "Description": "" },
                { "ID": "100", "Name": "Multiplayer Cooperation", "Description": "" },
                { "ID": "101", "Name": "Multiplayer Cooperation Sent", "Description": "" },
                { "ID": "102", "Name": "Wax Slow Down", "Description": "" },
                { "ID": "103", "Name": "Used for Evil Eye effect", "Description": "" },
                { "ID": "104", "Name": "Multiplayer Wait for Cooperation", "Description": "" },
                { "ID": "105", "Name": "Multiplayer Cooperation LV 1", "Description": "" },
                { "ID": "106", "Name": "Multiplayer Cooperation LV 2", "Description": "" },
                { "ID": "107", "Name": "Multiplayer Cooperation LV 3", "Description": "" },
                { "ID": "108", "Name": "Used for Evil Eye effect (1)", "Description": "" },
                { "ID": "109", "Name": "Used for Evil Eye effect (2)", "Description": "" },
                { "ID": "110", "Name": "Counter Damage", "Description": "" },
                { "ID": "115", "Name": "Backstep Animation Change", "Description": "" },
                { "ID": "116", "Name": "Apply Status: Electric Discharge (Type 2)", "Description": "" },
                { "ID": "118", "Name": "Remove Status: Electric Discharge (Type 2)", "Description": "" },
                { "ID": "120", "Name": "Damage Level Change before Poise Break", "Description": "" },
                { "ID": "121", "Name": "Damage Level Change", "Description": "" },
                { "ID": "123", "Name": "Trigger on Roll (Head)", "Description": "" },
                { "ID": "124", "Name": "Trigger on Roll (Body)", "Description": "" },
                { "ID": "125", "Name": "Trigger on Roll (Hands)", "Description": "" },
                { "ID": "126", "Name": "Trigger on Roll (Legs)", "Description": "" },
                { "ID": "127", "Name": "Mimic Sleep", "Description": "" },
                { "ID": "128", "Name": "Mimic Sleep", "Description": "" },
                { "ID": "130", "Name": "Mimic Sleep", "Description": "" },
                { "ID": "131", "Name": "Mimic Sleep", "Description": "" },
                { "ID": "132", "Name": "Change Team Type", "Description": "" },
                { "ID": "133", "Name": "Enable Developer Messages", "Description": "" },
                { "ID": "134", "Name": "Iron Flesh", "Description": "" },
                { "ID": "135", "Name": "Mimic Sleep", "Description": "" },
                { "ID": "136", "Name": "Blight", "Description": "" },
                { "ID": "137", "Name": "ResonanceLvl 0", "Description": "" },
                { "ID": "138", "Name": "ResonanceLvl 1", "Description": "" },
                { "ID": "139", "Name": "ResonanceLvl 2", "Description": "" },
                { "ID": "140", "Name": "ResonanceLvl 3", "Description": "" },
                { "ID": "141", "Name": "ResonanceLvl 4", "Description": "" },
                { "ID": "142", "Name": "NPC Behavior ID Change", "Description": "" },
                { "ID": "143", "Name": "Character Respawn", "Description": "" },
                { "ID": "147", "Name": "Cast Light", "Description": "" },
                { "ID": "148", "Name": "Unknown", "Description": "" },
                { "ID": "149", "Name": "White Relief Magic", "Description": "" },
                { "ID": "150", "Name": "Black Relief Magic", "Description": "" },
                { "ID": "151", "Name": "SFX: Lightning Weapon Buff", "Description": "" },
                { "ID": "152", "Name": "Enable Attack Effect against Enemy", "Description": "" },
                { "ID": "153", "Name": "Enable Attack Effect against Player", "Description": "" },
                { "ID": "154", "Name": "Block Estus usage", "Description": "" },
                { "ID": "155", "Name": "Modify Poise", "Description": "" },
                { "ID": "157", "Name": "Transient Curse", "Description": "" },
                { "ID": "158", "Name": "SFX: Left-hand Buff", "Description": "" },
                { "ID": "159", "Name": "Destroy Accessory but Save Runes", "Description": "" },
                { "ID": "160", "Name": "Rare Ring of Sacrifice [DS1]", "Description": "" },
                { "ID": "161", "Name": "Warp to Grace", "Description": "" },
                { "ID": "162", "Name": "Warp to Grace", "Description": "" },
                { "ID": "163", "Name": "Warp to Grace", "Description": "" },
                { "ID": "164", "Name": "Warp to Grace", "Description": "" },
                { "ID": "165", "Name": "Warp to Grace", "Description": "" },
                { "ID": "166", "Name": "Pledge Discarded", "Description": "" },
                { "ID": "167", "Name": "Dragon Change VFX", "Description": "" },
                { "ID": "168", "Name": "Bow Distance Change", "Description": "" },
                { "ID": "170", "Name": "Karmic Justice Counter", "Description": "" },
                { "ID": "171", "Name": "Used for Behavior Change", "Description": "" },
                { "ID": "173", "Name": "Ritual", "Description": "" },
                { "ID": "174", "Name": "Power of Evil Spirits", "Description": "" },
                { "ID": "175", "Name": "Revival Production", "Description": "" },
                { "ID": "176", "Name": "Aural Decoy", "Description": "" },
                { "ID": "179", "Name": "DeathEffectLv1", "Description": "" },
                { "ID": "180", "Name": "DeathEffectLv2", "Description": "" },
                { "ID": "181", "Name": "DeathEffectLv3", "Description": "" },
                { "ID": "182", "Name": "DeathEffectLv4", "Description": "" },
                { "ID": "183", "Name": "BlueSignVisualization", "Description": "" },
                { "ID": "184", "Name": "Hide Weapon", "Description": "" },
                { "ID": "193", "Name": "Modify Effect Duration", "Description": "" },
                { "ID": "194", "Name": "CompareWith203", "Description": "" },
                { "ID": "196", "Name": "IfWorldChrManNull", "Description": "" },
                { "ID": "197", "Name": "Enhance Thrusting Counter Attacks", "Description": "" },
                { "ID": "198", "Name": "Cure Blight", "Description": "" },
                { "ID": "199", "Name": "Apply Kill Effect", "Description": "" },
                { "ID": "200", "Name": "Power Within VFX", "Description": "" },
                { "ID": "201", "Name": "VowOfSilenceVisual", "Description": "" },
                { "ID": "202", "Name": "Dragon Roar", "Description": "" },
                { "ID": "203", "Name": "CompareWith194", "Description": "" },
                { "ID": "204", "Name": "Great Magic Shield", "Description": "" },
                { "ID": "205", "Name": "Holy Weapon Buff VFX", "Description": "" },
                { "ID": "207", "Name": "Jailer HP Drain", "Description": "" },
                { "ID": "213", "Name": "Trigger on Enemy Backstab", "Description": "" },
                { "ID": "222", "Name": "ItemBan", "Description": "" },
                { "ID": "232", "Name": "DisableUseAtColiseum", "Description": "" },
                { "ID": "237", "Name": "Calamity Ring", "Description": "" },
                { "ID": "252", "Name": "Oil", "Description": "" },
                { "ID": "253", "Name": "Fire", "Description": "" },
                { "ID": "259", "Name": "Target Down", "Description": "" },
                { "ID": "260", "Name": "Apply Status: Uranium", "Description": "" },
                { "ID": "261", "Name": "Remove Effect If Torch In Hand", "Description": "" },
                { "ID": "262", "Name": "WormRecovery(Torch)", "Description": "" },
                { "ID": "264", "Name": "SetCultBool", "Description": "" },
                { "ID": "266", "Name": "FallDeathIsDisabled", "Description": "" },
                { "ID": "267", "Name": "AI Eye Angle", "Description": "" },
                { "ID": "270", "Name": "Follow and warp to player (Spirit Summon)", "Description": "" },
                { "ID": "275", "Name": "Player Behavior ID Change", "Description": "" },
                { "ID": "276", "Name": "Remove Status: Uranium", "Description": "" },
                { "ID": "277", "Name": "Trigger Great Rune", "Description": "" },
                { "ID": "278", "Name": "DisableSpellEffect", "Description": "" },
                { "ID": "280", "Name": "WatchdogTriggerForHost", "Description": "" },
                { "ID": "281", "Name": "WetSystemTrigger", "Description": "" },
                { "ID": "282", "Name": "NPC Correction for Coop", "Description": "" },
                { "ID": "283", "Name": "Tears of Denial Trigger", "Description": "" },
                { "ID": "284", "Name": "Heal Spell", "Description": "" },
                { "ID": "285", "Name": "Unknown", "Description": "" },
                { "ID": "286", "Name": "Weak Movement Slow", "Description": "" },
                { "ID": "287", "Name": "Strong Movement Slow", "Description": "" },
                { "ID": "288", "Name": "Trigger on Critical Hit (HP)", "Description": "" },
                { "ID": "289", "Name": "Trigger on Critical Hit (FP)", "Description": "" },
                { "ID": "290", "Name": "Extend Roll Invincibility", "Description": "" },
                { "ID": "291", "Name": "Grants roll invisibility", "Description": "" },
                { "ID": "292", "Name": "Repair", "Description": "" },
                { "ID": "293", "Name": "Change Durability", "Description": "" },
                { "ID": "297", "Name": "Not in Multiplayer Session", "Description": "" },
                { "ID": "298", "Name": "Trigger on Player Backstab", "Description": "" },
                { "ID": "299", "Name": "Enemies attack Invaders", "Description": "" },
                { "ID": "300", "Name": "Enemies attack Invaders", "Description": "" },
                { "ID": "301", "Name": "Remove All Lingering SpEffects", "Description": "" },
                { "ID": "302", "Name": "Warp to Grace", "Description": "" },
                { "ID": "303", "Name": "Add to Accumulator 1", "Description": "" },
                { "ID": "304", "Name": "Add to Accumulator 2", "Description": "" },
                { "ID": "305", "Name": "Add to Accumulator 3", "Description": "" },
                { "ID": "306", "Name": "Add to Accumulator 4", "Description": "" },
                { "ID": "307", "Name": "Add to Accumulator 5", "Description": "" },
                { "ID": "308", "Name": "Add to Accumulator 6", "Description": "" },
                { "ID": "309", "Name": "Add to Accumulator 7", "Description": "" },
                { "ID": "310", "Name": "Add to Accumulator 8", "Description": "" },
                { "ID": "311", "Name": "Add to Accumulator 9", "Description": "" },
                { "ID": "312", "Name": "Unknown", "Description": "" },
                { "ID": "313", "Name": "Seek Guidance", "Description": "" },
                { "ID": "314", "Name": "Add to All Active Accumulators", "Description": "" },
                { "ID": "315", "Name": "Scale Attack Power with Equip Load", "Description": "" },
                { "ID": "316", "Name": "CalcCorrectGraph_33", "Description": "" },
                { "ID": "317", "Name": "Revoke Online Penalty", "Description": "" },
                { "ID": "318", "Name": "Dead Again", "Description": "" },
                { "ID": "321", "Name": "Reverse Hollowing", "Description": "" },
                { "ID": "322", "Name": "ChrAsmStyle_HKS_LEFTHAND", "Description": "" },
                { "ID": "323", "Name": "ChrAsmStyle_HKS_RIGHTHAND", "Description": "" },
                { "ID": "325", "Name": "Wet Aspect Param", "Description": "" },
                { "ID": "326", "Name": "Switch Animation Gender", "Description": "" },
                { "ID": "327", "Name": "Ember", "Description": "" },
                { "ID": "328", "Name": "Change Durability", "Description": "" },
                { "ID": "329", "Name": "GetEstusCharge", "Description": "" },
                { "ID": "330", "Name": "Online Check Reset Event Flag 2100", "Description": "" },
                { "ID": "331", "Name": "AiParam1", "Description": "" },
                { "ID": "332", "Name": "AiParam_effect16189", "Description": "" },
                { "ID": "333", "Name": "Spell Enhance (+6 to ID)", "Description": "" },
                { "ID": "334", "Name": "Bullet Behavior ID Change", "Description": "" },
                { "ID": "335", "Name": "Trigger during Critical Hit", "Description": "" },
                { "ID": "1000", "Name": "SkipSpCategoryCheck1", "Description": "" },
                { "ID": "1001", "Name": "SkipSpCategoryCheck2", "Description": "" },
                { "ID": "1002", "Name": "Unknown", "Description": "" },
                { "ID": "1003", "Name": "Unknown", "Description": "" },
                { "ID": "1005", "Name": "Unknown", "Description": "" },
                { "ID": "1006", "Name": "Unknown", "Description": "" },
                { "ID": "1007", "Name": "Unknown", "Description": "" },
                { "ID": "1008", "Name": "Unknown", "Description": "" },
                { "ID": "1010", "Name": "Unknown", "Description": "" },
                { "ID": "1100", "Name": "Unknown", "Description": "" },
                { "ID": "1500", "Name": "Unknown", "Description": "" },
                { "ID": "1501", "Name": "Unknown", "Description": "" },
                { "ID": "1502", "Name": "Unknown", "Description": "" },
                { "ID": "2000", "Name": "Unknown", "Description": "" },
                { "ID": "2030", "Name": "Unknown", "Description": "" },
                { "ID": "2040", "Name": "Unknown", "Description": "" },
                { "ID": "2050", "Name": "Unknown", "Description": "" },
                { "ID": "2060", "Name": "Unknown", "Description": "" },
                { "ID": "2070", "Name": "Unknown", "Description": "" },
                { "ID": "2080", "Name": "Unknown", "Description": "" },
                { "ID": "2090", "Name": "Unknown", "Description": "" }
            ]
        }
    ]
}