{
    "exeName": "armoredcore6.exe",
    "list": [
        {
            "exeVersion": "1.6.0",
            
            "paramBaseAob": "0x45,0x8b,0xf9,0x41,0x8b,0xf8,0x0f,0xb6,0xea,0x4c,0x8b,0xf1,0x33,0xdb,0x45,0x85,0xc0,0x0f,0x??,0x??,0x??,0x??,0x??,0x48,0x8b,0x35,0x??,0x??,0x??,0x??",
            "paramBaseAobRelativeOffset": "0x1a/0x1e",
            "paramBase": "0x4DD2670",
            "paramInnerPath": "0x80/0x80",
            "paramCountOffset": "0xA",
            "paramDataOffset": "0x40",
            "rowPointerOffset": "0x8",
            "rowHeaderSize": "0x18",
            
            "paramOffsets": [
                "EquipParamWeapon:0x88",
                "EquipParamWeapon_Npc:0xD0",
                "EquipParamProtector:0x118",
                "EquipParamAccessory:0x160",
                "EquipParamGoods:0x1A8",
                "ReinforceParamWeapon:0x1F0",
                "ReinforceParamProtector:0x238",
                "NpcParam:0x280",
                "NpcPartsParam:0x2C8",
                "NpcTransformParam:0x310",
                "NpcEquipPartsParam:0x358",
                "AtkParam_Npc:0x3A0",
                "AtkParam_Pc:0x3E8",
                "NpcThinkParam:0x748",
                "Bullet:0x790",
                "Bullet_Npc:0x7D8",
                "BehaviorParam:0x820",
                "BehaviorParam_PC:0x868",
                "Magic:0x8B0",
                "SpEffectParam:0x8F8",
                "SpEffectVfxParam:0x940",
                "TalkParam:0x988",
                "MenuInputGestureParam:0x9D0",
                "MenuColorTableParam:0xA18",
                "ItemLotParam:0xA60",
                "CharaInitParam:0xAA8",
                "PlayerColoringPresetParam:0xAF0",
                "EquipMtrlSetParam:0xB38",
                "RagdollParam:0xB80",
                "ShopLineupParam:0xBC8",
                "EquipmentLineupParam:0xC10",
                "GameAreaParam:0xC58",
                "CalcCorrectGraph:0xCA0",
                "LockCamParam:0xCE8",
                "ObjActParam:0xD30",
                "HitMtrlParam:0xD78",
                "KnockBackParam:0xDC0",
                "DecalParam:0xE08",
                "ActionButtonParam:0xE50",
                "AiSoundParam:0xE98",
                "PlayRegionParam:0xEE0",
                "NetworkParam:0xF28",
                "BudgetParam:0xF70",
                "BonfireWarpParam:0xFB8",
                "MenuPropertySpecParam:0x1000",
                "MenuPropertyLayoutParam:0x1048",
                "MenuValueTableParam:0x1090",
                "HitEffectSfxConceptParam:0x10D8",
                "HitEffectSfxParam:0x1120",
                "WepAbsorpPosParam:0x1168",
                "SeMaterialConvertParam:0x11B0",
                "DirectionCameraParam:0x1240",
                "ThrowParam:0x1288",
                "GrassTypeParam:0x12D0",
                "GrassLodRangeParam:0x1318",
                "NpcAiActionParam:0x1360",
                "PartsDrawParam:0x13A8",
                "AssetEnvironmentGeometryParam:0x13F0",
                "AssetModelSfxParam:0x1438",
                "AssetMaterialSfxParam:0x1480",
                "FootSfxParam:0x14C8",
                "MaterialExParam:0x1510",
                "MovementAcTypeParam:0x1558",
                "MovementRideObjParam:0x15A0",
                "MovementFlyEnemyParam:0x15E8",
                "MovementEnemyTypeParam:0x1630",
                "ChrActTurnParam_Npc:0x1678",
                "ChrActTurnParam:0x16C0",
                "LookAtParam_Npc:0x1708",
                "LookAtParam:0x1750",
                "BoostParam:0x1798",
                "InteractiveSmokeParam:0x17E0",
                "RoleParam:0x1828",
                "NetworkMsgParam:0x1870",
                "GraphicsParam:0x18B8",
                "GraphicsConfig:0x1900",
                "GraphicsConfig_TextureFilterQuality_win64:0x1948",
                "GraphicsConfig_AAQuality_win64:0x1990",
                "GraphicsConfig_SSAOQuality_win64:0x19D8",
                "GraphicsConfig_DOFQuality_win64:0x1A20",
                "GraphicsConfig_MotionBlurQuality_win64:0x1A68",
                "GraphicsConfig_ShadowQuality_win64:0x1AB0",
                "GraphicsConfig_LightingQuality_win64:0x1AF8",
                "GraphicsConfig_EffectQuality_win64:0x1B40",
                "GraphicsConfig_DecalQuality_win64:0x1B88",
                "GraphicsConfig_ReflectionQuality_win64:0x1BD0",
                "GraphicsConfig_WaterQuality_win64:0x1C18",
                "GraphicsConfig_ShaderQuality_win64:0x1C60",
                "GraphicsConfig_VolumetricEffectQuality_win64:0x1CA8",
                "SoundParam:0x1CF0",
                "MenuParam:0x1D38",
                "GameSystemParam:0x1D80",
                "EnemyCommonParam:0x1DC8",
                "TentativePlayerParam:0x1E10",
                "BulletCreateLimitParam:0x1E58",
                "RigidBodyParam:0x1EA0",
                "MenuOffscrRendParam:0x1EE8",
                "MenuPartsModelRendParam:0x1F30",
                "WetAspectParam:0x1F78",
                "KnowledgeLoadScreenItemParam:0x1FC0",
                "PathFindCostParam:0x2008",
                "SubWindowCamParam:0x2050",
                "ReTargetAnimSetParam:0x2098",
                "ShootReboundParam:0x20E0",
                "LookAtSpineParam:0x2128",
                "HandIKParam:0x2170",
                "FootIKSetupParam:0x21B8",
                "FootIKParam:0x2200",
                "ChrHitMaterialCheckParam:0x2248",
                "BladeHomingParam:0x2290",
                "BuoyancyParam:0x22D8",
                "Zoomblur:0x2320",
                "Depthline:0x2368",
                "MenuFilter:0x23B0",
                "AtkOperationPartsParam:0x23F8",
                "AtkNpcOperationPartsParam:0x2440",
                "MapPartsParam:0x2488",
                "JigglerBaseParam:0x24D0",
                "JigglerBehaviorParam:0x2518",
                "JigglerBehaviorSlideParam:0x2560",
                "JigglerBehaviorWorldFixParam:0x25A8",
                "JigglerBehaviorTargetBoneRateParam:0x25F0",
                "WorldMapLegacyConvParam:0x2638",
                "ChrModelParam:0x2680",
                "LoadBalancerParam:0x26C8",
                "LoadBalancerDrawDistScaleParam:0x2710",
                "LoadBalancerNewDrawDistScaleParam_win64:0x27A0",
                "FeFreeDialogParam:0x2830",
                "AttachObj_Pc:0x2878",
                "AttachObj_Npc:0x28C0",
                "LookAtHeadParam:0x2908",
                "MissionParam:0x2950",
                "ShieldParam_Pc:0x2998",
                "ShieldParam_Npc:0x29E0",
                "BehaviorChangeStateMatrixParam:0x2A28",
                "MapGimmickParam:0x2A70",
                "DamageLevelConvParam:0x2AB8",
                "AnimMoveCorrectionParam:0x2B00",
                "PlayerMaterialPresetParam:0x2B48",
                "PlayerWeatheringTexPresetParam:0x2B90",
                "PlayerCamouflagePattern:0x2BD8",
                "TankBaseParam:0x2C20",
                "TankWheelParam:0x2C68",
                "TankArmourParam:0x2CB0",
                "TankWheelModelParam:0x2CF8",
                "EmblemPieceSpec:0x2D40",
                "PresetEmblemSpec:0x2D88",
                "FeTextEffectParam:0x2DD0",
                "DefaultKeyAssignParam:0x2E18",
                "DefaultKeyAssignParam01:0x2E60",
                "DefaultKeyAssignParam02:0x2EA8",
                "MailParam:0x2EF0",
                "ArchiveParam:0x2F38",
                "TutorialParam:0x2F80",
                "TutorialActJudgeParam:0x2FC8",
                "MiniAreaParam:0x3010",
                "AttackActionParam_NPC:0x3058",
                "AttackActionParam_PC:0x30A0",
                "EquipParamBooster:0x30E8",
                "EquipParamGenerator:0x3130",
                "EquipParamFcs:0x3178",
                "ENAutoRecoveryControlParam:0x31C0",
                "ThrustersParam_NPC:0x3208",
                "ThrustersParam_PC:0x3250",
                "ThrustersLocomotionParam_PC:0x3298",
                "ThrustersSfxIdParam_NPC:0x32E0",
                "ThrustersSfxIdParam_PC:0x3328",
                "GeneratorTypeSfxIdRplace_PC:0x3370",
                "DamageLevelConvThresholdParam:0x33B8",
                "PadRumble:0x3400",
                "MultiPlayCorrectionParam:0x3448",
                "KeyAssignDisplayParam:0x3490",
                "CoolTimeParam:0x34D8",
                "WhiteSignCoolTimeParam:0x3520",
                "EquipmentMenuManageCategoryParam:0x3568",
                "CylinderParam:0x35B0",
                "CompanyContributePointParam:0x35F8",
                "GarageCameraAnimParam:0x3640",
                "MissionSystemMsgCommonParam:0x3688",
                "MissionSystemMsgAnswerParam:0x36D0",
                "NpcSystemMsgParam:0x3718",
                "MapDefaultInfoParam:0x3760",
                "GarageCutsceneParam:0x37A8",
                "PartsBreakParam:0x37F0",
                "PartsBreakLotteryParam:0x3838",
                "AccountParam:0x3880",
                "ArenaParam:0x38C8",
                "NpcArenaGameEffectParam:0x3910",
                "OsReinforce:0x3958",
                "OsReinforcePoint:0x39A0",
                "PartsTokenParam:0x39E8",
                "MercenaryRankTable:0x3A30",
                "ChrProxyPhysicsParam:0x3A78",
                "CartridgeBehaviorParam:0x3AC0",
                "NamePlateParam:0x3B08",
                "BulletShotgunParam_PC:0x3B50",
                "BulletShotgunParam_NPC:0x3B98",
                "SfxModelParam:0x3BE0",
                "JumpSpecifyAltParam:0x3C28",
                "BladeHomingAngSpeedParam:0x3C70",
                "BladeHomingAutoCancelEnableParam:0x3CB8",
                "MenuBehaviorParam:0x3D00",
                "MessageBoxParam:0x3D48",
                "MenuErrorHandlingParam:0x3D90",
                "UnlockParam_EmblemPiece:0x3DD8",
                "UnlockParam_DecalImage:0x3E20",
                "UnlockParam_MenuCommand:0x3E68",
                "UnlockParam_NpAcArena:0x3EB0",
                "UnlockParam_Equipment:0x3EF8",
                "UnlockParam_Trophy:0x3F40",
                "UnlockParam_OsPoint:0x3F88",
                "UnlockParam_Archive_Logs:0x3FD0",
                "UnlockParam_Archive_Tips:0x4018",
                "UnlockParam_NamePlate_Solo:0x4060",
                "UnlockParam_NamePlate_Team:0x40A8",
                "UnlockParam_DLC:0x40F0",
                "WwiseValueToStrParam_Switch_Material:0x4138",
                "WwiseValueToStrParam_Switch_BGMStatus:0x4180",
                "WwiseValueToStrParam_Switch_Weapon_Type:0x41C8",
                "WwiseValueToStrParam_Switch_BulletGenerateType:0x4210",
                "WwiseValueToStrParam_Switch_ShootSeCategory:0x4258",
                "WwiseValueToStrParam_Switch_WeaponAtkAttribute:0x42A0",
                "WwiseValueToStrParam_Switch_WeaponMaterial:0x42E8",
                "WwiseValueToStrParam_Switch_AttackPowerType:0x4330",
                "WwiseValueToStrParam_Switch_DestroyedSeType:0x4378",
                "WwiseValueToStrParam_Switch_GeneratorType:0x43C0",
                "WwiseValueToStrParam_ReverbAuxBusType:0x4408",
                "WwiseValueToStrParam_ReflectAuxBusType:0x4450",
                "WwiseValueToStrParam_ReflectTextureType:0x4498",
                "WwiseValueToStrParam_RuntimeReflectTextureType:0x44E0",
                "SoundIDSpatialSetting:0x4528",
                "SoundAutoReverbEvaluationDistParam:0x4570",
                "SoundAutoReverbSelectParam:0x45B8",
                "SoundCutsceneParam:0x4600",
                "SoundVoiceBankLoad:0x4648",
                "RuntimeSoundParam_Npc:0x4690",
                "RuntimeSoundExpressionParam_Npc:0x4720",
                "RuntimeSoundParam_Pc:0x46D8",
                "RuntimeSoundExpressionParam_Pc:0x4768",
                "CutsceneGparamWeatherParam:0x47B0",
                "CutsceneGparamTimeParam:0x47F8",
                "CutsceneTimezoneConvertParam:0x4840",
                "CutsceneReplaceSfxParam:0x4888",
                "CutsceneMapIdParam:0x48D0",
                "NpcMaterialParam:0x4918",
                "MapAreaParam:0x4960",
                "SkydomeAssetParam:0x49A8",
                "AssetTranscriptionParam:0x49F0",
                "GraphicsConfig_RaytracingQuality_win64:0x4A38",
                "AutoAssembleEvaluate:0x4A40",
                "KeyAssignMenuItemParam:0x4A48",
                "LoadBalancerDrawDistScaleParam_ps4:0x4A50",
                "LoadBalancerDrawDistScaleParam_ps5:0x4A58",
                "LoadBalancerDrawDistScaleParam_xb1:0x4A60",
                "LoadBalancerDrawDistScaleParam_xb1x:0x4A68",
                "LoadBalancerDrawDistScaleParam_xss:0x4A70"
            ],
            
            "itemGibOffsets": [
            ]
        },
        {
            "exeVersion": "1.5.0",
            
            "paramBaseAob": "0x48,0x8B,0x0D,0x??,0x??,0x??,0x??,0x48,0x85,0xC9,0x0F,0x84,0x??,0x??,0x??,0x??,0x45,0x33,0xC0,0xBA,0x??,0x??,0x00,0x00",
            "paramBaseAobRelativeOffset": "0x03/0x07",
            "paramBase": "0x4DD2670",
            "paramInnerPath": "0x80/0x80",
            "paramCountOffset": "0xA",
            "paramDataOffset": "0x40",
            "rowPointerOffset": "0x8",
            "rowHeaderSize": "0x18",
            
            "paramOffsets": [
                "EquipParamWeapon:0x88",
                "EquipParamWeapon_Npc:0xD0",
                "EquipParamProtector:0x118",
                "EquipParamAccessory:0x160",
                "EquipParamGoods:0x1A8",
                "ReinforceParamWeapon:0x1F0",
                "ReinforceParamProtector:0x238",
                "NpcParam:0x280",
                "NpcPartsParam:0x2C8",
                "NpcTransformParam:0x310",
                "NpcEquipPartsParam:0x358",
                "AtkParam_Npc:0x3A0",
                "AtkParam_Pc:0x3E8",
                "NpcThinkParam:0x748",
                "Bullet:0x790",
                "Bullet_Npc:0x7D8",
                "BehaviorParam:0x820",
                "BehaviorParam_PC:0x868",
                "Magic:0x8B0",
                "SpEffectParam:0x8F8",
                "SpEffectVfxParam:0x940",
                "TalkParam:0x988",
                "MenuInputGestureParam:0x9D0",
                "MenuColorTableParam:0xA18",
                "ItemLotParam:0xA60",
                "CharaInitParam:0xAA8",
                "PlayerColoringPresetParam:0xAF0",
                "EquipMtrlSetParam:0xB38",
                "RagdollParam:0xB80",
                "ShopLineupParam:0xBC8",
                "EquipmentLineupParam:0xC10",
                "GameAreaParam:0xC58",
                "CalcCorrectGraph:0xCA0",
                "LockCamParam:0xCE8",
                "ObjActParam:0xD30",
                "HitMtrlParam:0xD78",
                "KnockBackParam:0xDC0",
                "DecalParam:0xE08",
                "ActionButtonParam:0xE50",
                "AiSoundParam:0xE98",
                "PlayRegionParam:0xEE0",
                "NetworkParam:0xF28",
                "BudgetParam:0xF70",
                "BonfireWarpParam:0xFB8",
                "MenuPropertySpecParam:0x1000",
                "MenuPropertyLayoutParam:0x1048",
                "MenuValueTableParam:0x1090",
                "HitEffectSfxConceptParam:0x10D8",
                "HitEffectSfxParam:0x1120",
                "WepAbsorpPosParam:0x1168",
                "SeMaterialConvertParam:0x11B0",
                "DirectionCameraParam:0x1240",
                "ThrowParam:0x1288",
                "GrassTypeParam:0x12D0",
                "GrassLodRangeParam:0x1318",
                "NpcAiActionParam:0x1360",
                "PartsDrawParam:0x13A8",
                "AssetEnvironmentGeometryParam:0x13F0",
                "AssetModelSfxParam:0x1438",
                "AssetMaterialSfxParam:0x1480",
                "FootSfxParam:0x14C8",
                "MaterialExParam:0x1510",
                "MovementAcTypeParam:0x1558",
                "MovementRideObjParam:0x15A0",
                "MovementFlyEnemyParam:0x15E8",
                "MovementEnemyTypeParam:0x1630",
                "ChrActTurnParam_Npc:0x1678",
                "ChrActTurnParam:0x16C0",
                "LookAtParam_Npc:0x1708",
                "LookAtParam:0x1750",
                "BoostParam:0x1798",
                "InteractiveSmokeParam:0x17E0",
                "RoleParam:0x1828",
                "NetworkMsgParam:0x1870",
                "GraphicsParam:0x18B8",
                "GraphicsConfig:0x1900",
                "GraphicsConfig_TextureFilterQuality_win64:0x1948",
                "GraphicsConfig_AAQuality_win64:0x1990",
                "GraphicsConfig_SSAOQuality_win64:0x19D8",
                "GraphicsConfig_DOFQuality_win64:0x1A20",
                "GraphicsConfig_MotionBlurQuality_win64:0x1A68",
                "GraphicsConfig_ShadowQuality_win64:0x1AB0",
                "GraphicsConfig_LightingQuality_win64:0x1AF8",
                "GraphicsConfig_EffectQuality_win64:0x1B40",
                "GraphicsConfig_DecalQuality_win64:0x1B88",
                "GraphicsConfig_ReflectionQuality_win64:0x1BD0",
                "GraphicsConfig_WaterQuality_win64:0x1C18",
                "GraphicsConfig_ShaderQuality_win64:0x1C60",
                "GraphicsConfig_VolumetricEffectQuality_win64:0x1CA8",
                "SoundParam:0x1CF0",
                "MenuParam:0x1D38",
                "GameSystemParam:0x1D80",
                "EnemyCommonParam:0x1DC8",
                "TentativePlayerParam:0x1E10",
                "BulletCreateLimitParam:0x1E58",
                "RigidBodyParam:0x1EA0",
                "MenuOffscrRendParam:0x1EE8",
                "MenuPartsModelRendParam:0x1F30",
                "WetAspectParam:0x1F78",
                "KnowledgeLoadScreenItemParam:0x1FC0",
                "PathFindCostParam:0x2008",
                "SubWindowCamParam:0x2050",
                "ReTargetAnimSetParam:0x2098",
                "ShootReboundParam:0x20E0",
                "LookAtSpineParam:0x2128",
                "HandIKParam:0x2170",
                "FootIKSetupParam:0x21B8",
                "FootIKParam:0x2200",
                "ChrHitMaterialCheckParam:0x2248",
                "BladeHomingParam:0x2290",
                "BuoyancyParam:0x22D8",
                "Zoomblur:0x2320",
                "Depthline:0x2368",
                "MenuFilter:0x23B0",
                "AtkOperationPartsParam:0x23F8",
                "AtkNpcOperationPartsParam:0x2440",
                "MapPartsParam:0x2488",
                "JigglerBaseParam:0x24D0",
                "JigglerBehaviorParam:0x2518",
                "JigglerBehaviorSlideParam:0x2560",
                "JigglerBehaviorWorldFixParam:0x25A8",
                "JigglerBehaviorTargetBoneRateParam:0x25F0",
                "WorldMapLegacyConvParam:0x2638",
                "ChrModelParam:0x2680",
                "LoadBalancerParam:0x26C8",
                "LoadBalancerDrawDistScaleParam:0x2710",
                "LoadBalancerNewDrawDistScaleParam_win64:0x27A0",
                "FeFreeDialogParam:0x2830",
                "AttachObj_Pc:0x2878",
                "AttachObj_Npc:0x28C0",
                "LookAtHeadParam:0x2908",
                "MissionParam:0x2950",
                "ShieldParam_Pc:0x2998",
                "ShieldParam_Npc:0x29E0",
                "BehaviorChangeStateMatrixParam:0x2A28",
                "MapGimmickParam:0x2A70",
                "DamageLevelConvParam:0x2AB8",
                "AnimMoveCorrectionParam:0x2B00",
                "PlayerMaterialPresetParam:0x2B48",
                "PlayerWeatheringTexPresetParam:0x2B90",
                "PlayerCamouflagePattern:0x2BD8",
                "TankBaseParam:0x2C20",
                "TankWheelParam:0x2C68",
                "TankArmourParam:0x2CB0",
                "TankWheelModelParam:0x2CF8",
                "EmblemPieceSpec:0x2D40",
                "PresetEmblemSpec:0x2D88",
                "FeTextEffectParam:0x2DD0",
                "DefaultKeyAssignParam:0x2E18",
                "DefaultKeyAssignParam01:0x2E60",
                "DefaultKeyAssignParam02:0x2EA8",
                "MailParam:0x2EF0",
                "ArchiveParam:0x2F38",
                "TutorialParam:0x2F80",
                "TutorialActJudgeParam:0x2FC8",
                "MiniAreaParam:0x3010",
                "AttackActionParam_NPC:0x3058",
                "AttackActionParam_PC:0x30A0",
                "EquipParamBooster:0x30E8",
                "EquipParamGenerator:0x3130",
                "EquipParamFcs:0x3178",
                "ENAutoRecoveryControlParam:0x31C0",
                "ThrustersParam_NPC:0x3208",
                "ThrustersParam_PC:0x3250",
                "ThrustersLocomotionParam_PC:0x3298",
                "ThrustersSfxIdParam_NPC:0x32E0",
                "ThrustersSfxIdParam_PC:0x3328",
                "GeneratorTypeSfxIdRplace_PC:0x3370",
                "DamageLevelConvThresholdParam:0x33B8",
                "PadRumble:0x3400",
                "MultiPlayCorrectionParam:0x3448",
                "KeyAssignDisplayParam:0x3490",
                "CoolTimeParam:0x34D8",
                "WhiteSignCoolTimeParam:0x3520",
                "EquipmentMenuManageCategoryParam:0x3568",
                "CylinderParam:0x35B0",
                "CompanyContributePointParam:0x35F8",
                "GarageCameraAnimParam:0x3640",
                "MissionSystemMsgCommonParam:0x3688",
                "MissionSystemMsgAnswerParam:0x36D0",
                "NpcSystemMsgParam:0x3718",
                "MapDefaultInfoParam:0x3760",
                "GarageCutsceneParam:0x37A8",
                "PartsBreakParam:0x37F0",
                "PartsBreakLotteryParam:0x3838",
                "AccountParam:0x3880",
                "ArenaParam:0x38C8",
                "NpcArenaGameEffectParam:0x3910",
                "OsReinforce:0x3958",
                "OsReinforcePoint:0x39A0",
                "PartsTokenParam:0x39E8",
                "MercenaryRankTable:0x3A30",
                "ChrProxyPhysicsParam:0x3A78",
                "CartridgeBehaviorParam:0x3AC0",
                "NamePlateParam:0x3B08",
                "BulletShotgunParam_PC:0x3B50",
                "BulletShotgunParam_NPC:0x3B98",
                "SfxModelParam:0x3BE0",
                "JumpSpecifyAltParam:0x3C28",
                "BladeHomingAngSpeedParam:0x3C70",
                "BladeHomingAutoCancelEnableParam:0x3CB8",
                "MenuBehaviorParam:0x3D00",
                "MessageBoxParam:0x3D48",
                "MenuErrorHandlingParam:0x3D90",
                "UnlockParam_EmblemPiece:0x3DD8",
                "UnlockParam_DecalImage:0x3E20",
                "UnlockParam_MenuCommand:0x3E68",
                "UnlockParam_NpAcArena:0x3EB0",
                "UnlockParam_Equipment:0x3EF8",
                "UnlockParam_Trophy:0x3F40",
                "UnlockParam_OsPoint:0x3F88",
                "UnlockParam_Archive_Logs:0x3FD0",
                "UnlockParam_Archive_Tips:0x4018",
                "UnlockParam_NamePlate_Solo:0x4060",
                "UnlockParam_NamePlate_Team:0x40A8",
                "UnlockParam_DLC:0x40F0",
                "WwiseValueToStrParam_Switch_Material:0x4138",
                "WwiseValueToStrParam_Switch_BGMStatus:0x4180",
                "WwiseValueToStrParam_Switch_Weapon_Type:0x41C8",
                "WwiseValueToStrParam_Switch_BulletGenerateType:0x4210",
                "WwiseValueToStrParam_Switch_ShootSeCategory:0x4258",
                "WwiseValueToStrParam_Switch_WeaponAtkAttribute:0x42A0",
                "WwiseValueToStrParam_Switch_WeaponMaterial:0x42E8",
                "WwiseValueToStrParam_Switch_AttackPowerType:0x4330",
                "WwiseValueToStrParam_Switch_DestroyedSeType:0x4378",
                "WwiseValueToStrParam_Switch_GeneratorType:0x43C0",
                "WwiseValueToStrParam_ReverbAuxBusType:0x4408",
                "WwiseValueToStrParam_ReflectAuxBusType:0x4450",
                "WwiseValueToStrParam_ReflectTextureType:0x4498",
                "WwiseValueToStrParam_RuntimeReflectTextureType:0x44E0",
                "SoundIDSpatialSetting:0x4528",
                "SoundAutoReverbEvaluationDistParam:0x4570",
                "SoundAutoReverbSelectParam:0x45B8",
                "SoundCutsceneParam:0x4600",
                "SoundVoiceBankLoad:0x4648",
                "RuntimeSoundParam_Npc:0x4690",
                "RuntimeSoundExpressionParam_Npc:0x4720",
                "RuntimeSoundParam_Pc:0x46D8",
                "RuntimeSoundExpressionParam_Pc:0x4768",
                "CutsceneGparamWeatherParam:0x47B0",
                "CutsceneGparamTimeParam:0x47F8",
                "CutsceneTimezoneConvertParam:0x4840",
                "CutsceneReplaceSfxParam:0x4888",
                "CutsceneMapIdParam:0x48D0",
                "NpcMaterialParam:0x4918",
                "MapAreaParam:0x4960",
                "SkydomeAssetParam:0x49A8",
                "AssetTranscriptionParam:0x49F0",
                "GraphicsConfig_RaytracingQuality_win64:0x4A38",
                "AutoAssembleEvaluate:0x4A40",
                "KeyAssignMenuItemParam:0x4A48",
                "LoadBalancerDrawDistScaleParam_ps4:0x4A50",
                "LoadBalancerDrawDistScaleParam_ps5:0x4A58",
                "LoadBalancerDrawDistScaleParam_xb1:0x4A60",
                "LoadBalancerDrawDistScaleParam_xb1x:0x4A68",
                "LoadBalancerDrawDistScaleParam_xss:0x4A70"
            ],
            
            "itemGibOffsets": [
            ]
        }
    ]
}
